Timing Analyzer report for top
Mon May 25 21:23:30 2026
Quartus Prime Version 25.1std.0 Build 1129 10/21/2025 SC Lite Edition


---------------------
; Table of Contents ;
---------------------
  1. Legal Notice
  2. Timing Analyzer Summary
  3. Parallel Compilation
  4. Clocks
  5. Slow 1200mV 85C Model Fmax Summary
  6. Timing Closure Recommendations
  7. Slow 1200mV 85C Model Setup Summary
  8. Slow 1200mV 85C Model Hold Summary
  9. Slow 1200mV 85C Model Recovery Summary
 10. Slow 1200mV 85C Model Removal Summary
 11. Slow 1200mV 85C Model Minimum Pulse Width Summary
 12. Slow 1200mV 85C Model Setup: 'mi_pll|altpll_inst|auto_generated|pll1|clk[0]'
 13. Slow 1200mV 85C Model Hold: 'mi_pll|altpll_inst|auto_generated|pll1|clk[0]'
 14. Slow 1200mV 85C Model Metastability Summary
 15. Slow 1200mV 0C Model Fmax Summary
 16. Slow 1200mV 0C Model Setup Summary
 17. Slow 1200mV 0C Model Hold Summary
 18. Slow 1200mV 0C Model Recovery Summary
 19. Slow 1200mV 0C Model Removal Summary
 20. Slow 1200mV 0C Model Minimum Pulse Width Summary
 21. Slow 1200mV 0C Model Setup: 'mi_pll|altpll_inst|auto_generated|pll1|clk[0]'
 22. Slow 1200mV 0C Model Hold: 'mi_pll|altpll_inst|auto_generated|pll1|clk[0]'
 23. Slow 1200mV 0C Model Metastability Summary
 24. Fast 1200mV 0C Model Setup Summary
 25. Fast 1200mV 0C Model Hold Summary
 26. Fast 1200mV 0C Model Recovery Summary
 27. Fast 1200mV 0C Model Removal Summary
 28. Fast 1200mV 0C Model Minimum Pulse Width Summary
 29. Fast 1200mV 0C Model Setup: 'mi_pll|altpll_inst|auto_generated|pll1|clk[0]'
 30. Fast 1200mV 0C Model Hold: 'mi_pll|altpll_inst|auto_generated|pll1|clk[0]'
 31. Fast 1200mV 0C Model Metastability Summary
 32. Multicorner Timing Analysis Summary
 33. Board Trace Model Assignments
 34. Input Transition Times
 35. Signal Integrity Metrics (Slow 1200mv 0c Model)
 36. Signal Integrity Metrics (Slow 1200mv 85c Model)
 37. Signal Integrity Metrics (Fast 1200mv 0c Model)
 38. Setup Transfers
 39. Hold Transfers
 40. Report TCCS
 41. Report RSKM
 42. Unconstrained Paths Summary
 43. Clock Status Summary
 44. Unconstrained Input Ports
 45. Unconstrained Output Ports
 46. Unconstrained Input Ports
 47. Unconstrained Output Ports
 48. Timing Analyzer Messages



----------------
; Legal Notice ;
----------------
Copyright (C) 2025  Altera Corporation. All rights reserved.
Your use of Altera Corporation's design tools, logic functions 
and other software and tools, and any partner logic 
functions, and any output files from any of the foregoing 
(including device programming or simulation files), and any 
associated documentation or information are expressly subject 
to the terms and conditions of the Altera Program License 
Subscription Agreement, the Altera Quartus Prime License Agreement,
the Altera IP License Agreement, or other applicable license
agreement, including, without limitation, that your use is for
the sole purpose of programming logic devices manufactured by
Altera and sold by Altera or its authorized distributors.  Please
refer to the Altera Software License Subscription Agreements 
on the Quartus Prime software download page.



+---------------------------------------------------------------------------------+
; Timing Analyzer Summary                                                         ;
+-----------------------+---------------------------------------------------------+
; Quartus Prime Version ; Version 25.1std.0 Build 1129 10/21/2025 SC Lite Edition ;
; Timing Analyzer       ; Legacy Timing Analyzer                                  ;
; Revision Name         ; top                                                     ;
; Device Family         ; Cyclone IV E                                            ;
; Device Name           ; EP4CE10E22C8                                            ;
; Timing Models         ; Final                                                   ;
; Delay Model           ; Combined                                                ;
; Rise/Fall Delays      ; Enabled                                                 ;
+-----------------------+---------------------------------------------------------+


+------------------------------------------+
; Parallel Compilation                     ;
+----------------------------+-------------+
; Processors                 ; Number      ;
+----------------------------+-------------+
; Number detected on machine ; 12          ;
; Maximum allowed            ; 6           ;
;                            ;             ;
; Average used               ; 1.10        ;
; Maximum used               ; 6           ;
;                            ;             ;
; Usage by Processor         ; % Time Used ;
;     Processor 1            ; 100.0%      ;
;     Processor 2            ;   4.2%      ;
;     Processor 3            ;   1.4%      ;
;     Processors 4-6         ;   1.4%      ;
+----------------------------+-------------+


+------------------------------------------------------------------------------------------------------------------------------------------------------------------------------------------------------------------------------------------------------------------------------------------------------------+
; Clocks                                                                                                                                                                                                                                                                                                     ;
+-----------------------------------------------+-----------+--------+-----------+-------+--------+------------+-----------+-------------+-------+--------+-----------+------------+----------+--------+-------------------------------------------------+---------------------------------------------------+
; Clock Name                                    ; Type      ; Period ; Frequency ; Rise  ; Fall   ; Duty Cycle ; Divide by ; Multiply by ; Phase ; Offset ; Edge List ; Edge Shift ; Inverted ; Master ; Source                                          ; Targets                                           ;
+-----------------------------------------------+-----------+--------+-----------+-------+--------+------------+-----------+-------------+-------+--------+-----------+------------+----------+--------+-------------------------------------------------+---------------------------------------------------+
; clk                                           ; Base      ; 20.000 ; 50.0 MHz  ; 0.000 ; 10.000 ;            ;           ;             ;       ;        ;           ;            ;          ;        ;                                                 ; { clk }                                           ;
; mi_pll|altpll_inst|auto_generated|pll1|clk[0] ; Generated ; 40.000 ; 25.0 MHz  ; 0.000 ; 20.000 ; 50.00      ; 2         ; 1           ;       ;        ;           ;            ; false    ; clk    ; mi_pll|altpll_inst|auto_generated|pll1|inclk[0] ; { mi_pll|altpll_inst|auto_generated|pll1|clk[0] } ;
+-----------------------------------------------+-----------+--------+-----------+-------+--------+------------+-----------+-------------+-------+--------+-----------+------------+----------+--------+-------------------------------------------------+---------------------------------------------------+


+------------------------------------------------------------------------------------+
; Slow 1200mV 85C Model Fmax Summary                                                 ;
+-----------+-----------------+-----------------------------------------------+------+
; Fmax      ; Restricted Fmax ; Clock Name                                    ; Note ;
+-----------+-----------------+-----------------------------------------------+------+
; 68.48 MHz ; 68.48 MHz       ; mi_pll|altpll_inst|auto_generated|pll1|clk[0] ;      ;
+-----------+-----------------+-----------------------------------------------+------+
This panel reports FMAX for every clock in the design, regardless of the user-specified clock periods.  FMAX is only computed for paths where the source and destination registers or ports are driven by the same clock.  Paths of different clocks, including generated clocks, are ignored.  For paths between a clock and its inversion, FMAX is computed as if the rising and falling edges are scaled along with FMAX, such that the duty cycle (in terms of a percentage) is maintained. Altera recommends that you always use clock constraints and other slack reports for sign-off analysis.


----------------------------------
; Timing Closure Recommendations ;
----------------------------------
HTML report is unavailable in plain text report export.


+------------------------------------------------------------------------+
; Slow 1200mV 85C Model Setup Summary                                    ;
+-----------------------------------------------+--------+---------------+
; Clock                                         ; Slack  ; End Point TNS ;
+-----------------------------------------------+--------+---------------+
; mi_pll|altpll_inst|auto_generated|pll1|clk[0] ; 25.397 ; 0.000         ;
+-----------------------------------------------+--------+---------------+


+-----------------------------------------------------------------------+
; Slow 1200mV 85C Model Hold Summary                                    ;
+-----------------------------------------------+-------+---------------+
; Clock                                         ; Slack ; End Point TNS ;
+-----------------------------------------------+-------+---------------+
; mi_pll|altpll_inst|auto_generated|pll1|clk[0] ; 0.452 ; 0.000         ;
+-----------------------------------------------+-------+---------------+


------------------------------------------
; Slow 1200mV 85C Model Recovery Summary ;
------------------------------------------
No paths to report.


-----------------------------------------
; Slow 1200mV 85C Model Removal Summary ;
-----------------------------------------
No paths to report.


+------------------------------------------------------------------------+
; Slow 1200mV 85C Model Minimum Pulse Width Summary                      ;
+-----------------------------------------------+--------+---------------+
; Clock                                         ; Slack  ; End Point TNS ;
+-----------------------------------------------+--------+---------------+
; clk                                           ; 9.934  ; 0.000         ;
; mi_pll|altpll_inst|auto_generated|pll1|clk[0] ; 19.718 ; 0.000         ;
+-----------------------------------------------+--------+---------------+


+----------------------------------------------------------------------------------------------------------------------------------------------------------------------------------------------------------+
; Slow 1200mV 85C Model Setup: 'mi_pll|altpll_inst|auto_generated|pll1|clk[0]'                                                                                                                             ;
+--------+-------------------------------+------------------------+-----------------------------------------------+-----------------------------------------------+--------------+------------+------------+
; Slack  ; From Node                     ; To Node                ; Launch Clock                                  ; Latch Clock                                   ; Relationship ; Clock Skew ; Data Delay ;
+--------+-------------------------------+------------------------+-----------------------------------------------+-----------------------------------------------+--------------+------------+------------+
; 25.397 ; vga:vga_principal|pixelx_o[1] ; flipflop:flip_g|dato_o ; mi_pll|altpll_inst|auto_generated|pll1|clk[0] ; mi_pll|altpll_inst|auto_generated|pll1|clk[0] ; 40.000       ; -0.069     ; 14.535     ;
; 25.401 ; vga:vga_principal|pixelx_o[1] ; flipflop:flip_r|dato_o ; mi_pll|altpll_inst|auto_generated|pll1|clk[0] ; mi_pll|altpll_inst|auto_generated|pll1|clk[0] ; 40.000       ; -0.069     ; 14.531     ;
; 25.745 ; vga:vga_principal|pixelx_o[0] ; flipflop:flip_g|dato_o ; mi_pll|altpll_inst|auto_generated|pll1|clk[0] ; mi_pll|altpll_inst|auto_generated|pll1|clk[0] ; 40.000       ; -0.069     ; 14.187     ;
; 25.749 ; vga:vga_principal|pixelx_o[0] ; flipflop:flip_r|dato_o ; mi_pll|altpll_inst|auto_generated|pll1|clk[0] ; mi_pll|altpll_inst|auto_generated|pll1|clk[0] ; 40.000       ; -0.069     ; 14.183     ;
; 25.824 ; vga:vga_principal|pixelx_o[5] ; flipflop:flip_g|dato_o ; mi_pll|altpll_inst|auto_generated|pll1|clk[0] ; mi_pll|altpll_inst|auto_generated|pll1|clk[0] ; 40.000       ; -0.069     ; 14.108     ;
; 25.828 ; vga:vga_principal|pixelx_o[5] ; flipflop:flip_r|dato_o ; mi_pll|altpll_inst|auto_generated|pll1|clk[0] ; mi_pll|altpll_inst|auto_generated|pll1|clk[0] ; 40.000       ; -0.069     ; 14.104     ;
; 26.018 ; vga:vga_principal|pixelx_o[2] ; flipflop:flip_g|dato_o ; mi_pll|altpll_inst|auto_generated|pll1|clk[0] ; mi_pll|altpll_inst|auto_generated|pll1|clk[0] ; 40.000       ; -0.069     ; 13.914     ;
; 26.022 ; vga:vga_principal|pixelx_o[2] ; flipflop:flip_r|dato_o ; mi_pll|altpll_inst|auto_generated|pll1|clk[0] ; mi_pll|altpll_inst|auto_generated|pll1|clk[0] ; 40.000       ; -0.069     ; 13.910     ;
; 26.126 ; vga:vga_principal|pixelx_o[1] ; flipflop:flip_b|dato_o ; mi_pll|altpll_inst|auto_generated|pll1|clk[0] ; mi_pll|altpll_inst|auto_generated|pll1|clk[0] ; 40.000       ; -0.079     ; 13.796     ;
; 26.264 ; vga:vga_principal|pixelx_o[4] ; flipflop:flip_g|dato_o ; mi_pll|altpll_inst|auto_generated|pll1|clk[0] ; mi_pll|altpll_inst|auto_generated|pll1|clk[0] ; 40.000       ; -0.069     ; 13.668     ;
; 26.268 ; vga:vga_principal|pixelx_o[4] ; flipflop:flip_r|dato_o ; mi_pll|altpll_inst|auto_generated|pll1|clk[0] ; mi_pll|altpll_inst|auto_generated|pll1|clk[0] ; 40.000       ; -0.069     ; 13.664     ;
; 26.474 ; vga:vga_principal|pixelx_o[0] ; flipflop:flip_b|dato_o ; mi_pll|altpll_inst|auto_generated|pll1|clk[0] ; mi_pll|altpll_inst|auto_generated|pll1|clk[0] ; 40.000       ; -0.079     ; 13.448     ;
; 26.553 ; vga:vga_principal|pixelx_o[5] ; flipflop:flip_b|dato_o ; mi_pll|altpll_inst|auto_generated|pll1|clk[0] ; mi_pll|altpll_inst|auto_generated|pll1|clk[0] ; 40.000       ; -0.079     ; 13.369     ;
; 26.637 ; vga:vga_principal|pixely_o[9] ; flipflop:flip_g|dato_o ; mi_pll|altpll_inst|auto_generated|pll1|clk[0] ; mi_pll|altpll_inst|auto_generated|pll1|clk[0] ; 40.000       ; -0.069     ; 13.295     ;
; 26.641 ; vga:vga_principal|pixely_o[9] ; flipflop:flip_r|dato_o ; mi_pll|altpll_inst|auto_generated|pll1|clk[0] ; mi_pll|altpll_inst|auto_generated|pll1|clk[0] ; 40.000       ; -0.069     ; 13.291     ;
; 26.747 ; vga:vga_principal|pixelx_o[2] ; flipflop:flip_b|dato_o ; mi_pll|altpll_inst|auto_generated|pll1|clk[0] ; mi_pll|altpll_inst|auto_generated|pll1|clk[0] ; 40.000       ; -0.079     ; 13.175     ;
; 26.933 ; vga:vga_principal|pixely_o[4] ; flipflop:flip_g|dato_o ; mi_pll|altpll_inst|auto_generated|pll1|clk[0] ; mi_pll|altpll_inst|auto_generated|pll1|clk[0] ; 40.000       ; -0.070     ; 12.998     ;
; 26.934 ; vga:vga_principal|pixelx_o[3] ; flipflop:flip_g|dato_o ; mi_pll|altpll_inst|auto_generated|pll1|clk[0] ; mi_pll|altpll_inst|auto_generated|pll1|clk[0] ; 40.000       ; -0.069     ; 12.998     ;
; 26.937 ; vga:vga_principal|pixely_o[4] ; flipflop:flip_r|dato_o ; mi_pll|altpll_inst|auto_generated|pll1|clk[0] ; mi_pll|altpll_inst|auto_generated|pll1|clk[0] ; 40.000       ; -0.070     ; 12.994     ;
; 26.938 ; vga:vga_principal|pixelx_o[3] ; flipflop:flip_r|dato_o ; mi_pll|altpll_inst|auto_generated|pll1|clk[0] ; mi_pll|altpll_inst|auto_generated|pll1|clk[0] ; 40.000       ; -0.069     ; 12.994     ;
; 26.993 ; vga:vga_principal|pixelx_o[4] ; flipflop:flip_b|dato_o ; mi_pll|altpll_inst|auto_generated|pll1|clk[0] ; mi_pll|altpll_inst|auto_generated|pll1|clk[0] ; 40.000       ; -0.079     ; 12.929     ;
; 27.127 ; vga:vga_principal|pixely_o[7] ; flipflop:flip_g|dato_o ; mi_pll|altpll_inst|auto_generated|pll1|clk[0] ; mi_pll|altpll_inst|auto_generated|pll1|clk[0] ; 40.000       ; -0.070     ; 12.804     ;
; 27.131 ; vga:vga_principal|pixely_o[7] ; flipflop:flip_r|dato_o ; mi_pll|altpll_inst|auto_generated|pll1|clk[0] ; mi_pll|altpll_inst|auto_generated|pll1|clk[0] ; 40.000       ; -0.070     ; 12.800     ;
; 27.195 ; vga:vga_principal|pixely_o[8] ; flipflop:flip_g|dato_o ; mi_pll|altpll_inst|auto_generated|pll1|clk[0] ; mi_pll|altpll_inst|auto_generated|pll1|clk[0] ; 40.000       ; -0.070     ; 12.736     ;
; 27.199 ; vga:vga_principal|pixely_o[8] ; flipflop:flip_r|dato_o ; mi_pll|altpll_inst|auto_generated|pll1|clk[0] ; mi_pll|altpll_inst|auto_generated|pll1|clk[0] ; 40.000       ; -0.070     ; 12.732     ;
; 27.255 ; vga:vga_principal|pixely_o[5] ; flipflop:flip_g|dato_o ; mi_pll|altpll_inst|auto_generated|pll1|clk[0] ; mi_pll|altpll_inst|auto_generated|pll1|clk[0] ; 40.000       ; -0.070     ; 12.676     ;
; 27.259 ; vga:vga_principal|pixely_o[5] ; flipflop:flip_r|dato_o ; mi_pll|altpll_inst|auto_generated|pll1|clk[0] ; mi_pll|altpll_inst|auto_generated|pll1|clk[0] ; 40.000       ; -0.070     ; 12.672     ;
; 27.293 ; vga:vga_principal|pixely_o[1] ; flipflop:flip_g|dato_o ; mi_pll|altpll_inst|auto_generated|pll1|clk[0] ; mi_pll|altpll_inst|auto_generated|pll1|clk[0] ; 40.000       ; -0.070     ; 12.638     ;
; 27.297 ; vga:vga_principal|pixely_o[1] ; flipflop:flip_r|dato_o ; mi_pll|altpll_inst|auto_generated|pll1|clk[0] ; mi_pll|altpll_inst|auto_generated|pll1|clk[0] ; 40.000       ; -0.070     ; 12.634     ;
; 27.324 ; vga:vga_principal|pixelx_o[7] ; flipflop:flip_g|dato_o ; mi_pll|altpll_inst|auto_generated|pll1|clk[0] ; mi_pll|altpll_inst|auto_generated|pll1|clk[0] ; 40.000       ; -0.069     ; 12.608     ;
; 27.328 ; vga:vga_principal|pixelx_o[7] ; flipflop:flip_r|dato_o ; mi_pll|altpll_inst|auto_generated|pll1|clk[0] ; mi_pll|altpll_inst|auto_generated|pll1|clk[0] ; 40.000       ; -0.069     ; 12.604     ;
; 27.366 ; vga:vga_principal|pixely_o[9] ; flipflop:flip_b|dato_o ; mi_pll|altpll_inst|auto_generated|pll1|clk[0] ; mi_pll|altpll_inst|auto_generated|pll1|clk[0] ; 40.000       ; -0.079     ; 12.556     ;
; 27.384 ; vga:vga_principal|pixely_o[2] ; flipflop:flip_g|dato_o ; mi_pll|altpll_inst|auto_generated|pll1|clk[0] ; mi_pll|altpll_inst|auto_generated|pll1|clk[0] ; 40.000       ; -0.073     ; 12.544     ;
; 27.388 ; vga:vga_principal|pixely_o[2] ; flipflop:flip_r|dato_o ; mi_pll|altpll_inst|auto_generated|pll1|clk[0] ; mi_pll|altpll_inst|auto_generated|pll1|clk[0] ; 40.000       ; -0.073     ; 12.540     ;
; 27.569 ; vga:vga_principal|pixely_o[6] ; flipflop:flip_g|dato_o ; mi_pll|altpll_inst|auto_generated|pll1|clk[0] ; mi_pll|altpll_inst|auto_generated|pll1|clk[0] ; 40.000       ; -0.070     ; 12.362     ;
; 27.573 ; vga:vga_principal|pixely_o[6] ; flipflop:flip_r|dato_o ; mi_pll|altpll_inst|auto_generated|pll1|clk[0] ; mi_pll|altpll_inst|auto_generated|pll1|clk[0] ; 40.000       ; -0.070     ; 12.358     ;
; 27.662 ; vga:vga_principal|pixely_o[4] ; flipflop:flip_b|dato_o ; mi_pll|altpll_inst|auto_generated|pll1|clk[0] ; mi_pll|altpll_inst|auto_generated|pll1|clk[0] ; 40.000       ; -0.080     ; 12.259     ;
; 27.663 ; vga:vga_principal|pixelx_o[3] ; flipflop:flip_b|dato_o ; mi_pll|altpll_inst|auto_generated|pll1|clk[0] ; mi_pll|altpll_inst|auto_generated|pll1|clk[0] ; 40.000       ; -0.079     ; 12.259     ;
; 27.739 ; vga:vga_principal|pixely_o[0] ; flipflop:flip_g|dato_o ; mi_pll|altpll_inst|auto_generated|pll1|clk[0] ; mi_pll|altpll_inst|auto_generated|pll1|clk[0] ; 40.000       ; -0.069     ; 12.193     ;
; 27.743 ; vga:vga_principal|pixely_o[0] ; flipflop:flip_r|dato_o ; mi_pll|altpll_inst|auto_generated|pll1|clk[0] ; mi_pll|altpll_inst|auto_generated|pll1|clk[0] ; 40.000       ; -0.069     ; 12.189     ;
; 27.774 ; vga:vga_principal|pixely_o[3] ; flipflop:flip_g|dato_o ; mi_pll|altpll_inst|auto_generated|pll1|clk[0] ; mi_pll|altpll_inst|auto_generated|pll1|clk[0] ; 40.000       ; -0.073     ; 12.154     ;
; 27.778 ; vga:vga_principal|pixely_o[3] ; flipflop:flip_r|dato_o ; mi_pll|altpll_inst|auto_generated|pll1|clk[0] ; mi_pll|altpll_inst|auto_generated|pll1|clk[0] ; 40.000       ; -0.073     ; 12.150     ;
; 27.838 ; vga:vga_principal|pixelx_o[8] ; flipflop:flip_g|dato_o ; mi_pll|altpll_inst|auto_generated|pll1|clk[0] ; mi_pll|altpll_inst|auto_generated|pll1|clk[0] ; 40.000       ; -0.069     ; 12.094     ;
; 27.842 ; vga:vga_principal|pixelx_o[8] ; flipflop:flip_r|dato_o ; mi_pll|altpll_inst|auto_generated|pll1|clk[0] ; mi_pll|altpll_inst|auto_generated|pll1|clk[0] ; 40.000       ; -0.069     ; 12.090     ;
; 27.856 ; vga:vga_principal|pixely_o[7] ; flipflop:flip_b|dato_o ; mi_pll|altpll_inst|auto_generated|pll1|clk[0] ; mi_pll|altpll_inst|auto_generated|pll1|clk[0] ; 40.000       ; -0.080     ; 12.065     ;
; 27.924 ; vga:vga_principal|pixely_o[8] ; flipflop:flip_b|dato_o ; mi_pll|altpll_inst|auto_generated|pll1|clk[0] ; mi_pll|altpll_inst|auto_generated|pll1|clk[0] ; 40.000       ; -0.080     ; 11.997     ;
; 27.932 ; vga:vga_principal|pixelx_o[6] ; flipflop:flip_g|dato_o ; mi_pll|altpll_inst|auto_generated|pll1|clk[0] ; mi_pll|altpll_inst|auto_generated|pll1|clk[0] ; 40.000       ; -0.069     ; 12.000     ;
; 27.936 ; vga:vga_principal|pixelx_o[6] ; flipflop:flip_r|dato_o ; mi_pll|altpll_inst|auto_generated|pll1|clk[0] ; mi_pll|altpll_inst|auto_generated|pll1|clk[0] ; 40.000       ; -0.069     ; 11.996     ;
; 27.984 ; vga:vga_principal|pixely_o[5] ; flipflop:flip_b|dato_o ; mi_pll|altpll_inst|auto_generated|pll1|clk[0] ; mi_pll|altpll_inst|auto_generated|pll1|clk[0] ; 40.000       ; -0.080     ; 11.937     ;
; 28.022 ; vga:vga_principal|pixely_o[1] ; flipflop:flip_b|dato_o ; mi_pll|altpll_inst|auto_generated|pll1|clk[0] ; mi_pll|altpll_inst|auto_generated|pll1|clk[0] ; 40.000       ; -0.080     ; 11.899     ;
; 28.053 ; vga:vga_principal|pixelx_o[7] ; flipflop:flip_b|dato_o ; mi_pll|altpll_inst|auto_generated|pll1|clk[0] ; mi_pll|altpll_inst|auto_generated|pll1|clk[0] ; 40.000       ; -0.079     ; 11.869     ;
; 28.113 ; vga:vga_principal|pixely_o[2] ; flipflop:flip_b|dato_o ; mi_pll|altpll_inst|auto_generated|pll1|clk[0] ; mi_pll|altpll_inst|auto_generated|pll1|clk[0] ; 40.000       ; -0.083     ; 11.805     ;
; 28.200 ; vga:vga_principal|pixelx_o[9] ; flipflop:flip_g|dato_o ; mi_pll|altpll_inst|auto_generated|pll1|clk[0] ; mi_pll|altpll_inst|auto_generated|pll1|clk[0] ; 40.000       ; -0.069     ; 11.732     ;
; 28.204 ; vga:vga_principal|pixelx_o[9] ; flipflop:flip_r|dato_o ; mi_pll|altpll_inst|auto_generated|pll1|clk[0] ; mi_pll|altpll_inst|auto_generated|pll1|clk[0] ; 40.000       ; -0.069     ; 11.728     ;
; 28.298 ; vga:vga_principal|pixely_o[6] ; flipflop:flip_b|dato_o ; mi_pll|altpll_inst|auto_generated|pll1|clk[0] ; mi_pll|altpll_inst|auto_generated|pll1|clk[0] ; 40.000       ; -0.080     ; 11.623     ;
; 28.468 ; vga:vga_principal|pixely_o[0] ; flipflop:flip_b|dato_o ; mi_pll|altpll_inst|auto_generated|pll1|clk[0] ; mi_pll|altpll_inst|auto_generated|pll1|clk[0] ; 40.000       ; -0.079     ; 11.454     ;
; 28.503 ; vga:vga_principal|pixely_o[3] ; flipflop:flip_b|dato_o ; mi_pll|altpll_inst|auto_generated|pll1|clk[0] ; mi_pll|altpll_inst|auto_generated|pll1|clk[0] ; 40.000       ; -0.083     ; 11.415     ;
; 28.567 ; vga:vga_principal|pixelx_o[8] ; flipflop:flip_b|dato_o ; mi_pll|altpll_inst|auto_generated|pll1|clk[0] ; mi_pll|altpll_inst|auto_generated|pll1|clk[0] ; 40.000       ; -0.079     ; 11.355     ;
; 28.661 ; vga:vga_principal|pixelx_o[6] ; flipflop:flip_b|dato_o ; mi_pll|altpll_inst|auto_generated|pll1|clk[0] ; mi_pll|altpll_inst|auto_generated|pll1|clk[0] ; 40.000       ; -0.079     ; 11.261     ;
; 28.929 ; vga:vga_principal|pixelx_o[9] ; flipflop:flip_b|dato_o ; mi_pll|altpll_inst|auto_generated|pll1|clk[0] ; mi_pll|altpll_inst|auto_generated|pll1|clk[0] ; 40.000       ; -0.079     ; 10.993     ;
; 30.274 ; pad:raqueta_der|pady_o[6]     ; flipflop:flip_g|dato_o ; mi_pll|altpll_inst|auto_generated|pll1|clk[0] ; mi_pll|altpll_inst|auto_generated|pll1|clk[0] ; 40.000       ; -0.074     ; 9.653      ;
; 30.278 ; pad:raqueta_der|pady_o[6]     ; flipflop:flip_r|dato_o ; mi_pll|altpll_inst|auto_generated|pll1|clk[0] ; mi_pll|altpll_inst|auto_generated|pll1|clk[0] ; 40.000       ; -0.074     ; 9.649      ;
; 30.324 ; pad:raqueta_der|pady_o[7]     ; flipflop:flip_g|dato_o ; mi_pll|altpll_inst|auto_generated|pll1|clk[0] ; mi_pll|altpll_inst|auto_generated|pll1|clk[0] ; 40.000       ; -0.074     ; 9.603      ;
; 30.328 ; pad:raqueta_der|pady_o[7]     ; flipflop:flip_r|dato_o ; mi_pll|altpll_inst|auto_generated|pll1|clk[0] ; mi_pll|altpll_inst|auto_generated|pll1|clk[0] ; 40.000       ; -0.074     ; 9.599      ;
; 30.466 ; pad:raqueta_der|pady_o[5]     ; flipflop:flip_g|dato_o ; mi_pll|altpll_inst|auto_generated|pll1|clk[0] ; mi_pll|altpll_inst|auto_generated|pll1|clk[0] ; 40.000       ; -0.074     ; 9.461      ;
; 30.470 ; pad:raqueta_der|pady_o[5]     ; flipflop:flip_r|dato_o ; mi_pll|altpll_inst|auto_generated|pll1|clk[0] ; mi_pll|altpll_inst|auto_generated|pll1|clk[0] ; 40.000       ; -0.074     ; 9.457      ;
; 30.628 ; ballhitbox:pelota|ballx_o[1]  ; flipflop:flip_g|dato_o ; mi_pll|altpll_inst|auto_generated|pll1|clk[0] ; mi_pll|altpll_inst|auto_generated|pll1|clk[0] ; 40.000       ; -0.090     ; 9.283      ;
; 30.632 ; ballhitbox:pelota|ballx_o[1]  ; flipflop:flip_r|dato_o ; mi_pll|altpll_inst|auto_generated|pll1|clk[0] ; mi_pll|altpll_inst|auto_generated|pll1|clk[0] ; 40.000       ; -0.090     ; 9.279      ;
; 30.662 ; ballhitbox:pelota|bally_o[3]  ; flipflop:flip_g|dato_o ; mi_pll|altpll_inst|auto_generated|pll1|clk[0] ; mi_pll|altpll_inst|auto_generated|pll1|clk[0] ; 40.000       ; -0.072     ; 9.267      ;
; 30.666 ; ballhitbox:pelota|bally_o[3]  ; flipflop:flip_r|dato_o ; mi_pll|altpll_inst|auto_generated|pll1|clk[0] ; mi_pll|altpll_inst|auto_generated|pll1|clk[0] ; 40.000       ; -0.072     ; 9.263      ;
; 30.682 ; pad:raqueta_der|pady_o[4]     ; flipflop:flip_g|dato_o ; mi_pll|altpll_inst|auto_generated|pll1|clk[0] ; mi_pll|altpll_inst|auto_generated|pll1|clk[0] ; 40.000       ; -0.074     ; 9.245      ;
; 30.686 ; pad:raqueta_der|pady_o[4]     ; flipflop:flip_r|dato_o ; mi_pll|altpll_inst|auto_generated|pll1|clk[0] ; mi_pll|altpll_inst|auto_generated|pll1|clk[0] ; 40.000       ; -0.074     ; 9.241      ;
; 30.738 ; ballhitbox:pelota|bally_o[4]  ; flipflop:flip_g|dato_o ; mi_pll|altpll_inst|auto_generated|pll1|clk[0] ; mi_pll|altpll_inst|auto_generated|pll1|clk[0] ; 40.000       ; -0.072     ; 9.191      ;
; 30.742 ; ballhitbox:pelota|bally_o[4]  ; flipflop:flip_r|dato_o ; mi_pll|altpll_inst|auto_generated|pll1|clk[0] ; mi_pll|altpll_inst|auto_generated|pll1|clk[0] ; 40.000       ; -0.072     ; 9.187      ;
; 30.748 ; ballhitbox:pelota|ballx_o[2]  ; flipflop:flip_g|dato_o ; mi_pll|altpll_inst|auto_generated|pll1|clk[0] ; mi_pll|altpll_inst|auto_generated|pll1|clk[0] ; 40.000       ; -0.090     ; 9.163      ;
; 30.752 ; ballhitbox:pelota|ballx_o[2]  ; flipflop:flip_r|dato_o ; mi_pll|altpll_inst|auto_generated|pll1|clk[0] ; mi_pll|altpll_inst|auto_generated|pll1|clk[0] ; 40.000       ; -0.090     ; 9.159      ;
; 30.860 ; pad:raqueta_der|pady_o[6]     ; flipflop:flip_b|dato_o ; mi_pll|altpll_inst|auto_generated|pll1|clk[0] ; mi_pll|altpll_inst|auto_generated|pll1|clk[0] ; 40.000       ; -0.084     ; 9.057      ;
; 30.879 ; pad:raqueta_der|pady_o[8]     ; flipflop:flip_g|dato_o ; mi_pll|altpll_inst|auto_generated|pll1|clk[0] ; mi_pll|altpll_inst|auto_generated|pll1|clk[0] ; 40.000       ; -0.074     ; 9.048      ;
; 30.883 ; pad:raqueta_der|pady_o[8]     ; flipflop:flip_r|dato_o ; mi_pll|altpll_inst|auto_generated|pll1|clk[0] ; mi_pll|altpll_inst|auto_generated|pll1|clk[0] ; 40.000       ; -0.074     ; 9.044      ;
; 30.901 ; ballhitbox:pelota|ballx_o[4]  ; flipflop:flip_g|dato_o ; mi_pll|altpll_inst|auto_generated|pll1|clk[0] ; mi_pll|altpll_inst|auto_generated|pll1|clk[0] ; 40.000       ; -0.090     ; 9.010      ;
; 30.905 ; ballhitbox:pelota|ballx_o[4]  ; flipflop:flip_r|dato_o ; mi_pll|altpll_inst|auto_generated|pll1|clk[0] ; mi_pll|altpll_inst|auto_generated|pll1|clk[0] ; 40.000       ; -0.090     ; 9.006      ;
; 30.910 ; pad:raqueta_der|pady_o[7]     ; flipflop:flip_b|dato_o ; mi_pll|altpll_inst|auto_generated|pll1|clk[0] ; mi_pll|altpll_inst|auto_generated|pll1|clk[0] ; 40.000       ; -0.084     ; 9.007      ;
; 30.940 ; ballhitbox:pelota|bally_o[5]  ; flipflop:flip_g|dato_o ; mi_pll|altpll_inst|auto_generated|pll1|clk[0] ; mi_pll|altpll_inst|auto_generated|pll1|clk[0] ; 40.000       ; -0.072     ; 8.989      ;
; 30.944 ; ballhitbox:pelota|bally_o[5]  ; flipflop:flip_r|dato_o ; mi_pll|altpll_inst|auto_generated|pll1|clk[0] ; mi_pll|altpll_inst|auto_generated|pll1|clk[0] ; 40.000       ; -0.072     ; 8.985      ;
; 30.955 ; ballhitbox:pelota|ballx_o[3]  ; flipflop:flip_g|dato_o ; mi_pll|altpll_inst|auto_generated|pll1|clk[0] ; mi_pll|altpll_inst|auto_generated|pll1|clk[0] ; 40.000       ; -0.090     ; 8.956      ;
; 30.959 ; ballhitbox:pelota|ballx_o[3]  ; flipflop:flip_r|dato_o ; mi_pll|altpll_inst|auto_generated|pll1|clk[0] ; mi_pll|altpll_inst|auto_generated|pll1|clk[0] ; 40.000       ; -0.090     ; 8.952      ;
; 30.962 ; pad:raqueta_izq|pady_o[6]     ; flipflop:flip_g|dato_o ; mi_pll|altpll_inst|auto_generated|pll1|clk[0] ; mi_pll|altpll_inst|auto_generated|pll1|clk[0] ; 40.000       ; -0.088     ; 8.951      ;
; 30.966 ; pad:raqueta_izq|pady_o[6]     ; flipflop:flip_r|dato_o ; mi_pll|altpll_inst|auto_generated|pll1|clk[0] ; mi_pll|altpll_inst|auto_generated|pll1|clk[0] ; 40.000       ; -0.088     ; 8.947      ;
; 31.052 ; pad:raqueta_der|pady_o[5]     ; flipflop:flip_b|dato_o ; mi_pll|altpll_inst|auto_generated|pll1|clk[0] ; mi_pll|altpll_inst|auto_generated|pll1|clk[0] ; 40.000       ; -0.084     ; 8.865      ;
; 31.076 ; pad:raqueta_der|pady_o[2]     ; flipflop:flip_g|dato_o ; mi_pll|altpll_inst|auto_generated|pll1|clk[0] ; mi_pll|altpll_inst|auto_generated|pll1|clk[0] ; 40.000       ; -0.074     ; 8.851      ;
; 31.080 ; pad:raqueta_der|pady_o[2]     ; flipflop:flip_r|dato_o ; mi_pll|altpll_inst|auto_generated|pll1|clk[0] ; mi_pll|altpll_inst|auto_generated|pll1|clk[0] ; 40.000       ; -0.074     ; 8.847      ;
; 31.088 ; pad:raqueta_izq|pady_o[2]     ; flipflop:flip_g|dato_o ; mi_pll|altpll_inst|auto_generated|pll1|clk[0] ; mi_pll|altpll_inst|auto_generated|pll1|clk[0] ; 40.000       ; -0.088     ; 8.825      ;
; 31.092 ; pad:raqueta_izq|pady_o[2]     ; flipflop:flip_r|dato_o ; mi_pll|altpll_inst|auto_generated|pll1|clk[0] ; mi_pll|altpll_inst|auto_generated|pll1|clk[0] ; 40.000       ; -0.088     ; 8.821      ;
; 31.142 ; ballhitbox:pelota|bally_o[2]  ; flipflop:flip_g|dato_o ; mi_pll|altpll_inst|auto_generated|pll1|clk[0] ; mi_pll|altpll_inst|auto_generated|pll1|clk[0] ; 40.000       ; -0.073     ; 8.786      ;
; 31.146 ; ballhitbox:pelota|bally_o[2]  ; flipflop:flip_r|dato_o ; mi_pll|altpll_inst|auto_generated|pll1|clk[0] ; mi_pll|altpll_inst|auto_generated|pll1|clk[0] ; 40.000       ; -0.073     ; 8.782      ;
; 31.171 ; pad:raqueta_izq|pady_o[1]     ; flipflop:flip_g|dato_o ; mi_pll|altpll_inst|auto_generated|pll1|clk[0] ; mi_pll|altpll_inst|auto_generated|pll1|clk[0] ; 40.000       ; -0.088     ; 8.742      ;
; 31.175 ; pad:raqueta_izq|pady_o[1]     ; flipflop:flip_r|dato_o ; mi_pll|altpll_inst|auto_generated|pll1|clk[0] ; mi_pll|altpll_inst|auto_generated|pll1|clk[0] ; 40.000       ; -0.088     ; 8.738      ;
; 31.207 ; ballhitbox:pelota|bally_o[1]  ; flipflop:flip_g|dato_o ; mi_pll|altpll_inst|auto_generated|pll1|clk[0] ; mi_pll|altpll_inst|auto_generated|pll1|clk[0] ; 40.000       ; -0.072     ; 8.722      ;
; 31.211 ; ballhitbox:pelota|bally_o[1]  ; flipflop:flip_r|dato_o ; mi_pll|altpll_inst|auto_generated|pll1|clk[0] ; mi_pll|altpll_inst|auto_generated|pll1|clk[0] ; 40.000       ; -0.072     ; 8.718      ;
; 31.214 ; ballhitbox:pelota|ballx_o[1]  ; flipflop:flip_b|dato_o ; mi_pll|altpll_inst|auto_generated|pll1|clk[0] ; mi_pll|altpll_inst|auto_generated|pll1|clk[0] ; 40.000       ; -0.100     ; 8.687      ;
+--------+-------------------------------+------------------------+-----------------------------------------------+-----------------------------------------------+--------------+------------+------------+


+------------------------------------------------------------------------------------------------------------------------------------------------------------------------------------------------------------------------+
; Slow 1200mV 85C Model Hold: 'mi_pll|altpll_inst|auto_generated|pll1|clk[0]'                                                                                                                                            ;
+-------+-----------------------------------+-----------------------------------+-----------------------------------------------+-----------------------------------------------+--------------+------------+------------+
; Slack ; From Node                         ; To Node                           ; Launch Clock                                  ; Latch Clock                                   ; Relationship ; Clock Skew ; Data Delay ;
+-------+-----------------------------------+-----------------------------------+-----------------------------------------------+-----------------------------------------------+--------------+------------+------------+
; 0.452 ; pulsecounter:cuenta_j2|count_o[3] ; pulsecounter:cuenta_j2|count_o[3] ; mi_pll|altpll_inst|auto_generated|pll1|clk[0] ; mi_pll|altpll_inst|auto_generated|pll1|clk[0] ; 0.000        ; 0.082      ; 0.746      ;
; 0.452 ; pulsecounter:cuenta_j2|count_o[1] ; pulsecounter:cuenta_j2|count_o[1] ; mi_pll|altpll_inst|auto_generated|pll1|clk[0] ; mi_pll|altpll_inst|auto_generated|pll1|clk[0] ; 0.000        ; 0.082      ; 0.746      ;
; 0.452 ; pulsecounter:cuenta_j2|count_o[2] ; pulsecounter:cuenta_j2|count_o[2] ; mi_pll|altpll_inst|auto_generated|pll1|clk[0] ; mi_pll|altpll_inst|auto_generated|pll1|clk[0] ; 0.000        ; 0.082      ; 0.746      ;
; 0.453 ; pulsecounter:cuenta_j1|count_o[3] ; pulsecounter:cuenta_j1|count_o[3] ; mi_pll|altpll_inst|auto_generated|pll1|clk[0] ; mi_pll|altpll_inst|auto_generated|pll1|clk[0] ; 0.000        ; 0.081      ; 0.746      ;
; 0.453 ; pulsecounter:cuenta_j1|count_o[1] ; pulsecounter:cuenta_j1|count_o[1] ; mi_pll|altpll_inst|auto_generated|pll1|clk[0] ; mi_pll|altpll_inst|auto_generated|pll1|clk[0] ; 0.000        ; 0.081      ; 0.746      ;
; 0.453 ; pulsecounter:cuenta_j1|count_o[2] ; pulsecounter:cuenta_j1|count_o[2] ; mi_pll|altpll_inst|auto_generated|pll1|clk[0] ; mi_pll|altpll_inst|auto_generated|pll1|clk[0] ; 0.000        ; 0.081      ; 0.746      ;
; 0.464 ; pulsecounter:cuenta_j2|count_o[0] ; pulsecounter:cuenta_j2|count_o[0] ; mi_pll|altpll_inst|auto_generated|pll1|clk[0] ; mi_pll|altpll_inst|auto_generated|pll1|clk[0] ; 0.000        ; 0.082      ; 0.758      ;
; 0.465 ; pulsecounter:cuenta_j1|count_o[0] ; pulsecounter:cuenta_j1|count_o[0] ; mi_pll|altpll_inst|auto_generated|pll1|clk[0] ; mi_pll|altpll_inst|auto_generated|pll1|clk[0] ; 0.000        ; 0.081      ; 0.758      ;
; 0.492 ; ballhitbox:pelota|pausa_count[24] ; ballhitbox:pelota|pausa_count[24] ; mi_pll|altpll_inst|auto_generated|pll1|clk[0] ; mi_pll|altpll_inst|auto_generated|pll1|clk[0] ; 0.000        ; 0.080      ; 0.784      ;
; 0.493 ; ballhitbox:pelota|speed_cnt[21]   ; ballhitbox:pelota|speed_cnt[21]   ; mi_pll|altpll_inst|auto_generated|pll1|clk[0] ; mi_pll|altpll_inst|auto_generated|pll1|clk[0] ; 0.000        ; 0.080      ; 0.785      ;
; 0.510 ; pad:raqueta_der|contador[19]      ; pad:raqueta_der|contador[19]      ; mi_pll|altpll_inst|auto_generated|pll1|clk[0] ; mi_pll|altpll_inst|auto_generated|pll1|clk[0] ; 0.000        ; 0.080      ; 0.802      ;
; 0.524 ; pulsecounter:cuenta_j1|count_o[2] ; pulsecounter:cuenta_j1|count_o[3] ; mi_pll|altpll_inst|auto_generated|pll1|clk[0] ; mi_pll|altpll_inst|auto_generated|pll1|clk[0] ; 0.000        ; 0.081      ; 0.817      ;
; 0.525 ; pulsecounter:cuenta_j2|count_o[3] ; pulsecounter:cuenta_j2|count_o[1] ; mi_pll|altpll_inst|auto_generated|pll1|clk[0] ; mi_pll|altpll_inst|auto_generated|pll1|clk[0] ; 0.000        ; 0.082      ; 0.819      ;
; 0.527 ; pulsecounter:cuenta_j1|count_o[0] ; pulsecounter:cuenta_j1|count_o[2] ; mi_pll|altpll_inst|auto_generated|pll1|clk[0] ; mi_pll|altpll_inst|auto_generated|pll1|clk[0] ; 0.000        ; 0.081      ; 0.820      ;
; 0.533 ; pulsecounter:cuenta_j2|count_o[2] ; pulsecounter:cuenta_j2|count_o[3] ; mi_pll|altpll_inst|auto_generated|pll1|clk[0] ; mi_pll|altpll_inst|auto_generated|pll1|clk[0] ; 0.000        ; 0.082      ; 0.827      ;
; 0.541 ; pulsecounter:cuenta_j1|count_o[2] ; pulsecounter:cuenta_j1|count_o[1] ; mi_pll|altpll_inst|auto_generated|pll1|clk[0] ; mi_pll|altpll_inst|auto_generated|pll1|clk[0] ; 0.000        ; 0.081      ; 0.834      ;
; 0.743 ; ballhitbox:pelota|pausa_count[9]  ; ballhitbox:pelota|pausa_count[9]  ; mi_pll|altpll_inst|auto_generated|pll1|clk[0] ; mi_pll|altpll_inst|auto_generated|pll1|clk[0] ; 0.000        ; 0.080      ; 1.035      ;
; 0.743 ; ballhitbox:pelota|pausa_count[11] ; ballhitbox:pelota|pausa_count[11] ; mi_pll|altpll_inst|auto_generated|pll1|clk[0] ; mi_pll|altpll_inst|auto_generated|pll1|clk[0] ; 0.000        ; 0.080      ; 1.035      ;
; 0.743 ; ballhitbox:pelota|speed_cnt[9]    ; ballhitbox:pelota|speed_cnt[9]    ; mi_pll|altpll_inst|auto_generated|pll1|clk[0] ; mi_pll|altpll_inst|auto_generated|pll1|clk[0] ; 0.000        ; 0.081      ; 1.036      ;
; 0.744 ; pad:raqueta_der|contador[13]      ; pad:raqueta_der|contador[13]      ; mi_pll|altpll_inst|auto_generated|pll1|clk[0] ; mi_pll|altpll_inst|auto_generated|pll1|clk[0] ; 0.000        ; 0.080      ; 1.036      ;
; 0.744 ; pad:raqueta_der|contador[11]      ; pad:raqueta_der|contador[11]      ; mi_pll|altpll_inst|auto_generated|pll1|clk[0] ; mi_pll|altpll_inst|auto_generated|pll1|clk[0] ; 0.000        ; 0.080      ; 1.036      ;
; 0.744 ; ballhitbox:pelota|pausa_count[7]  ; ballhitbox:pelota|pausa_count[7]  ; mi_pll|altpll_inst|auto_generated|pll1|clk[0] ; mi_pll|altpll_inst|auto_generated|pll1|clk[0] ; 0.000        ; 0.080      ; 1.036      ;
; 0.744 ; ballhitbox:pelota|pausa_count[13] ; ballhitbox:pelota|pausa_count[13] ; mi_pll|altpll_inst|auto_generated|pll1|clk[0] ; mi_pll|altpll_inst|auto_generated|pll1|clk[0] ; 0.000        ; 0.080      ; 1.036      ;
; 0.744 ; ballhitbox:pelota|pausa_count[15] ; ballhitbox:pelota|pausa_count[15] ; mi_pll|altpll_inst|auto_generated|pll1|clk[0] ; mi_pll|altpll_inst|auto_generated|pll1|clk[0] ; 0.000        ; 0.080      ; 1.036      ;
; 0.744 ; ballhitbox:pelota|speed_cnt[7]    ; ballhitbox:pelota|speed_cnt[7]    ; mi_pll|altpll_inst|auto_generated|pll1|clk[0] ; mi_pll|altpll_inst|auto_generated|pll1|clk[0] ; 0.000        ; 0.081      ; 1.037      ;
; 0.745 ; pad:raqueta_der|contador[1]       ; pad:raqueta_der|contador[1]       ; mi_pll|altpll_inst|auto_generated|pll1|clk[0] ; mi_pll|altpll_inst|auto_generated|pll1|clk[0] ; 0.000        ; 0.081      ; 1.038      ;
; 0.745 ; ballhitbox:pelota|speed_cnt[11]   ; ballhitbox:pelota|speed_cnt[11]   ; mi_pll|altpll_inst|auto_generated|pll1|clk[0] ; mi_pll|altpll_inst|auto_generated|pll1|clk[0] ; 0.000        ; 0.080      ; 1.037      ;
; 0.745 ; ballhitbox:pelota|speed_cnt[6]    ; ballhitbox:pelota|speed_cnt[6]    ; mi_pll|altpll_inst|auto_generated|pll1|clk[0] ; mi_pll|altpll_inst|auto_generated|pll1|clk[0] ; 0.000        ; 0.081      ; 1.038      ;
; 0.746 ; pad:raqueta_der|contador[10]      ; pad:raqueta_der|contador[10]      ; mi_pll|altpll_inst|auto_generated|pll1|clk[0] ; mi_pll|altpll_inst|auto_generated|pll1|clk[0] ; 0.000        ; 0.080      ; 1.038      ;
; 0.746 ; ballhitbox:pelota|speed_cnt[14]   ; ballhitbox:pelota|speed_cnt[14]   ; mi_pll|altpll_inst|auto_generated|pll1|clk[0] ; mi_pll|altpll_inst|auto_generated|pll1|clk[0] ; 0.000        ; 0.080      ; 1.038      ;
; 0.746 ; ballhitbox:pelota|speed_cnt[12]   ; ballhitbox:pelota|speed_cnt[12]   ; mi_pll|altpll_inst|auto_generated|pll1|clk[0] ; mi_pll|altpll_inst|auto_generated|pll1|clk[0] ; 0.000        ; 0.080      ; 1.038      ;
; 0.746 ; ballhitbox:pelota|pausa_count[1]  ; ballhitbox:pelota|pausa_count[1]  ; mi_pll|altpll_inst|auto_generated|pll1|clk[0] ; mi_pll|altpll_inst|auto_generated|pll1|clk[0] ; 0.000        ; 0.080      ; 1.038      ;
; 0.746 ; ballhitbox:pelota|pausa_count[5]  ; ballhitbox:pelota|pausa_count[5]  ; mi_pll|altpll_inst|auto_generated|pll1|clk[0] ; mi_pll|altpll_inst|auto_generated|pll1|clk[0] ; 0.000        ; 0.080      ; 1.038      ;
; 0.746 ; ballhitbox:pelota|pausa_count[10] ; ballhitbox:pelota|pausa_count[10] ; mi_pll|altpll_inst|auto_generated|pll1|clk[0] ; mi_pll|altpll_inst|auto_generated|pll1|clk[0] ; 0.000        ; 0.080      ; 1.038      ;
; 0.746 ; ballhitbox:pelota|pausa_count[17] ; ballhitbox:pelota|pausa_count[17] ; mi_pll|altpll_inst|auto_generated|pll1|clk[0] ; mi_pll|altpll_inst|auto_generated|pll1|clk[0] ; 0.000        ; 0.080      ; 1.038      ;
; 0.746 ; ballhitbox:pelota|speed_cnt[3]    ; ballhitbox:pelota|speed_cnt[3]    ; mi_pll|altpll_inst|auto_generated|pll1|clk[0] ; mi_pll|altpll_inst|auto_generated|pll1|clk[0] ; 0.000        ; 0.081      ; 1.039      ;
; 0.747 ; pad:raqueta_der|contador[17]      ; pad:raqueta_der|contador[17]      ; mi_pll|altpll_inst|auto_generated|pll1|clk[0] ; mi_pll|altpll_inst|auto_generated|pll1|clk[0] ; 0.000        ; 0.080      ; 1.039      ;
; 0.747 ; pad:raqueta_der|contador[4]       ; pad:raqueta_der|contador[4]       ; mi_pll|altpll_inst|auto_generated|pll1|clk[0] ; mi_pll|altpll_inst|auto_generated|pll1|clk[0] ; 0.000        ; 0.081      ; 1.040      ;
; 0.747 ; pad:raqueta_der|contador[2]       ; pad:raqueta_der|contador[2]       ; mi_pll|altpll_inst|auto_generated|pll1|clk[0] ; mi_pll|altpll_inst|auto_generated|pll1|clk[0] ; 0.000        ; 0.081      ; 1.040      ;
; 0.747 ; ballhitbox:pelota|pausa_count[3]  ; ballhitbox:pelota|pausa_count[3]  ; mi_pll|altpll_inst|auto_generated|pll1|clk[0] ; mi_pll|altpll_inst|auto_generated|pll1|clk[0] ; 0.000        ; 0.080      ; 1.039      ;
; 0.747 ; ballhitbox:pelota|pausa_count[2]  ; ballhitbox:pelota|pausa_count[2]  ; mi_pll|altpll_inst|auto_generated|pll1|clk[0] ; mi_pll|altpll_inst|auto_generated|pll1|clk[0] ; 0.000        ; 0.080      ; 1.039      ;
; 0.747 ; ballhitbox:pelota|pausa_count[12] ; ballhitbox:pelota|pausa_count[12] ; mi_pll|altpll_inst|auto_generated|pll1|clk[0] ; mi_pll|altpll_inst|auto_generated|pll1|clk[0] ; 0.000        ; 0.080      ; 1.039      ;
; 0.747 ; ballhitbox:pelota|pausa_count[8]  ; ballhitbox:pelota|pausa_count[8]  ; mi_pll|altpll_inst|auto_generated|pll1|clk[0] ; mi_pll|altpll_inst|auto_generated|pll1|clk[0] ; 0.000        ; 0.080      ; 1.039      ;
; 0.747 ; ballhitbox:pelota|pausa_count[14] ; ballhitbox:pelota|pausa_count[14] ; mi_pll|altpll_inst|auto_generated|pll1|clk[0] ; mi_pll|altpll_inst|auto_generated|pll1|clk[0] ; 0.000        ; 0.080      ; 1.039      ;
; 0.747 ; ballhitbox:pelota|pausa_count[23] ; ballhitbox:pelota|pausa_count[23] ; mi_pll|altpll_inst|auto_generated|pll1|clk[0] ; mi_pll|altpll_inst|auto_generated|pll1|clk[0] ; 0.000        ; 0.080      ; 1.039      ;
; 0.747 ; ballhitbox:pelota|speed_cnt[4]    ; ballhitbox:pelota|speed_cnt[4]    ; mi_pll|altpll_inst|auto_generated|pll1|clk[0] ; mi_pll|altpll_inst|auto_generated|pll1|clk[0] ; 0.000        ; 0.081      ; 1.040      ;
; 0.747 ; ballhitbox:pelota|speed_cnt[2]    ; ballhitbox:pelota|speed_cnt[2]    ; mi_pll|altpll_inst|auto_generated|pll1|clk[0] ; mi_pll|altpll_inst|auto_generated|pll1|clk[0] ; 0.000        ; 0.081      ; 1.040      ;
; 0.748 ; pad:raqueta_der|contador[14]      ; pad:raqueta_der|contador[14]      ; mi_pll|altpll_inst|auto_generated|pll1|clk[0] ; mi_pll|altpll_inst|auto_generated|pll1|clk[0] ; 0.000        ; 0.080      ; 1.040      ;
; 0.748 ; ballhitbox:pelota|speed_cnt[19]   ; ballhitbox:pelota|speed_cnt[19]   ; mi_pll|altpll_inst|auto_generated|pll1|clk[0] ; mi_pll|altpll_inst|auto_generated|pll1|clk[0] ; 0.000        ; 0.080      ; 1.040      ;
; 0.748 ; ballhitbox:pelota|pausa_count[16] ; ballhitbox:pelota|pausa_count[16] ; mi_pll|altpll_inst|auto_generated|pll1|clk[0] ; mi_pll|altpll_inst|auto_generated|pll1|clk[0] ; 0.000        ; 0.080      ; 1.040      ;
; 0.748 ; ballhitbox:pelota|pausa_count[19] ; ballhitbox:pelota|pausa_count[19] ; mi_pll|altpll_inst|auto_generated|pll1|clk[0] ; mi_pll|altpll_inst|auto_generated|pll1|clk[0] ; 0.000        ; 0.080      ; 1.040      ;
; 0.748 ; ballhitbox:pelota|pausa_count[18] ; ballhitbox:pelota|pausa_count[18] ; mi_pll|altpll_inst|auto_generated|pll1|clk[0] ; mi_pll|altpll_inst|auto_generated|pll1|clk[0] ; 0.000        ; 0.080      ; 1.040      ;
; 0.749 ; ballhitbox:pelota|pausa_count[4]  ; ballhitbox:pelota|pausa_count[4]  ; mi_pll|altpll_inst|auto_generated|pll1|clk[0] ; mi_pll|altpll_inst|auto_generated|pll1|clk[0] ; 0.000        ; 0.080      ; 1.041      ;
; 0.751 ; ballhitbox:pelota|pausa_count[22] ; ballhitbox:pelota|pausa_count[22] ; mi_pll|altpll_inst|auto_generated|pll1|clk[0] ; mi_pll|altpll_inst|auto_generated|pll1|clk[0] ; 0.000        ; 0.080      ; 1.043      ;
; 0.761 ; vga:vga_principal|pixelx_o[7]     ; vga:vga_principal|pixelx_o[7]     ; mi_pll|altpll_inst|auto_generated|pll1|clk[0] ; mi_pll|altpll_inst|auto_generated|pll1|clk[0] ; 0.000        ; 0.081      ; 1.054      ;
; 0.761 ; vga:vga_principal|pixelx_o[1]     ; vga:vga_principal|pixelx_o[1]     ; mi_pll|altpll_inst|auto_generated|pll1|clk[0] ; mi_pll|altpll_inst|auto_generated|pll1|clk[0] ; 0.000        ; 0.081      ; 1.054      ;
; 0.761 ; ballhitbox:pelota|speed_cnt[1]    ; ballhitbox:pelota|speed_cnt[1]    ; mi_pll|altpll_inst|auto_generated|pll1|clk[0] ; mi_pll|altpll_inst|auto_generated|pll1|clk[0] ; 0.000        ; 0.081      ; 1.054      ;
; 0.762 ; pad:raqueta_der|contador[3]       ; pad:raqueta_der|contador[3]       ; mi_pll|altpll_inst|auto_generated|pll1|clk[0] ; mi_pll|altpll_inst|auto_generated|pll1|clk[0] ; 0.000        ; 0.081      ; 1.055      ;
; 0.762 ; ballhitbox:pelota|speed_cnt[10]   ; ballhitbox:pelota|speed_cnt[10]   ; mi_pll|altpll_inst|auto_generated|pll1|clk[0] ; mi_pll|altpll_inst|auto_generated|pll1|clk[0] ; 0.000        ; 0.081      ; 1.055      ;
; 0.763 ; ballhitbox:pelota|ballx_o[7]      ; ballhitbox:pelota|ballx_o[7]      ; mi_pll|altpll_inst|auto_generated|pll1|clk[0] ; mi_pll|altpll_inst|auto_generated|pll1|clk[0] ; 0.000        ; 0.081      ; 1.056      ;
; 0.763 ; pad:raqueta_der|pady_o[3]         ; pad:raqueta_der|pady_o[3]         ; mi_pll|altpll_inst|auto_generated|pll1|clk[0] ; mi_pll|altpll_inst|auto_generated|pll1|clk[0] ; 0.000        ; 0.080      ; 1.055      ;
; 0.764 ; ballhitbox:pelota|ballx_o[2]      ; ballhitbox:pelota|ballx_o[2]      ; mi_pll|altpll_inst|auto_generated|pll1|clk[0] ; mi_pll|altpll_inst|auto_generated|pll1|clk[0] ; 0.000        ; 0.081      ; 1.057      ;
; 0.765 ; vga:vga_principal|pixelx_o[6]     ; vga:vga_principal|pixelx_o[6]     ; mi_pll|altpll_inst|auto_generated|pll1|clk[0] ; mi_pll|altpll_inst|auto_generated|pll1|clk[0] ; 0.000        ; 0.081      ; 1.058      ;
; 0.765 ; ballhitbox:pelota|pausa_count[21] ; ballhitbox:pelota|pausa_count[21] ; mi_pll|altpll_inst|auto_generated|pll1|clk[0] ; mi_pll|altpll_inst|auto_generated|pll1|clk[0] ; 0.000        ; 0.080      ; 1.057      ;
; 0.766 ; ballhitbox:pelota|pausa_count[6]  ; ballhitbox:pelota|pausa_count[6]  ; mi_pll|altpll_inst|auto_generated|pll1|clk[0] ; mi_pll|altpll_inst|auto_generated|pll1|clk[0] ; 0.000        ; 0.080      ; 1.058      ;
; 0.767 ; ballhitbox:pelota|speed_cnt[20]   ; ballhitbox:pelota|speed_cnt[20]   ; mi_pll|altpll_inst|auto_generated|pll1|clk[0] ; mi_pll|altpll_inst|auto_generated|pll1|clk[0] ; 0.000        ; 0.080      ; 1.059      ;
; 0.767 ; ballhitbox:pelota|pausa_count[20] ; ballhitbox:pelota|pausa_count[20] ; mi_pll|altpll_inst|auto_generated|pll1|clk[0] ; mi_pll|altpll_inst|auto_generated|pll1|clk[0] ; 0.000        ; 0.080      ; 1.059      ;
; 0.769 ; vga:vga_principal|pixely_o[7]     ; vga:vga_principal|pixely_o[7]     ; mi_pll|altpll_inst|auto_generated|pll1|clk[0] ; mi_pll|altpll_inst|auto_generated|pll1|clk[0] ; 0.000        ; 0.081      ; 1.062      ;
; 0.769 ; vga:vga_principal|pixely_o[8]     ; vga:vga_principal|pixely_o[8]     ; mi_pll|altpll_inst|auto_generated|pll1|clk[0] ; mi_pll|altpll_inst|auto_generated|pll1|clk[0] ; 0.000        ; 0.081      ; 1.062      ;
; 0.771 ; vga:vga_principal|pixelx_o[3]     ; vga:vga_principal|pixelx_o[3]     ; mi_pll|altpll_inst|auto_generated|pll1|clk[0] ; mi_pll|altpll_inst|auto_generated|pll1|clk[0] ; 0.000        ; 0.081      ; 1.064      ;
; 0.771 ; vga:vga_principal|pixelx_o[2]     ; vga:vga_principal|pixelx_o[2]     ; mi_pll|altpll_inst|auto_generated|pll1|clk[0] ; mi_pll|altpll_inst|auto_generated|pll1|clk[0] ; 0.000        ; 0.081      ; 1.064      ;
; 0.772 ; ballhitbox:pelota|pausa_count[0]  ; ballhitbox:pelota|pausa_count[0]  ; mi_pll|altpll_inst|auto_generated|pll1|clk[0] ; mi_pll|altpll_inst|auto_generated|pll1|clk[0] ; 0.000        ; 0.080      ; 1.064      ;
; 0.776 ; pulsecounter:cuenta_j2|count_o[0] ; pulsecounter:cuenta_j2|count_o[3] ; mi_pll|altpll_inst|auto_generated|pll1|clk[0] ; mi_pll|altpll_inst|auto_generated|pll1|clk[0] ; 0.000        ; 0.082      ; 1.070      ;
; 0.777 ; vga:vga_principal|pixely_o[1]     ; vga:vga_principal|pixely_o[1]     ; mi_pll|altpll_inst|auto_generated|pll1|clk[0] ; mi_pll|altpll_inst|auto_generated|pll1|clk[0] ; 0.000        ; 0.081      ; 1.070      ;
; 0.778 ; ballhitbox:pelota|ballx_o[9]      ; ballhitbox:pelota|ballx_o[9]      ; mi_pll|altpll_inst|auto_generated|pll1|clk[0] ; mi_pll|altpll_inst|auto_generated|pll1|clk[0] ; 0.000        ; 0.081      ; 1.071      ;
; 0.779 ; pulsecounter:cuenta_j2|count_o[0] ; pulsecounter:cuenta_j2|count_o[2] ; mi_pll|altpll_inst|auto_generated|pll1|clk[0] ; mi_pll|altpll_inst|auto_generated|pll1|clk[0] ; 0.000        ; 0.082      ; 1.073      ;
; 0.780 ; pulsecounter:cuenta_j2|count_o[0] ; pulsecounter:cuenta_j2|count_o[1] ; mi_pll|altpll_inst|auto_generated|pll1|clk[0] ; mi_pll|altpll_inst|auto_generated|pll1|clk[0] ; 0.000        ; 0.082      ; 1.074      ;
; 0.781 ; pad:raqueta_der|pady_o[7]         ; pad:raqueta_der|pady_o[7]         ; mi_pll|altpll_inst|auto_generated|pll1|clk[0] ; mi_pll|altpll_inst|auto_generated|pll1|clk[0] ; 0.000        ; 0.080      ; 1.073      ;
; 0.781 ; pad:raqueta_der|pady_o[9]         ; pad:raqueta_der|pady_o[9]         ; mi_pll|altpll_inst|auto_generated|pll1|clk[0] ; mi_pll|altpll_inst|auto_generated|pll1|clk[0] ; 0.000        ; 0.080      ; 1.073      ;
; 0.782 ; pad:raqueta_der|pady_o[4]         ; pad:raqueta_der|pady_o[4]         ; mi_pll|altpll_inst|auto_generated|pll1|clk[0] ; mi_pll|altpll_inst|auto_generated|pll1|clk[0] ; 0.000        ; 0.080      ; 1.074      ;
; 0.782 ; pad:raqueta_der|pady_o[1]         ; pad:raqueta_der|pady_o[1]         ; mi_pll|altpll_inst|auto_generated|pll1|clk[0] ; mi_pll|altpll_inst|auto_generated|pll1|clk[0] ; 0.000        ; 0.080      ; 1.074      ;
; 0.784 ; pad:raqueta_der|pady_o[8]         ; pad:raqueta_der|pady_o[8]         ; mi_pll|altpll_inst|auto_generated|pll1|clk[0] ; mi_pll|altpll_inst|auto_generated|pll1|clk[0] ; 0.000        ; 0.080      ; 1.076      ;
; 0.786 ; pulsecounter:cuenta_j1|count_o[0] ; pulsecounter:cuenta_j1|count_o[3] ; mi_pll|altpll_inst|auto_generated|pll1|clk[0] ; mi_pll|altpll_inst|auto_generated|pll1|clk[0] ; 0.000        ; 0.081      ; 1.079      ;
; 0.787 ; vga:vga_principal|pixely_o[6]     ; vga:vga_principal|pixely_o[6]     ; mi_pll|altpll_inst|auto_generated|pll1|clk[0] ; mi_pll|altpll_inst|auto_generated|pll1|clk[0] ; 0.000        ; 0.081      ; 1.080      ;
; 0.787 ; vga:vga_principal|pixelx_o[0]     ; vga:vga_principal|pixelx_o[0]     ; mi_pll|altpll_inst|auto_generated|pll1|clk[0] ; mi_pll|altpll_inst|auto_generated|pll1|clk[0] ; 0.000        ; 0.081      ; 1.080      ;
; 0.787 ; pad:raqueta_izq|pady_o[1]         ; pad:raqueta_izq|pady_o[1]         ; mi_pll|altpll_inst|auto_generated|pll1|clk[0] ; mi_pll|altpll_inst|auto_generated|pll1|clk[0] ; 0.000        ; 0.081      ; 1.080      ;
; 0.787 ; pad:raqueta_izq|pady_o[7]         ; pad:raqueta_izq|pady_o[7]         ; mi_pll|altpll_inst|auto_generated|pll1|clk[0] ; mi_pll|altpll_inst|auto_generated|pll1|clk[0] ; 0.000        ; 0.081      ; 1.080      ;
; 0.788 ; pad:raqueta_izq|pady_o[6]         ; pad:raqueta_izq|pady_o[6]         ; mi_pll|altpll_inst|auto_generated|pll1|clk[0] ; mi_pll|altpll_inst|auto_generated|pll1|clk[0] ; 0.000        ; 0.081      ; 1.081      ;
; 0.789 ; ballhitbox:pelota|ballx_o[1]      ; ballhitbox:pelota|ballx_o[1]      ; mi_pll|altpll_inst|auto_generated|pll1|clk[0] ; mi_pll|altpll_inst|auto_generated|pll1|clk[0] ; 0.000        ; 0.081      ; 1.082      ;
; 0.789 ; pulsecounter:cuenta_j2|count_o[2] ; pulsecounter:cuenta_j2|count_o[1] ; mi_pll|altpll_inst|auto_generated|pll1|clk[0] ; mi_pll|altpll_inst|auto_generated|pll1|clk[0] ; 0.000        ; 0.082      ; 1.083      ;
; 0.795 ; pad:raqueta_izq|pady_o[4]         ; pad:raqueta_izq|pady_o[4]         ; mi_pll|altpll_inst|auto_generated|pll1|clk[0] ; mi_pll|altpll_inst|auto_generated|pll1|clk[0] ; 0.000        ; 0.081      ; 1.088      ;
; 0.796 ; pulsecounter:cuenta_j2|count_o[1] ; pulsecounter:cuenta_j2|count_o[2] ; mi_pll|altpll_inst|auto_generated|pll1|clk[0] ; mi_pll|altpll_inst|auto_generated|pll1|clk[0] ; 0.000        ; 0.082      ; 1.090      ;
; 0.796 ; pulsecounter:cuenta_j1|count_o[1] ; pulsecounter:cuenta_j1|count_o[2] ; mi_pll|altpll_inst|auto_generated|pll1|clk[0] ; mi_pll|altpll_inst|auto_generated|pll1|clk[0] ; 0.000        ; 0.081      ; 1.089      ;
; 0.799 ; pulsecounter:cuenta_j2|count_o[1] ; pulsecounter:cuenta_j2|count_o[3] ; mi_pll|altpll_inst|auto_generated|pll1|clk[0] ; mi_pll|altpll_inst|auto_generated|pll1|clk[0] ; 0.000        ; 0.082      ; 1.093      ;
; 0.802 ; ballhitbox:pelota|vx[2]           ; ballhitbox:pelota|ballx_o[3]      ; mi_pll|altpll_inst|auto_generated|pll1|clk[0] ; mi_pll|altpll_inst|auto_generated|pll1|clk[0] ; 0.000        ; 0.081      ; 1.095      ;
; 0.803 ; ballhitbox:pelota|vx[2]           ; ballhitbox:pelota|ballx_o[2]      ; mi_pll|altpll_inst|auto_generated|pll1|clk[0] ; mi_pll|altpll_inst|auto_generated|pll1|clk[0] ; 0.000        ; 0.081      ; 1.096      ;
; 0.804 ; ballhitbox:pelota|vx[2]           ; ballhitbox:pelota|ballx_o[5]      ; mi_pll|altpll_inst|auto_generated|pll1|clk[0] ; mi_pll|altpll_inst|auto_generated|pll1|clk[0] ; 0.000        ; 0.081      ; 1.097      ;
; 0.805 ; ballhitbox:pelota|vx[2]           ; ballhitbox:pelota|ballx_o[4]      ; mi_pll|altpll_inst|auto_generated|pll1|clk[0] ; mi_pll|altpll_inst|auto_generated|pll1|clk[0] ; 0.000        ; 0.081      ; 1.098      ;
; 0.805 ; ballhitbox:pelota|vx[2]           ; ballhitbox:pelota|ballx_o[7]      ; mi_pll|altpll_inst|auto_generated|pll1|clk[0] ; mi_pll|altpll_inst|auto_generated|pll1|clk[0] ; 0.000        ; 0.081      ; 1.098      ;
; 0.806 ; ballhitbox:pelota|vx[2]           ; ballhitbox:pelota|ballx_o[6]      ; mi_pll|altpll_inst|auto_generated|pll1|clk[0] ; mi_pll|altpll_inst|auto_generated|pll1|clk[0] ; 0.000        ; 0.081      ; 1.099      ;
+-------+-----------------------------------+-----------------------------------+-----------------------------------------------+-----------------------------------------------+--------------+------------+------------+


-----------------------------------------------
; Slow 1200mV 85C Model Metastability Summary ;
-----------------------------------------------
No synchronizer chains to report.


+------------------------------------------------------------------------------------+
; Slow 1200mV 0C Model Fmax Summary                                                  ;
+-----------+-----------------+-----------------------------------------------+------+
; Fmax      ; Restricted Fmax ; Clock Name                                    ; Note ;
+-----------+-----------------+-----------------------------------------------+------+
; 73.63 MHz ; 73.63 MHz       ; mi_pll|altpll_inst|auto_generated|pll1|clk[0] ;      ;
+-----------+-----------------+-----------------------------------------------+------+
This panel reports FMAX for every clock in the design, regardless of the user-specified clock periods.  FMAX is only computed for paths where the source and destination registers or ports are driven by the same clock.  Paths of different clocks, including generated clocks, are ignored.  For paths between a clock and its inversion, FMAX is computed as if the rising and falling edges are scaled along with FMAX, such that the duty cycle (in terms of a percentage) is maintained. Altera recommends that you always use clock constraints and other slack reports for sign-off analysis.


+------------------------------------------------------------------------+
; Slow 1200mV 0C Model Setup Summary                                     ;
+-----------------------------------------------+--------+---------------+
; Clock                                         ; Slack  ; End Point TNS ;
+-----------------------------------------------+--------+---------------+
; mi_pll|altpll_inst|auto_generated|pll1|clk[0] ; 26.419 ; 0.000         ;
+-----------------------------------------------+--------+---------------+


+-----------------------------------------------------------------------+
; Slow 1200mV 0C Model Hold Summary                                     ;
+-----------------------------------------------+-------+---------------+
; Clock                                         ; Slack ; End Point TNS ;
+-----------------------------------------------+-------+---------------+
; mi_pll|altpll_inst|auto_generated|pll1|clk[0] ; 0.401 ; 0.000         ;
+-----------------------------------------------+-------+---------------+


-----------------------------------------
; Slow 1200mV 0C Model Recovery Summary ;
-----------------------------------------
No paths to report.


----------------------------------------
; Slow 1200mV 0C Model Removal Summary ;
----------------------------------------
No paths to report.


+------------------------------------------------------------------------+
; Slow 1200mV 0C Model Minimum Pulse Width Summary                       ;
+-----------------------------------------------+--------+---------------+
; Clock                                         ; Slack  ; End Point TNS ;
+-----------------------------------------------+--------+---------------+
; clk                                           ; 9.943  ; 0.000         ;
; mi_pll|altpll_inst|auto_generated|pll1|clk[0] ; 19.715 ; 0.000         ;
+-----------------------------------------------+--------+---------------+


+----------------------------------------------------------------------------------------------------------------------------------------------------------------------------------------------------------+
; Slow 1200mV 0C Model Setup: 'mi_pll|altpll_inst|auto_generated|pll1|clk[0]'                                                                                                                              ;
+--------+-------------------------------+------------------------+-----------------------------------------------+-----------------------------------------------+--------------+------------+------------+
; Slack  ; From Node                     ; To Node                ; Launch Clock                                  ; Latch Clock                                   ; Relationship ; Clock Skew ; Data Delay ;
+--------+-------------------------------+------------------------+-----------------------------------------------+-----------------------------------------------+--------------+------------+------------+
; 26.419 ; vga:vga_principal|pixelx_o[1] ; flipflop:flip_g|dato_o ; mi_pll|altpll_inst|auto_generated|pll1|clk[0] ; mi_pll|altpll_inst|auto_generated|pll1|clk[0] ; 40.000       ; -0.058     ; 13.525     ;
; 26.423 ; vga:vga_principal|pixelx_o[1] ; flipflop:flip_r|dato_o ; mi_pll|altpll_inst|auto_generated|pll1|clk[0] ; mi_pll|altpll_inst|auto_generated|pll1|clk[0] ; 40.000       ; -0.058     ; 13.521     ;
; 26.711 ; vga:vga_principal|pixelx_o[5] ; flipflop:flip_g|dato_o ; mi_pll|altpll_inst|auto_generated|pll1|clk[0] ; mi_pll|altpll_inst|auto_generated|pll1|clk[0] ; 40.000       ; -0.058     ; 13.233     ;
; 26.715 ; vga:vga_principal|pixelx_o[5] ; flipflop:flip_r|dato_o ; mi_pll|altpll_inst|auto_generated|pll1|clk[0] ; mi_pll|altpll_inst|auto_generated|pll1|clk[0] ; 40.000       ; -0.058     ; 13.229     ;
; 26.729 ; vga:vga_principal|pixelx_o[0] ; flipflop:flip_g|dato_o ; mi_pll|altpll_inst|auto_generated|pll1|clk[0] ; mi_pll|altpll_inst|auto_generated|pll1|clk[0] ; 40.000       ; -0.058     ; 13.215     ;
; 26.733 ; vga:vga_principal|pixelx_o[0] ; flipflop:flip_r|dato_o ; mi_pll|altpll_inst|auto_generated|pll1|clk[0] ; mi_pll|altpll_inst|auto_generated|pll1|clk[0] ; 40.000       ; -0.058     ; 13.211     ;
; 26.895 ; vga:vga_principal|pixelx_o[2] ; flipflop:flip_g|dato_o ; mi_pll|altpll_inst|auto_generated|pll1|clk[0] ; mi_pll|altpll_inst|auto_generated|pll1|clk[0] ; 40.000       ; -0.058     ; 13.049     ;
; 26.899 ; vga:vga_principal|pixelx_o[2] ; flipflop:flip_r|dato_o ; mi_pll|altpll_inst|auto_generated|pll1|clk[0] ; mi_pll|altpll_inst|auto_generated|pll1|clk[0] ; 40.000       ; -0.058     ; 13.045     ;
; 27.121 ; vga:vga_principal|pixelx_o[4] ; flipflop:flip_g|dato_o ; mi_pll|altpll_inst|auto_generated|pll1|clk[0] ; mi_pll|altpll_inst|auto_generated|pll1|clk[0] ; 40.000       ; -0.058     ; 12.823     ;
; 27.125 ; vga:vga_principal|pixelx_o[4] ; flipflop:flip_r|dato_o ; mi_pll|altpll_inst|auto_generated|pll1|clk[0] ; mi_pll|altpll_inst|auto_generated|pll1|clk[0] ; 40.000       ; -0.058     ; 12.819     ;
; 27.144 ; vga:vga_principal|pixelx_o[1] ; flipflop:flip_b|dato_o ; mi_pll|altpll_inst|auto_generated|pll1|clk[0] ; mi_pll|altpll_inst|auto_generated|pll1|clk[0] ; 40.000       ; -0.069     ; 12.789     ;
; 27.426 ; vga:vga_principal|pixely_o[9] ; flipflop:flip_g|dato_o ; mi_pll|altpll_inst|auto_generated|pll1|clk[0] ; mi_pll|altpll_inst|auto_generated|pll1|clk[0] ; 40.000       ; -0.058     ; 12.518     ;
; 27.430 ; vga:vga_principal|pixely_o[9] ; flipflop:flip_r|dato_o ; mi_pll|altpll_inst|auto_generated|pll1|clk[0] ; mi_pll|altpll_inst|auto_generated|pll1|clk[0] ; 40.000       ; -0.058     ; 12.514     ;
; 27.436 ; vga:vga_principal|pixelx_o[5] ; flipflop:flip_b|dato_o ; mi_pll|altpll_inst|auto_generated|pll1|clk[0] ; mi_pll|altpll_inst|auto_generated|pll1|clk[0] ; 40.000       ; -0.069     ; 12.497     ;
; 27.454 ; vga:vga_principal|pixelx_o[0] ; flipflop:flip_b|dato_o ; mi_pll|altpll_inst|auto_generated|pll1|clk[0] ; mi_pll|altpll_inst|auto_generated|pll1|clk[0] ; 40.000       ; -0.069     ; 12.479     ;
; 27.620 ; vga:vga_principal|pixelx_o[2] ; flipflop:flip_b|dato_o ; mi_pll|altpll_inst|auto_generated|pll1|clk[0] ; mi_pll|altpll_inst|auto_generated|pll1|clk[0] ; 40.000       ; -0.069     ; 12.313     ;
; 27.669 ; vga:vga_principal|pixely_o[4] ; flipflop:flip_g|dato_o ; mi_pll|altpll_inst|auto_generated|pll1|clk[0] ; mi_pll|altpll_inst|auto_generated|pll1|clk[0] ; 40.000       ; -0.061     ; 12.272     ;
; 27.673 ; vga:vga_principal|pixely_o[4] ; flipflop:flip_r|dato_o ; mi_pll|altpll_inst|auto_generated|pll1|clk[0] ; mi_pll|altpll_inst|auto_generated|pll1|clk[0] ; 40.000       ; -0.061     ; 12.268     ;
; 27.710 ; vga:vga_principal|pixelx_o[3] ; flipflop:flip_g|dato_o ; mi_pll|altpll_inst|auto_generated|pll1|clk[0] ; mi_pll|altpll_inst|auto_generated|pll1|clk[0] ; 40.000       ; -0.058     ; 12.234     ;
; 27.714 ; vga:vga_principal|pixelx_o[3] ; flipflop:flip_r|dato_o ; mi_pll|altpll_inst|auto_generated|pll1|clk[0] ; mi_pll|altpll_inst|auto_generated|pll1|clk[0] ; 40.000       ; -0.058     ; 12.230     ;
; 27.846 ; vga:vga_principal|pixelx_o[4] ; flipflop:flip_b|dato_o ; mi_pll|altpll_inst|auto_generated|pll1|clk[0] ; mi_pll|altpll_inst|auto_generated|pll1|clk[0] ; 40.000       ; -0.069     ; 12.087     ;
; 27.847 ; vga:vga_principal|pixely_o[7] ; flipflop:flip_g|dato_o ; mi_pll|altpll_inst|auto_generated|pll1|clk[0] ; mi_pll|altpll_inst|auto_generated|pll1|clk[0] ; 40.000       ; -0.061     ; 12.094     ;
; 27.851 ; vga:vga_principal|pixely_o[7] ; flipflop:flip_r|dato_o ; mi_pll|altpll_inst|auto_generated|pll1|clk[0] ; mi_pll|altpll_inst|auto_generated|pll1|clk[0] ; 40.000       ; -0.061     ; 12.090     ;
; 27.912 ; vga:vga_principal|pixely_o[8] ; flipflop:flip_g|dato_o ; mi_pll|altpll_inst|auto_generated|pll1|clk[0] ; mi_pll|altpll_inst|auto_generated|pll1|clk[0] ; 40.000       ; -0.061     ; 12.029     ;
; 27.916 ; vga:vga_principal|pixely_o[8] ; flipflop:flip_r|dato_o ; mi_pll|altpll_inst|auto_generated|pll1|clk[0] ; mi_pll|altpll_inst|auto_generated|pll1|clk[0] ; 40.000       ; -0.061     ; 12.025     ;
; 27.938 ; vga:vga_principal|pixely_o[5] ; flipflop:flip_g|dato_o ; mi_pll|altpll_inst|auto_generated|pll1|clk[0] ; mi_pll|altpll_inst|auto_generated|pll1|clk[0] ; 40.000       ; -0.061     ; 12.003     ;
; 27.942 ; vga:vga_principal|pixely_o[5] ; flipflop:flip_r|dato_o ; mi_pll|altpll_inst|auto_generated|pll1|clk[0] ; mi_pll|altpll_inst|auto_generated|pll1|clk[0] ; 40.000       ; -0.061     ; 11.999     ;
; 28.009 ; vga:vga_principal|pixely_o[1] ; flipflop:flip_g|dato_o ; mi_pll|altpll_inst|auto_generated|pll1|clk[0] ; mi_pll|altpll_inst|auto_generated|pll1|clk[0] ; 40.000       ; -0.061     ; 11.932     ;
; 28.013 ; vga:vga_principal|pixely_o[1] ; flipflop:flip_r|dato_o ; mi_pll|altpll_inst|auto_generated|pll1|clk[0] ; mi_pll|altpll_inst|auto_generated|pll1|clk[0] ; 40.000       ; -0.061     ; 11.928     ;
; 28.055 ; vga:vga_principal|pixelx_o[7] ; flipflop:flip_g|dato_o ; mi_pll|altpll_inst|auto_generated|pll1|clk[0] ; mi_pll|altpll_inst|auto_generated|pll1|clk[0] ; 40.000       ; -0.058     ; 11.889     ;
; 28.059 ; vga:vga_principal|pixelx_o[7] ; flipflop:flip_r|dato_o ; mi_pll|altpll_inst|auto_generated|pll1|clk[0] ; mi_pll|altpll_inst|auto_generated|pll1|clk[0] ; 40.000       ; -0.058     ; 11.885     ;
; 28.096 ; vga:vga_principal|pixely_o[2] ; flipflop:flip_g|dato_o ; mi_pll|altpll_inst|auto_generated|pll1|clk[0] ; mi_pll|altpll_inst|auto_generated|pll1|clk[0] ; 40.000       ; -0.065     ; 11.841     ;
; 28.100 ; vga:vga_principal|pixely_o[2] ; flipflop:flip_r|dato_o ; mi_pll|altpll_inst|auto_generated|pll1|clk[0] ; mi_pll|altpll_inst|auto_generated|pll1|clk[0] ; 40.000       ; -0.065     ; 11.837     ;
; 28.151 ; vga:vga_principal|pixely_o[9] ; flipflop:flip_b|dato_o ; mi_pll|altpll_inst|auto_generated|pll1|clk[0] ; mi_pll|altpll_inst|auto_generated|pll1|clk[0] ; 40.000       ; -0.069     ; 11.782     ;
; 28.213 ; vga:vga_principal|pixely_o[6] ; flipflop:flip_g|dato_o ; mi_pll|altpll_inst|auto_generated|pll1|clk[0] ; mi_pll|altpll_inst|auto_generated|pll1|clk[0] ; 40.000       ; -0.061     ; 11.728     ;
; 28.217 ; vga:vga_principal|pixely_o[6] ; flipflop:flip_r|dato_o ; mi_pll|altpll_inst|auto_generated|pll1|clk[0] ; mi_pll|altpll_inst|auto_generated|pll1|clk[0] ; 40.000       ; -0.061     ; 11.724     ;
; 28.394 ; vga:vga_principal|pixely_o[4] ; flipflop:flip_b|dato_o ; mi_pll|altpll_inst|auto_generated|pll1|clk[0] ; mi_pll|altpll_inst|auto_generated|pll1|clk[0] ; 40.000       ; -0.072     ; 11.536     ;
; 28.435 ; vga:vga_principal|pixelx_o[3] ; flipflop:flip_b|dato_o ; mi_pll|altpll_inst|auto_generated|pll1|clk[0] ; mi_pll|altpll_inst|auto_generated|pll1|clk[0] ; 40.000       ; -0.069     ; 11.498     ;
; 28.435 ; vga:vga_principal|pixely_o[3] ; flipflop:flip_g|dato_o ; mi_pll|altpll_inst|auto_generated|pll1|clk[0] ; mi_pll|altpll_inst|auto_generated|pll1|clk[0] ; 40.000       ; -0.065     ; 11.502     ;
; 28.439 ; vga:vga_principal|pixely_o[3] ; flipflop:flip_r|dato_o ; mi_pll|altpll_inst|auto_generated|pll1|clk[0] ; mi_pll|altpll_inst|auto_generated|pll1|clk[0] ; 40.000       ; -0.065     ; 11.498     ;
; 28.506 ; vga:vga_principal|pixely_o[0] ; flipflop:flip_g|dato_o ; mi_pll|altpll_inst|auto_generated|pll1|clk[0] ; mi_pll|altpll_inst|auto_generated|pll1|clk[0] ; 40.000       ; -0.058     ; 11.438     ;
; 28.510 ; vga:vga_principal|pixely_o[0] ; flipflop:flip_r|dato_o ; mi_pll|altpll_inst|auto_generated|pll1|clk[0] ; mi_pll|altpll_inst|auto_generated|pll1|clk[0] ; 40.000       ; -0.058     ; 11.434     ;
; 28.572 ; vga:vga_principal|pixely_o[7] ; flipflop:flip_b|dato_o ; mi_pll|altpll_inst|auto_generated|pll1|clk[0] ; mi_pll|altpll_inst|auto_generated|pll1|clk[0] ; 40.000       ; -0.072     ; 11.358     ;
; 28.612 ; vga:vga_principal|pixelx_o[8] ; flipflop:flip_g|dato_o ; mi_pll|altpll_inst|auto_generated|pll1|clk[0] ; mi_pll|altpll_inst|auto_generated|pll1|clk[0] ; 40.000       ; -0.058     ; 11.332     ;
; 28.616 ; vga:vga_principal|pixelx_o[8] ; flipflop:flip_r|dato_o ; mi_pll|altpll_inst|auto_generated|pll1|clk[0] ; mi_pll|altpll_inst|auto_generated|pll1|clk[0] ; 40.000       ; -0.058     ; 11.328     ;
; 28.637 ; vga:vga_principal|pixely_o[8] ; flipflop:flip_b|dato_o ; mi_pll|altpll_inst|auto_generated|pll1|clk[0] ; mi_pll|altpll_inst|auto_generated|pll1|clk[0] ; 40.000       ; -0.072     ; 11.293     ;
; 28.662 ; vga:vga_principal|pixelx_o[6] ; flipflop:flip_g|dato_o ; mi_pll|altpll_inst|auto_generated|pll1|clk[0] ; mi_pll|altpll_inst|auto_generated|pll1|clk[0] ; 40.000       ; -0.058     ; 11.282     ;
; 28.663 ; vga:vga_principal|pixely_o[5] ; flipflop:flip_b|dato_o ; mi_pll|altpll_inst|auto_generated|pll1|clk[0] ; mi_pll|altpll_inst|auto_generated|pll1|clk[0] ; 40.000       ; -0.072     ; 11.267     ;
; 28.666 ; vga:vga_principal|pixelx_o[6] ; flipflop:flip_r|dato_o ; mi_pll|altpll_inst|auto_generated|pll1|clk[0] ; mi_pll|altpll_inst|auto_generated|pll1|clk[0] ; 40.000       ; -0.058     ; 11.278     ;
; 28.734 ; vga:vga_principal|pixely_o[1] ; flipflop:flip_b|dato_o ; mi_pll|altpll_inst|auto_generated|pll1|clk[0] ; mi_pll|altpll_inst|auto_generated|pll1|clk[0] ; 40.000       ; -0.072     ; 11.196     ;
; 28.780 ; vga:vga_principal|pixelx_o[7] ; flipflop:flip_b|dato_o ; mi_pll|altpll_inst|auto_generated|pll1|clk[0] ; mi_pll|altpll_inst|auto_generated|pll1|clk[0] ; 40.000       ; -0.069     ; 11.153     ;
; 28.821 ; vga:vga_principal|pixely_o[2] ; flipflop:flip_b|dato_o ; mi_pll|altpll_inst|auto_generated|pll1|clk[0] ; mi_pll|altpll_inst|auto_generated|pll1|clk[0] ; 40.000       ; -0.076     ; 11.105     ;
; 28.879 ; vga:vga_principal|pixelx_o[9] ; flipflop:flip_g|dato_o ; mi_pll|altpll_inst|auto_generated|pll1|clk[0] ; mi_pll|altpll_inst|auto_generated|pll1|clk[0] ; 40.000       ; -0.058     ; 11.065     ;
; 28.883 ; vga:vga_principal|pixelx_o[9] ; flipflop:flip_r|dato_o ; mi_pll|altpll_inst|auto_generated|pll1|clk[0] ; mi_pll|altpll_inst|auto_generated|pll1|clk[0] ; 40.000       ; -0.058     ; 11.061     ;
; 28.938 ; vga:vga_principal|pixely_o[6] ; flipflop:flip_b|dato_o ; mi_pll|altpll_inst|auto_generated|pll1|clk[0] ; mi_pll|altpll_inst|auto_generated|pll1|clk[0] ; 40.000       ; -0.072     ; 10.992     ;
; 29.160 ; vga:vga_principal|pixely_o[3] ; flipflop:flip_b|dato_o ; mi_pll|altpll_inst|auto_generated|pll1|clk[0] ; mi_pll|altpll_inst|auto_generated|pll1|clk[0] ; 40.000       ; -0.076     ; 10.766     ;
; 29.231 ; vga:vga_principal|pixely_o[0] ; flipflop:flip_b|dato_o ; mi_pll|altpll_inst|auto_generated|pll1|clk[0] ; mi_pll|altpll_inst|auto_generated|pll1|clk[0] ; 40.000       ; -0.069     ; 10.702     ;
; 29.337 ; vga:vga_principal|pixelx_o[8] ; flipflop:flip_b|dato_o ; mi_pll|altpll_inst|auto_generated|pll1|clk[0] ; mi_pll|altpll_inst|auto_generated|pll1|clk[0] ; 40.000       ; -0.069     ; 10.596     ;
; 29.387 ; vga:vga_principal|pixelx_o[6] ; flipflop:flip_b|dato_o ; mi_pll|altpll_inst|auto_generated|pll1|clk[0] ; mi_pll|altpll_inst|auto_generated|pll1|clk[0] ; 40.000       ; -0.069     ; 10.546     ;
; 29.604 ; vga:vga_principal|pixelx_o[9] ; flipflop:flip_b|dato_o ; mi_pll|altpll_inst|auto_generated|pll1|clk[0] ; mi_pll|altpll_inst|auto_generated|pll1|clk[0] ; 40.000       ; -0.069     ; 10.329     ;
; 31.089 ; pad:raqueta_der|pady_o[6]     ; flipflop:flip_g|dato_o ; mi_pll|altpll_inst|auto_generated|pll1|clk[0] ; mi_pll|altpll_inst|auto_generated|pll1|clk[0] ; 40.000       ; -0.065     ; 8.848      ;
; 31.093 ; pad:raqueta_der|pady_o[6]     ; flipflop:flip_r|dato_o ; mi_pll|altpll_inst|auto_generated|pll1|clk[0] ; mi_pll|altpll_inst|auto_generated|pll1|clk[0] ; 40.000       ; -0.065     ; 8.844      ;
; 31.144 ; pad:raqueta_der|pady_o[7]     ; flipflop:flip_g|dato_o ; mi_pll|altpll_inst|auto_generated|pll1|clk[0] ; mi_pll|altpll_inst|auto_generated|pll1|clk[0] ; 40.000       ; -0.065     ; 8.793      ;
; 31.148 ; pad:raqueta_der|pady_o[7]     ; flipflop:flip_r|dato_o ; mi_pll|altpll_inst|auto_generated|pll1|clk[0] ; mi_pll|altpll_inst|auto_generated|pll1|clk[0] ; 40.000       ; -0.065     ; 8.789      ;
; 31.281 ; pad:raqueta_der|pady_o[5]     ; flipflop:flip_g|dato_o ; mi_pll|altpll_inst|auto_generated|pll1|clk[0] ; mi_pll|altpll_inst|auto_generated|pll1|clk[0] ; 40.000       ; -0.065     ; 8.656      ;
; 31.285 ; pad:raqueta_der|pady_o[5]     ; flipflop:flip_r|dato_o ; mi_pll|altpll_inst|auto_generated|pll1|clk[0] ; mi_pll|altpll_inst|auto_generated|pll1|clk[0] ; 40.000       ; -0.065     ; 8.652      ;
; 31.310 ; ballhitbox:pelota|ballx_o[1]  ; flipflop:flip_g|dato_o ; mi_pll|altpll_inst|auto_generated|pll1|clk[0] ; mi_pll|altpll_inst|auto_generated|pll1|clk[0] ; 40.000       ; -0.082     ; 8.610      ;
; 31.314 ; ballhitbox:pelota|ballx_o[1]  ; flipflop:flip_r|dato_o ; mi_pll|altpll_inst|auto_generated|pll1|clk[0] ; mi_pll|altpll_inst|auto_generated|pll1|clk[0] ; 40.000       ; -0.082     ; 8.606      ;
; 31.378 ; ballhitbox:pelota|bally_o[3]  ; flipflop:flip_g|dato_o ; mi_pll|altpll_inst|auto_generated|pll1|clk[0] ; mi_pll|altpll_inst|auto_generated|pll1|clk[0] ; 40.000       ; -0.064     ; 8.560      ;
; 31.382 ; ballhitbox:pelota|bally_o[3]  ; flipflop:flip_r|dato_o ; mi_pll|altpll_inst|auto_generated|pll1|clk[0] ; mi_pll|altpll_inst|auto_generated|pll1|clk[0] ; 40.000       ; -0.064     ; 8.556      ;
; 31.398 ; ballhitbox:pelota|bally_o[4]  ; flipflop:flip_g|dato_o ; mi_pll|altpll_inst|auto_generated|pll1|clk[0] ; mi_pll|altpll_inst|auto_generated|pll1|clk[0] ; 40.000       ; -0.064     ; 8.540      ;
; 31.402 ; ballhitbox:pelota|bally_o[4]  ; flipflop:flip_r|dato_o ; mi_pll|altpll_inst|auto_generated|pll1|clk[0] ; mi_pll|altpll_inst|auto_generated|pll1|clk[0] ; 40.000       ; -0.064     ; 8.536      ;
; 31.451 ; pad:raqueta_der|pady_o[4]     ; flipflop:flip_g|dato_o ; mi_pll|altpll_inst|auto_generated|pll1|clk[0] ; mi_pll|altpll_inst|auto_generated|pll1|clk[0] ; 40.000       ; -0.065     ; 8.486      ;
; 31.455 ; pad:raqueta_der|pady_o[4]     ; flipflop:flip_r|dato_o ; mi_pll|altpll_inst|auto_generated|pll1|clk[0] ; mi_pll|altpll_inst|auto_generated|pll1|clk[0] ; 40.000       ; -0.065     ; 8.482      ;
; 31.520 ; ballhitbox:pelota|ballx_o[2]  ; flipflop:flip_g|dato_o ; mi_pll|altpll_inst|auto_generated|pll1|clk[0] ; mi_pll|altpll_inst|auto_generated|pll1|clk[0] ; 40.000       ; -0.082     ; 8.400      ;
; 31.524 ; ballhitbox:pelota|ballx_o[2]  ; flipflop:flip_r|dato_o ; mi_pll|altpll_inst|auto_generated|pll1|clk[0] ; mi_pll|altpll_inst|auto_generated|pll1|clk[0] ; 40.000       ; -0.082     ; 8.396      ;
; 31.567 ; ballhitbox:pelota|bally_o[5]  ; flipflop:flip_g|dato_o ; mi_pll|altpll_inst|auto_generated|pll1|clk[0] ; mi_pll|altpll_inst|auto_generated|pll1|clk[0] ; 40.000       ; -0.064     ; 8.371      ;
; 31.568 ; pad:raqueta_izq|pady_o[6]     ; flipflop:flip_g|dato_o ; mi_pll|altpll_inst|auto_generated|pll1|clk[0] ; mi_pll|altpll_inst|auto_generated|pll1|clk[0] ; 40.000       ; -0.078     ; 8.356      ;
; 31.571 ; ballhitbox:pelota|bally_o[5]  ; flipflop:flip_r|dato_o ; mi_pll|altpll_inst|auto_generated|pll1|clk[0] ; mi_pll|altpll_inst|auto_generated|pll1|clk[0] ; 40.000       ; -0.064     ; 8.367      ;
; 31.572 ; pad:raqueta_izq|pady_o[6]     ; flipflop:flip_r|dato_o ; mi_pll|altpll_inst|auto_generated|pll1|clk[0] ; mi_pll|altpll_inst|auto_generated|pll1|clk[0] ; 40.000       ; -0.078     ; 8.352      ;
; 31.596 ; pad:raqueta_der|pady_o[6]     ; flipflop:flip_b|dato_o ; mi_pll|altpll_inst|auto_generated|pll1|clk[0] ; mi_pll|altpll_inst|auto_generated|pll1|clk[0] ; 40.000       ; -0.076     ; 8.330      ;
; 31.629 ; ballhitbox:pelota|ballx_o[3]  ; flipflop:flip_g|dato_o ; mi_pll|altpll_inst|auto_generated|pll1|clk[0] ; mi_pll|altpll_inst|auto_generated|pll1|clk[0] ; 40.000       ; -0.082     ; 8.291      ;
; 31.633 ; ballhitbox:pelota|ballx_o[3]  ; flipflop:flip_r|dato_o ; mi_pll|altpll_inst|auto_generated|pll1|clk[0] ; mi_pll|altpll_inst|auto_generated|pll1|clk[0] ; 40.000       ; -0.082     ; 8.287      ;
; 31.644 ; ballhitbox:pelota|ballx_o[4]  ; flipflop:flip_g|dato_o ; mi_pll|altpll_inst|auto_generated|pll1|clk[0] ; mi_pll|altpll_inst|auto_generated|pll1|clk[0] ; 40.000       ; -0.082     ; 8.276      ;
; 31.646 ; pad:raqueta_der|pady_o[8]     ; flipflop:flip_g|dato_o ; mi_pll|altpll_inst|auto_generated|pll1|clk[0] ; mi_pll|altpll_inst|auto_generated|pll1|clk[0] ; 40.000       ; -0.065     ; 8.291      ;
; 31.648 ; ballhitbox:pelota|ballx_o[4]  ; flipflop:flip_r|dato_o ; mi_pll|altpll_inst|auto_generated|pll1|clk[0] ; mi_pll|altpll_inst|auto_generated|pll1|clk[0] ; 40.000       ; -0.082     ; 8.272      ;
; 31.650 ; pad:raqueta_der|pady_o[8]     ; flipflop:flip_r|dato_o ; mi_pll|altpll_inst|auto_generated|pll1|clk[0] ; mi_pll|altpll_inst|auto_generated|pll1|clk[0] ; 40.000       ; -0.065     ; 8.287      ;
; 31.651 ; pad:raqueta_der|pady_o[7]     ; flipflop:flip_b|dato_o ; mi_pll|altpll_inst|auto_generated|pll1|clk[0] ; mi_pll|altpll_inst|auto_generated|pll1|clk[0] ; 40.000       ; -0.076     ; 8.275      ;
; 31.681 ; pad:raqueta_der|pady_o[2]     ; flipflop:flip_g|dato_o ; mi_pll|altpll_inst|auto_generated|pll1|clk[0] ; mi_pll|altpll_inst|auto_generated|pll1|clk[0] ; 40.000       ; -0.065     ; 8.256      ;
; 31.685 ; pad:raqueta_der|pady_o[2]     ; flipflop:flip_r|dato_o ; mi_pll|altpll_inst|auto_generated|pll1|clk[0] ; mi_pll|altpll_inst|auto_generated|pll1|clk[0] ; 40.000       ; -0.065     ; 8.252      ;
; 31.737 ; pad:raqueta_izq|pady_o[2]     ; flipflop:flip_g|dato_o ; mi_pll|altpll_inst|auto_generated|pll1|clk[0] ; mi_pll|altpll_inst|auto_generated|pll1|clk[0] ; 40.000       ; -0.078     ; 8.187      ;
; 31.741 ; pad:raqueta_izq|pady_o[2]     ; flipflop:flip_r|dato_o ; mi_pll|altpll_inst|auto_generated|pll1|clk[0] ; mi_pll|altpll_inst|auto_generated|pll1|clk[0] ; 40.000       ; -0.078     ; 8.183      ;
; 31.777 ; pad:raqueta_der|pady_o[3]     ; flipflop:flip_g|dato_o ; mi_pll|altpll_inst|auto_generated|pll1|clk[0] ; mi_pll|altpll_inst|auto_generated|pll1|clk[0] ; 40.000       ; -0.065     ; 8.160      ;
; 31.781 ; pad:raqueta_der|pady_o[3]     ; flipflop:flip_r|dato_o ; mi_pll|altpll_inst|auto_generated|pll1|clk[0] ; mi_pll|altpll_inst|auto_generated|pll1|clk[0] ; 40.000       ; -0.065     ; 8.156      ;
; 31.811 ; pad:raqueta_izq|pady_o[1]     ; flipflop:flip_g|dato_o ; mi_pll|altpll_inst|auto_generated|pll1|clk[0] ; mi_pll|altpll_inst|auto_generated|pll1|clk[0] ; 40.000       ; -0.078     ; 8.113      ;
; 31.815 ; pad:raqueta_izq|pady_o[1]     ; flipflop:flip_r|dato_o ; mi_pll|altpll_inst|auto_generated|pll1|clk[0] ; mi_pll|altpll_inst|auto_generated|pll1|clk[0] ; 40.000       ; -0.078     ; 8.109      ;
; 31.816 ; pad:raqueta_der|pady_o[5]     ; flipflop:flip_b|dato_o ; mi_pll|altpll_inst|auto_generated|pll1|clk[0] ; mi_pll|altpll_inst|auto_generated|pll1|clk[0] ; 40.000       ; -0.076     ; 8.110      ;
; 31.817 ; ballhitbox:pelota|ballx_o[1]  ; flipflop:flip_b|dato_o ; mi_pll|altpll_inst|auto_generated|pll1|clk[0] ; mi_pll|altpll_inst|auto_generated|pll1|clk[0] ; 40.000       ; -0.093     ; 8.092      ;
; 31.829 ; pad:raqueta_der|pady_o[1]     ; flipflop:flip_g|dato_o ; mi_pll|altpll_inst|auto_generated|pll1|clk[0] ; mi_pll|altpll_inst|auto_generated|pll1|clk[0] ; 40.000       ; -0.065     ; 8.108      ;
; 31.833 ; pad:raqueta_der|pady_o[1]     ; flipflop:flip_r|dato_o ; mi_pll|altpll_inst|auto_generated|pll1|clk[0] ; mi_pll|altpll_inst|auto_generated|pll1|clk[0] ; 40.000       ; -0.065     ; 8.104      ;
+--------+-------------------------------+------------------------+-----------------------------------------------+-----------------------------------------------+--------------+------------+------------+


+------------------------------------------------------------------------------------------------------------------------------------------------------------------------------------------------------------------------+
; Slow 1200mV 0C Model Hold: 'mi_pll|altpll_inst|auto_generated|pll1|clk[0]'                                                                                                                                             ;
+-------+-----------------------------------+-----------------------------------+-----------------------------------------------+-----------------------------------------------+--------------+------------+------------+
; Slack ; From Node                         ; To Node                           ; Launch Clock                                  ; Latch Clock                                   ; Relationship ; Clock Skew ; Data Delay ;
+-------+-----------------------------------+-----------------------------------+-----------------------------------------------+-----------------------------------------------+--------------+------------+------------+
; 0.401 ; pulsecounter:cuenta_j2|count_o[3] ; pulsecounter:cuenta_j2|count_o[3] ; mi_pll|altpll_inst|auto_generated|pll1|clk[0] ; mi_pll|altpll_inst|auto_generated|pll1|clk[0] ; 0.000        ; 0.073      ; 0.669      ;
; 0.401 ; pulsecounter:cuenta_j2|count_o[1] ; pulsecounter:cuenta_j2|count_o[1] ; mi_pll|altpll_inst|auto_generated|pll1|clk[0] ; mi_pll|altpll_inst|auto_generated|pll1|clk[0] ; 0.000        ; 0.073      ; 0.669      ;
; 0.401 ; pulsecounter:cuenta_j2|count_o[2] ; pulsecounter:cuenta_j2|count_o[2] ; mi_pll|altpll_inst|auto_generated|pll1|clk[0] ; mi_pll|altpll_inst|auto_generated|pll1|clk[0] ; 0.000        ; 0.073      ; 0.669      ;
; 0.402 ; pulsecounter:cuenta_j1|count_o[3] ; pulsecounter:cuenta_j1|count_o[3] ; mi_pll|altpll_inst|auto_generated|pll1|clk[0] ; mi_pll|altpll_inst|auto_generated|pll1|clk[0] ; 0.000        ; 0.072      ; 0.669      ;
; 0.402 ; pulsecounter:cuenta_j1|count_o[1] ; pulsecounter:cuenta_j1|count_o[1] ; mi_pll|altpll_inst|auto_generated|pll1|clk[0] ; mi_pll|altpll_inst|auto_generated|pll1|clk[0] ; 0.000        ; 0.072      ; 0.669      ;
; 0.402 ; pulsecounter:cuenta_j1|count_o[2] ; pulsecounter:cuenta_j1|count_o[2] ; mi_pll|altpll_inst|auto_generated|pll1|clk[0] ; mi_pll|altpll_inst|auto_generated|pll1|clk[0] ; 0.000        ; 0.072      ; 0.669      ;
; 0.416 ; pulsecounter:cuenta_j2|count_o[0] ; pulsecounter:cuenta_j2|count_o[0] ; mi_pll|altpll_inst|auto_generated|pll1|clk[0] ; mi_pll|altpll_inst|auto_generated|pll1|clk[0] ; 0.000        ; 0.073      ; 0.684      ;
; 0.417 ; pulsecounter:cuenta_j1|count_o[0] ; pulsecounter:cuenta_j1|count_o[0] ; mi_pll|altpll_inst|auto_generated|pll1|clk[0] ; mi_pll|altpll_inst|auto_generated|pll1|clk[0] ; 0.000        ; 0.072      ; 0.684      ;
; 0.457 ; ballhitbox:pelota|speed_cnt[21]   ; ballhitbox:pelota|speed_cnt[21]   ; mi_pll|altpll_inst|auto_generated|pll1|clk[0] ; mi_pll|altpll_inst|auto_generated|pll1|clk[0] ; 0.000        ; 0.072      ; 0.724      ;
; 0.457 ; ballhitbox:pelota|pausa_count[24] ; ballhitbox:pelota|pausa_count[24] ; mi_pll|altpll_inst|auto_generated|pll1|clk[0] ; mi_pll|altpll_inst|auto_generated|pll1|clk[0] ; 0.000        ; 0.072      ; 0.724      ;
; 0.470 ; pad:raqueta_der|contador[19]      ; pad:raqueta_der|contador[19]      ; mi_pll|altpll_inst|auto_generated|pll1|clk[0] ; mi_pll|altpll_inst|auto_generated|pll1|clk[0] ; 0.000        ; 0.072      ; 0.737      ;
; 0.482 ; pulsecounter:cuenta_j1|count_o[2] ; pulsecounter:cuenta_j1|count_o[3] ; mi_pll|altpll_inst|auto_generated|pll1|clk[0] ; mi_pll|altpll_inst|auto_generated|pll1|clk[0] ; 0.000        ; 0.072      ; 0.749      ;
; 0.484 ; pulsecounter:cuenta_j2|count_o[3] ; pulsecounter:cuenta_j2|count_o[1] ; mi_pll|altpll_inst|auto_generated|pll1|clk[0] ; mi_pll|altpll_inst|auto_generated|pll1|clk[0] ; 0.000        ; 0.073      ; 0.752      ;
; 0.488 ; pulsecounter:cuenta_j1|count_o[0] ; pulsecounter:cuenta_j1|count_o[2] ; mi_pll|altpll_inst|auto_generated|pll1|clk[0] ; mi_pll|altpll_inst|auto_generated|pll1|clk[0] ; 0.000        ; 0.072      ; 0.755      ;
; 0.494 ; pulsecounter:cuenta_j2|count_o[2] ; pulsecounter:cuenta_j2|count_o[3] ; mi_pll|altpll_inst|auto_generated|pll1|clk[0] ; mi_pll|altpll_inst|auto_generated|pll1|clk[0] ; 0.000        ; 0.073      ; 0.762      ;
; 0.505 ; pulsecounter:cuenta_j1|count_o[2] ; pulsecounter:cuenta_j1|count_o[1] ; mi_pll|altpll_inst|auto_generated|pll1|clk[0] ; mi_pll|altpll_inst|auto_generated|pll1|clk[0] ; 0.000        ; 0.072      ; 0.772      ;
; 0.690 ; pad:raqueta_der|contador[13]      ; pad:raqueta_der|contador[13]      ; mi_pll|altpll_inst|auto_generated|pll1|clk[0] ; mi_pll|altpll_inst|auto_generated|pll1|clk[0] ; 0.000        ; 0.072      ; 0.957      ;
; 0.691 ; ballhitbox:pelota|pausa_count[7]  ; ballhitbox:pelota|pausa_count[7]  ; mi_pll|altpll_inst|auto_generated|pll1|clk[0] ; mi_pll|altpll_inst|auto_generated|pll1|clk[0] ; 0.000        ; 0.072      ; 0.958      ;
; 0.691 ; ballhitbox:pelota|pausa_count[9]  ; ballhitbox:pelota|pausa_count[9]  ; mi_pll|altpll_inst|auto_generated|pll1|clk[0] ; mi_pll|altpll_inst|auto_generated|pll1|clk[0] ; 0.000        ; 0.072      ; 0.958      ;
; 0.691 ; ballhitbox:pelota|pausa_count[11] ; ballhitbox:pelota|pausa_count[11] ; mi_pll|altpll_inst|auto_generated|pll1|clk[0] ; mi_pll|altpll_inst|auto_generated|pll1|clk[0] ; 0.000        ; 0.072      ; 0.958      ;
; 0.692 ; ballhitbox:pelota|speed_cnt[14]   ; ballhitbox:pelota|speed_cnt[14]   ; mi_pll|altpll_inst|auto_generated|pll1|clk[0] ; mi_pll|altpll_inst|auto_generated|pll1|clk[0] ; 0.000        ; 0.072      ; 0.959      ;
; 0.692 ; ballhitbox:pelota|speed_cnt[11]   ; ballhitbox:pelota|speed_cnt[11]   ; mi_pll|altpll_inst|auto_generated|pll1|clk[0] ; mi_pll|altpll_inst|auto_generated|pll1|clk[0] ; 0.000        ; 0.072      ; 0.959      ;
; 0.692 ; ballhitbox:pelota|pausa_count[1]  ; ballhitbox:pelota|pausa_count[1]  ; mi_pll|altpll_inst|auto_generated|pll1|clk[0] ; mi_pll|altpll_inst|auto_generated|pll1|clk[0] ; 0.000        ; 0.072      ; 0.959      ;
; 0.692 ; ballhitbox:pelota|pausa_count[15] ; ballhitbox:pelota|pausa_count[15] ; mi_pll|altpll_inst|auto_generated|pll1|clk[0] ; mi_pll|altpll_inst|auto_generated|pll1|clk[0] ; 0.000        ; 0.072      ; 0.959      ;
; 0.692 ; ballhitbox:pelota|pausa_count[17] ; ballhitbox:pelota|pausa_count[17] ; mi_pll|altpll_inst|auto_generated|pll1|clk[0] ; mi_pll|altpll_inst|auto_generated|pll1|clk[0] ; 0.000        ; 0.072      ; 0.959      ;
; 0.693 ; pad:raqueta_der|contador[11]      ; pad:raqueta_der|contador[11]      ; mi_pll|altpll_inst|auto_generated|pll1|clk[0] ; mi_pll|altpll_inst|auto_generated|pll1|clk[0] ; 0.000        ; 0.072      ; 0.960      ;
; 0.693 ; ballhitbox:pelota|pausa_count[13] ; ballhitbox:pelota|pausa_count[13] ; mi_pll|altpll_inst|auto_generated|pll1|clk[0] ; mi_pll|altpll_inst|auto_generated|pll1|clk[0] ; 0.000        ; 0.072      ; 0.960      ;
; 0.693 ; ballhitbox:pelota|speed_cnt[9]    ; ballhitbox:pelota|speed_cnt[9]    ; mi_pll|altpll_inst|auto_generated|pll1|clk[0] ; mi_pll|altpll_inst|auto_generated|pll1|clk[0] ; 0.000        ; 0.072      ; 0.960      ;
; 0.693 ; ballhitbox:pelota|speed_cnt[6]    ; ballhitbox:pelota|speed_cnt[6]    ; mi_pll|altpll_inst|auto_generated|pll1|clk[0] ; mi_pll|altpll_inst|auto_generated|pll1|clk[0] ; 0.000        ; 0.072      ; 0.960      ;
; 0.693 ; ballhitbox:pelota|speed_cnt[7]    ; ballhitbox:pelota|speed_cnt[7]    ; mi_pll|altpll_inst|auto_generated|pll1|clk[0] ; mi_pll|altpll_inst|auto_generated|pll1|clk[0] ; 0.000        ; 0.072      ; 0.960      ;
; 0.694 ; ballhitbox:pelota|pausa_count[23] ; ballhitbox:pelota|pausa_count[23] ; mi_pll|altpll_inst|auto_generated|pll1|clk[0] ; mi_pll|altpll_inst|auto_generated|pll1|clk[0] ; 0.000        ; 0.072      ; 0.961      ;
; 0.694 ; ballhitbox:pelota|speed_cnt[3]    ; ballhitbox:pelota|speed_cnt[3]    ; mi_pll|altpll_inst|auto_generated|pll1|clk[0] ; mi_pll|altpll_inst|auto_generated|pll1|clk[0] ; 0.000        ; 0.072      ; 0.961      ;
; 0.695 ; pad:raqueta_der|contador[10]      ; pad:raqueta_der|contador[10]      ; mi_pll|altpll_inst|auto_generated|pll1|clk[0] ; mi_pll|altpll_inst|auto_generated|pll1|clk[0] ; 0.000        ; 0.072      ; 0.962      ;
; 0.695 ; pad:raqueta_der|contador[1]       ; pad:raqueta_der|contador[1]       ; mi_pll|altpll_inst|auto_generated|pll1|clk[0] ; mi_pll|altpll_inst|auto_generated|pll1|clk[0] ; 0.000        ; 0.072      ; 0.962      ;
; 0.695 ; ballhitbox:pelota|pausa_count[12] ; ballhitbox:pelota|pausa_count[12] ; mi_pll|altpll_inst|auto_generated|pll1|clk[0] ; mi_pll|altpll_inst|auto_generated|pll1|clk[0] ; 0.000        ; 0.072      ; 0.962      ;
; 0.695 ; ballhitbox:pelota|pausa_count[5]  ; ballhitbox:pelota|pausa_count[5]  ; mi_pll|altpll_inst|auto_generated|pll1|clk[0] ; mi_pll|altpll_inst|auto_generated|pll1|clk[0] ; 0.000        ; 0.072      ; 0.962      ;
; 0.696 ; pad:raqueta_der|contador[17]      ; pad:raqueta_der|contador[17]      ; mi_pll|altpll_inst|auto_generated|pll1|clk[0] ; mi_pll|altpll_inst|auto_generated|pll1|clk[0] ; 0.000        ; 0.072      ; 0.963      ;
; 0.696 ; pad:raqueta_der|contador[4]       ; pad:raqueta_der|contador[4]       ; mi_pll|altpll_inst|auto_generated|pll1|clk[0] ; mi_pll|altpll_inst|auto_generated|pll1|clk[0] ; 0.000        ; 0.072      ; 0.963      ;
; 0.696 ; ballhitbox:pelota|speed_cnt[19]   ; ballhitbox:pelota|speed_cnt[19]   ; mi_pll|altpll_inst|auto_generated|pll1|clk[0] ; mi_pll|altpll_inst|auto_generated|pll1|clk[0] ; 0.000        ; 0.072      ; 0.963      ;
; 0.696 ; ballhitbox:pelota|speed_cnt[12]   ; ballhitbox:pelota|speed_cnt[12]   ; mi_pll|altpll_inst|auto_generated|pll1|clk[0] ; mi_pll|altpll_inst|auto_generated|pll1|clk[0] ; 0.000        ; 0.072      ; 0.963      ;
; 0.696 ; ballhitbox:pelota|pausa_count[3]  ; ballhitbox:pelota|pausa_count[3]  ; mi_pll|altpll_inst|auto_generated|pll1|clk[0] ; mi_pll|altpll_inst|auto_generated|pll1|clk[0] ; 0.000        ; 0.072      ; 0.963      ;
; 0.696 ; ballhitbox:pelota|pausa_count[2]  ; ballhitbox:pelota|pausa_count[2]  ; mi_pll|altpll_inst|auto_generated|pll1|clk[0] ; mi_pll|altpll_inst|auto_generated|pll1|clk[0] ; 0.000        ; 0.072      ; 0.963      ;
; 0.696 ; ballhitbox:pelota|pausa_count[8]  ; ballhitbox:pelota|pausa_count[8]  ; mi_pll|altpll_inst|auto_generated|pll1|clk[0] ; mi_pll|altpll_inst|auto_generated|pll1|clk[0] ; 0.000        ; 0.072      ; 0.963      ;
; 0.696 ; ballhitbox:pelota|pausa_count[10] ; ballhitbox:pelota|pausa_count[10] ; mi_pll|altpll_inst|auto_generated|pll1|clk[0] ; mi_pll|altpll_inst|auto_generated|pll1|clk[0] ; 0.000        ; 0.072      ; 0.963      ;
; 0.696 ; ballhitbox:pelota|pausa_count[19] ; ballhitbox:pelota|pausa_count[19] ; mi_pll|altpll_inst|auto_generated|pll1|clk[0] ; mi_pll|altpll_inst|auto_generated|pll1|clk[0] ; 0.000        ; 0.072      ; 0.963      ;
; 0.696 ; ballhitbox:pelota|pausa_count[18] ; ballhitbox:pelota|pausa_count[18] ; mi_pll|altpll_inst|auto_generated|pll1|clk[0] ; mi_pll|altpll_inst|auto_generated|pll1|clk[0] ; 0.000        ; 0.072      ; 0.963      ;
; 0.697 ; pad:raqueta_der|contador[14]      ; pad:raqueta_der|contador[14]      ; mi_pll|altpll_inst|auto_generated|pll1|clk[0] ; mi_pll|altpll_inst|auto_generated|pll1|clk[0] ; 0.000        ; 0.072      ; 0.964      ;
; 0.697 ; ballhitbox:pelota|pausa_count[4]  ; ballhitbox:pelota|pausa_count[4]  ; mi_pll|altpll_inst|auto_generated|pll1|clk[0] ; mi_pll|altpll_inst|auto_generated|pll1|clk[0] ; 0.000        ; 0.072      ; 0.964      ;
; 0.697 ; ballhitbox:pelota|pausa_count[14] ; ballhitbox:pelota|pausa_count[14] ; mi_pll|altpll_inst|auto_generated|pll1|clk[0] ; mi_pll|altpll_inst|auto_generated|pll1|clk[0] ; 0.000        ; 0.072      ; 0.964      ;
; 0.698 ; pad:raqueta_der|contador[2]       ; pad:raqueta_der|contador[2]       ; mi_pll|altpll_inst|auto_generated|pll1|clk[0] ; mi_pll|altpll_inst|auto_generated|pll1|clk[0] ; 0.000        ; 0.072      ; 0.965      ;
; 0.698 ; ballhitbox:pelota|pausa_count[16] ; ballhitbox:pelota|pausa_count[16] ; mi_pll|altpll_inst|auto_generated|pll1|clk[0] ; mi_pll|altpll_inst|auto_generated|pll1|clk[0] ; 0.000        ; 0.072      ; 0.965      ;
; 0.698 ; ballhitbox:pelota|speed_cnt[4]    ; ballhitbox:pelota|speed_cnt[4]    ; mi_pll|altpll_inst|auto_generated|pll1|clk[0] ; mi_pll|altpll_inst|auto_generated|pll1|clk[0] ; 0.000        ; 0.072      ; 0.965      ;
; 0.698 ; ballhitbox:pelota|speed_cnt[2]    ; ballhitbox:pelota|speed_cnt[2]    ; mi_pll|altpll_inst|auto_generated|pll1|clk[0] ; mi_pll|altpll_inst|auto_generated|pll1|clk[0] ; 0.000        ; 0.072      ; 0.965      ;
; 0.699 ; ballhitbox:pelota|pausa_count[22] ; ballhitbox:pelota|pausa_count[22] ; mi_pll|altpll_inst|auto_generated|pll1|clk[0] ; mi_pll|altpll_inst|auto_generated|pll1|clk[0] ; 0.000        ; 0.072      ; 0.966      ;
; 0.705 ; vga:vga_principal|pixelx_o[1]     ; vga:vga_principal|pixelx_o[1]     ; mi_pll|altpll_inst|auto_generated|pll1|clk[0] ; mi_pll|altpll_inst|auto_generated|pll1|clk[0] ; 0.000        ; 0.072      ; 0.972      ;
; 0.705 ; ballhitbox:pelota|speed_cnt[1]    ; ballhitbox:pelota|speed_cnt[1]    ; mi_pll|altpll_inst|auto_generated|pll1|clk[0] ; mi_pll|altpll_inst|auto_generated|pll1|clk[0] ; 0.000        ; 0.072      ; 0.972      ;
; 0.706 ; vga:vga_principal|pixelx_o[7]     ; vga:vga_principal|pixelx_o[7]     ; mi_pll|altpll_inst|auto_generated|pll1|clk[0] ; mi_pll|altpll_inst|auto_generated|pll1|clk[0] ; 0.000        ; 0.072      ; 0.973      ;
; 0.706 ; ballhitbox:pelota|ballx_o[7]      ; ballhitbox:pelota|ballx_o[7]      ; mi_pll|altpll_inst|auto_generated|pll1|clk[0] ; mi_pll|altpll_inst|auto_generated|pll1|clk[0] ; 0.000        ; 0.073      ; 0.974      ;
; 0.706 ; ballhitbox:pelota|speed_cnt[10]   ; ballhitbox:pelota|speed_cnt[10]   ; mi_pll|altpll_inst|auto_generated|pll1|clk[0] ; mi_pll|altpll_inst|auto_generated|pll1|clk[0] ; 0.000        ; 0.072      ; 0.973      ;
; 0.707 ; pad:raqueta_der|pady_o[3]         ; pad:raqueta_der|pady_o[3]         ; mi_pll|altpll_inst|auto_generated|pll1|clk[0] ; mi_pll|altpll_inst|auto_generated|pll1|clk[0] ; 0.000        ; 0.072      ; 0.974      ;
; 0.708 ; pad:raqueta_der|contador[3]       ; pad:raqueta_der|contador[3]       ; mi_pll|altpll_inst|auto_generated|pll1|clk[0] ; mi_pll|altpll_inst|auto_generated|pll1|clk[0] ; 0.000        ; 0.072      ; 0.975      ;
; 0.708 ; ballhitbox:pelota|ballx_o[2]      ; ballhitbox:pelota|ballx_o[2]      ; mi_pll|altpll_inst|auto_generated|pll1|clk[0] ; mi_pll|altpll_inst|auto_generated|pll1|clk[0] ; 0.000        ; 0.073      ; 0.976      ;
; 0.710 ; ballhitbox:pelota|pausa_count[21] ; ballhitbox:pelota|pausa_count[21] ; mi_pll|altpll_inst|auto_generated|pll1|clk[0] ; mi_pll|altpll_inst|auto_generated|pll1|clk[0] ; 0.000        ; 0.072      ; 0.977      ;
; 0.711 ; vga:vga_principal|pixelx_o[6]     ; vga:vga_principal|pixelx_o[6]     ; mi_pll|altpll_inst|auto_generated|pll1|clk[0] ; mi_pll|altpll_inst|auto_generated|pll1|clk[0] ; 0.000        ; 0.072      ; 0.978      ;
; 0.712 ; ballhitbox:pelota|pausa_count[6]  ; ballhitbox:pelota|pausa_count[6]  ; mi_pll|altpll_inst|auto_generated|pll1|clk[0] ; mi_pll|altpll_inst|auto_generated|pll1|clk[0] ; 0.000        ; 0.072      ; 0.979      ;
; 0.713 ; ballhitbox:pelota|speed_cnt[20]   ; ballhitbox:pelota|speed_cnt[20]   ; mi_pll|altpll_inst|auto_generated|pll1|clk[0] ; mi_pll|altpll_inst|auto_generated|pll1|clk[0] ; 0.000        ; 0.072      ; 0.980      ;
; 0.713 ; ballhitbox:pelota|pausa_count[20] ; ballhitbox:pelota|pausa_count[20] ; mi_pll|altpll_inst|auto_generated|pll1|clk[0] ; mi_pll|altpll_inst|auto_generated|pll1|clk[0] ; 0.000        ; 0.072      ; 0.980      ;
; 0.714 ; vga:vga_principal|pixely_o[7]     ; vga:vga_principal|pixely_o[7]     ; mi_pll|altpll_inst|auto_generated|pll1|clk[0] ; mi_pll|altpll_inst|auto_generated|pll1|clk[0] ; 0.000        ; 0.072      ; 0.981      ;
; 0.714 ; vga:vga_principal|pixelx_o[2]     ; vga:vga_principal|pixelx_o[2]     ; mi_pll|altpll_inst|auto_generated|pll1|clk[0] ; mi_pll|altpll_inst|auto_generated|pll1|clk[0] ; 0.000        ; 0.072      ; 0.981      ;
; 0.715 ; vga:vga_principal|pixely_o[8]     ; vga:vga_principal|pixely_o[8]     ; mi_pll|altpll_inst|auto_generated|pll1|clk[0] ; mi_pll|altpll_inst|auto_generated|pll1|clk[0] ; 0.000        ; 0.072      ; 0.982      ;
; 0.716 ; vga:vga_principal|pixelx_o[3]     ; vga:vga_principal|pixelx_o[3]     ; mi_pll|altpll_inst|auto_generated|pll1|clk[0] ; mi_pll|altpll_inst|auto_generated|pll1|clk[0] ; 0.000        ; 0.072      ; 0.983      ;
; 0.721 ; ballhitbox:pelota|ballx_o[9]      ; ballhitbox:pelota|ballx_o[9]      ; mi_pll|altpll_inst|auto_generated|pll1|clk[0] ; mi_pll|altpll_inst|auto_generated|pll1|clk[0] ; 0.000        ; 0.073      ; 0.989      ;
; 0.722 ; ballhitbox:pelota|pausa_count[0]  ; ballhitbox:pelota|pausa_count[0]  ; mi_pll|altpll_inst|auto_generated|pll1|clk[0] ; mi_pll|altpll_inst|auto_generated|pll1|clk[0] ; 0.000        ; 0.072      ; 0.989      ;
; 0.723 ; pad:raqueta_der|pady_o[4]         ; pad:raqueta_der|pady_o[4]         ; mi_pll|altpll_inst|auto_generated|pll1|clk[0] ; mi_pll|altpll_inst|auto_generated|pll1|clk[0] ; 0.000        ; 0.072      ; 0.990      ;
; 0.724 ; vga:vga_principal|pixely_o[1]     ; vga:vga_principal|pixely_o[1]     ; mi_pll|altpll_inst|auto_generated|pll1|clk[0] ; mi_pll|altpll_inst|auto_generated|pll1|clk[0] ; 0.000        ; 0.072      ; 0.991      ;
; 0.725 ; pad:raqueta_der|pady_o[9]         ; pad:raqueta_der|pady_o[9]         ; mi_pll|altpll_inst|auto_generated|pll1|clk[0] ; mi_pll|altpll_inst|auto_generated|pll1|clk[0] ; 0.000        ; 0.072      ; 0.992      ;
; 0.726 ; pad:raqueta_der|pady_o[7]         ; pad:raqueta_der|pady_o[7]         ; mi_pll|altpll_inst|auto_generated|pll1|clk[0] ; mi_pll|altpll_inst|auto_generated|pll1|clk[0] ; 0.000        ; 0.072      ; 0.993      ;
; 0.727 ; pad:raqueta_der|pady_o[8]         ; pad:raqueta_der|pady_o[8]         ; mi_pll|altpll_inst|auto_generated|pll1|clk[0] ; mi_pll|altpll_inst|auto_generated|pll1|clk[0] ; 0.000        ; 0.072      ; 0.994      ;
; 0.728 ; pulsecounter:cuenta_j2|count_o[0] ; pulsecounter:cuenta_j2|count_o[3] ; mi_pll|altpll_inst|auto_generated|pll1|clk[0] ; mi_pll|altpll_inst|auto_generated|pll1|clk[0] ; 0.000        ; 0.073      ; 0.996      ;
; 0.729 ; pad:raqueta_der|pady_o[1]         ; pad:raqueta_der|pady_o[1]         ; mi_pll|altpll_inst|auto_generated|pll1|clk[0] ; mi_pll|altpll_inst|auto_generated|pll1|clk[0] ; 0.000        ; 0.072      ; 0.996      ;
; 0.729 ; pulsecounter:cuenta_j1|count_o[0] ; pulsecounter:cuenta_j1|count_o[3] ; mi_pll|altpll_inst|auto_generated|pll1|clk[0] ; mi_pll|altpll_inst|auto_generated|pll1|clk[0] ; 0.000        ; 0.072      ; 0.996      ;
; 0.731 ; pad:raqueta_izq|pady_o[6]         ; pad:raqueta_izq|pady_o[6]         ; mi_pll|altpll_inst|auto_generated|pll1|clk[0] ; mi_pll|altpll_inst|auto_generated|pll1|clk[0] ; 0.000        ; 0.072      ; 0.998      ;
; 0.732 ; vga:vga_principal|pixely_o[6]     ; vga:vga_principal|pixely_o[6]     ; mi_pll|altpll_inst|auto_generated|pll1|clk[0] ; mi_pll|altpll_inst|auto_generated|pll1|clk[0] ; 0.000        ; 0.072      ; 0.999      ;
; 0.733 ; pulsecounter:cuenta_j2|count_o[0] ; pulsecounter:cuenta_j2|count_o[1] ; mi_pll|altpll_inst|auto_generated|pll1|clk[0] ; mi_pll|altpll_inst|auto_generated|pll1|clk[0] ; 0.000        ; 0.073      ; 1.001      ;
; 0.733 ; pulsecounter:cuenta_j2|count_o[0] ; pulsecounter:cuenta_j2|count_o[2] ; mi_pll|altpll_inst|auto_generated|pll1|clk[0] ; mi_pll|altpll_inst|auto_generated|pll1|clk[0] ; 0.000        ; 0.073      ; 1.001      ;
; 0.734 ; pad:raqueta_izq|pady_o[7]         ; pad:raqueta_izq|pady_o[7]         ; mi_pll|altpll_inst|auto_generated|pll1|clk[0] ; mi_pll|altpll_inst|auto_generated|pll1|clk[0] ; 0.000        ; 0.072      ; 1.001      ;
; 0.734 ; pulsecounter:cuenta_j2|count_o[2] ; pulsecounter:cuenta_j2|count_o[1] ; mi_pll|altpll_inst|auto_generated|pll1|clk[0] ; mi_pll|altpll_inst|auto_generated|pll1|clk[0] ; 0.000        ; 0.073      ; 1.002      ;
; 0.735 ; vga:vga_principal|pixelx_o[0]     ; vga:vga_principal|pixelx_o[0]     ; mi_pll|altpll_inst|auto_generated|pll1|clk[0] ; mi_pll|altpll_inst|auto_generated|pll1|clk[0] ; 0.000        ; 0.072      ; 1.002      ;
; 0.735 ; pad:raqueta_izq|pady_o[1]         ; pad:raqueta_izq|pady_o[1]         ; mi_pll|altpll_inst|auto_generated|pll1|clk[0] ; mi_pll|altpll_inst|auto_generated|pll1|clk[0] ; 0.000        ; 0.072      ; 1.002      ;
; 0.735 ; pad:raqueta_izq|pady_o[4]         ; pad:raqueta_izq|pady_o[4]         ; mi_pll|altpll_inst|auto_generated|pll1|clk[0] ; mi_pll|altpll_inst|auto_generated|pll1|clk[0] ; 0.000        ; 0.072      ; 1.002      ;
; 0.738 ; ballhitbox:pelota|ballx_o[1]      ; ballhitbox:pelota|ballx_o[1]      ; mi_pll|altpll_inst|auto_generated|pll1|clk[0] ; mi_pll|altpll_inst|auto_generated|pll1|clk[0] ; 0.000        ; 0.073      ; 1.006      ;
; 0.740 ; pulsecounter:cuenta_j1|count_o[1] ; pulsecounter:cuenta_j1|count_o[2] ; mi_pll|altpll_inst|auto_generated|pll1|clk[0] ; mi_pll|altpll_inst|auto_generated|pll1|clk[0] ; 0.000        ; 0.072      ; 1.007      ;
; 0.744 ; pulsecounter:cuenta_j2|count_o[1] ; pulsecounter:cuenta_j2|count_o[2] ; mi_pll|altpll_inst|auto_generated|pll1|clk[0] ; mi_pll|altpll_inst|auto_generated|pll1|clk[0] ; 0.000        ; 0.073      ; 1.012      ;
; 0.747 ; pulsecounter:cuenta_j2|count_o[1] ; pulsecounter:cuenta_j2|count_o[3] ; mi_pll|altpll_inst|auto_generated|pll1|clk[0] ; mi_pll|altpll_inst|auto_generated|pll1|clk[0] ; 0.000        ; 0.073      ; 1.015      ;
; 0.755 ; ballhitbox:pelota|vx[2]           ; ballhitbox:pelota|ballx_o[3]      ; mi_pll|altpll_inst|auto_generated|pll1|clk[0] ; mi_pll|altpll_inst|auto_generated|pll1|clk[0] ; 0.000        ; 0.073      ; 1.023      ;
; 0.757 ; ballhitbox:pelota|vx[2]           ; ballhitbox:pelota|ballx_o[5]      ; mi_pll|altpll_inst|auto_generated|pll1|clk[0] ; mi_pll|altpll_inst|auto_generated|pll1|clk[0] ; 0.000        ; 0.073      ; 1.025      ;
; 0.757 ; ballhitbox:pelota|vx[2]           ; ballhitbox:pelota|ballx_o[2]      ; mi_pll|altpll_inst|auto_generated|pll1|clk[0] ; mi_pll|altpll_inst|auto_generated|pll1|clk[0] ; 0.000        ; 0.073      ; 1.025      ;
; 0.758 ; ballhitbox:pelota|vx[2]           ; ballhitbox:pelota|ballx_o[7]      ; mi_pll|altpll_inst|auto_generated|pll1|clk[0] ; mi_pll|altpll_inst|auto_generated|pll1|clk[0] ; 0.000        ; 0.073      ; 1.026      ;
; 0.759 ; ballhitbox:pelota|vx[2]           ; ballhitbox:pelota|ballx_o[4]      ; mi_pll|altpll_inst|auto_generated|pll1|clk[0] ; mi_pll|altpll_inst|auto_generated|pll1|clk[0] ; 0.000        ; 0.073      ; 1.027      ;
; 0.760 ; ballhitbox:pelota|vx[2]           ; ballhitbox:pelota|ballx_o[6]      ; mi_pll|altpll_inst|auto_generated|pll1|clk[0] ; mi_pll|altpll_inst|auto_generated|pll1|clk[0] ; 0.000        ; 0.073      ; 1.028      ;
+-------+-----------------------------------+-----------------------------------+-----------------------------------------------+-----------------------------------------------+--------------+------------+------------+


----------------------------------------------
; Slow 1200mV 0C Model Metastability Summary ;
----------------------------------------------
No synchronizer chains to report.


+------------------------------------------------------------------------+
; Fast 1200mV 0C Model Setup Summary                                     ;
+-----------------------------------------------+--------+---------------+
; Clock                                         ; Slack  ; End Point TNS ;
+-----------------------------------------------+--------+---------------+
; mi_pll|altpll_inst|auto_generated|pll1|clk[0] ; 33.387 ; 0.000         ;
+-----------------------------------------------+--------+---------------+


+-----------------------------------------------------------------------+
; Fast 1200mV 0C Model Hold Summary                                     ;
+-----------------------------------------------+-------+---------------+
; Clock                                         ; Slack ; End Point TNS ;
+-----------------------------------------------+-------+---------------+
; mi_pll|altpll_inst|auto_generated|pll1|clk[0] ; 0.186 ; 0.000         ;
+-----------------------------------------------+-------+---------------+


-----------------------------------------
; Fast 1200mV 0C Model Recovery Summary ;
-----------------------------------------
No paths to report.


----------------------------------------
; Fast 1200mV 0C Model Removal Summary ;
----------------------------------------
No paths to report.


+------------------------------------------------------------------------+
; Fast 1200mV 0C Model Minimum Pulse Width Summary                       ;
+-----------------------------------------------+--------+---------------+
; Clock                                         ; Slack  ; End Point TNS ;
+-----------------------------------------------+--------+---------------+
; clk                                           ; 9.594  ; 0.000         ;
; mi_pll|altpll_inst|auto_generated|pll1|clk[0] ; 19.796 ; 0.000         ;
+-----------------------------------------------+--------+---------------+


+----------------------------------------------------------------------------------------------------------------------------------------------------------------------------------------------------------+
; Fast 1200mV 0C Model Setup: 'mi_pll|altpll_inst|auto_generated|pll1|clk[0]'                                                                                                                              ;
+--------+-------------------------------+------------------------+-----------------------------------------------+-----------------------------------------------+--------------+------------+------------+
; Slack  ; From Node                     ; To Node                ; Launch Clock                                  ; Latch Clock                                   ; Relationship ; Clock Skew ; Data Delay ;
+--------+-------------------------------+------------------------+-----------------------------------------------+-----------------------------------------------+--------------+------------+------------+
; 33.387 ; vga:vga_principal|pixelx_o[1] ; flipflop:flip_g|dato_o ; mi_pll|altpll_inst|auto_generated|pll1|clk[0] ; mi_pll|altpll_inst|auto_generated|pll1|clk[0] ; 40.000       ; -0.029     ; 6.571      ;
; 33.391 ; vga:vga_principal|pixelx_o[1] ; flipflop:flip_r|dato_o ; mi_pll|altpll_inst|auto_generated|pll1|clk[0] ; mi_pll|altpll_inst|auto_generated|pll1|clk[0] ; 40.000       ; -0.029     ; 6.567      ;
; 33.535 ; vga:vga_principal|pixelx_o[0] ; flipflop:flip_g|dato_o ; mi_pll|altpll_inst|auto_generated|pll1|clk[0] ; mi_pll|altpll_inst|auto_generated|pll1|clk[0] ; 40.000       ; -0.029     ; 6.423      ;
; 33.539 ; vga:vga_principal|pixelx_o[0] ; flipflop:flip_r|dato_o ; mi_pll|altpll_inst|auto_generated|pll1|clk[0] ; mi_pll|altpll_inst|auto_generated|pll1|clk[0] ; 40.000       ; -0.029     ; 6.419      ;
; 33.704 ; vga:vga_principal|pixelx_o[1] ; flipflop:flip_b|dato_o ; mi_pll|altpll_inst|auto_generated|pll1|clk[0] ; mi_pll|altpll_inst|auto_generated|pll1|clk[0] ; 40.000       ; -0.034     ; 6.249      ;
; 33.714 ; vga:vga_principal|pixelx_o[5] ; flipflop:flip_g|dato_o ; mi_pll|altpll_inst|auto_generated|pll1|clk[0] ; mi_pll|altpll_inst|auto_generated|pll1|clk[0] ; 40.000       ; -0.029     ; 6.244      ;
; 33.718 ; vga:vga_principal|pixelx_o[5] ; flipflop:flip_r|dato_o ; mi_pll|altpll_inst|auto_generated|pll1|clk[0] ; mi_pll|altpll_inst|auto_generated|pll1|clk[0] ; 40.000       ; -0.029     ; 6.240      ;
; 33.748 ; vga:vga_principal|pixelx_o[4] ; flipflop:flip_g|dato_o ; mi_pll|altpll_inst|auto_generated|pll1|clk[0] ; mi_pll|altpll_inst|auto_generated|pll1|clk[0] ; 40.000       ; -0.029     ; 6.210      ;
; 33.752 ; vga:vga_principal|pixelx_o[4] ; flipflop:flip_r|dato_o ; mi_pll|altpll_inst|auto_generated|pll1|clk[0] ; mi_pll|altpll_inst|auto_generated|pll1|clk[0] ; 40.000       ; -0.029     ; 6.206      ;
; 33.797 ; vga:vga_principal|pixelx_o[2] ; flipflop:flip_g|dato_o ; mi_pll|altpll_inst|auto_generated|pll1|clk[0] ; mi_pll|altpll_inst|auto_generated|pll1|clk[0] ; 40.000       ; -0.029     ; 6.161      ;
; 33.801 ; vga:vga_principal|pixelx_o[2] ; flipflop:flip_r|dato_o ; mi_pll|altpll_inst|auto_generated|pll1|clk[0] ; mi_pll|altpll_inst|auto_generated|pll1|clk[0] ; 40.000       ; -0.029     ; 6.157      ;
; 33.852 ; vga:vga_principal|pixelx_o[0] ; flipflop:flip_b|dato_o ; mi_pll|altpll_inst|auto_generated|pll1|clk[0] ; mi_pll|altpll_inst|auto_generated|pll1|clk[0] ; 40.000       ; -0.034     ; 6.101      ;
; 34.031 ; vga:vga_principal|pixelx_o[5] ; flipflop:flip_b|dato_o ; mi_pll|altpll_inst|auto_generated|pll1|clk[0] ; mi_pll|altpll_inst|auto_generated|pll1|clk[0] ; 40.000       ; -0.034     ; 5.922      ;
; 34.065 ; vga:vga_principal|pixelx_o[4] ; flipflop:flip_b|dato_o ; mi_pll|altpll_inst|auto_generated|pll1|clk[0] ; mi_pll|altpll_inst|auto_generated|pll1|clk[0] ; 40.000       ; -0.034     ; 5.888      ;
; 34.099 ; vga:vga_principal|pixely_o[9] ; flipflop:flip_g|dato_o ; mi_pll|altpll_inst|auto_generated|pll1|clk[0] ; mi_pll|altpll_inst|auto_generated|pll1|clk[0] ; 40.000       ; -0.029     ; 5.859      ;
; 34.103 ; vga:vga_principal|pixely_o[9] ; flipflop:flip_r|dato_o ; mi_pll|altpll_inst|auto_generated|pll1|clk[0] ; mi_pll|altpll_inst|auto_generated|pll1|clk[0] ; 40.000       ; -0.029     ; 5.855      ;
; 34.114 ; vga:vga_principal|pixelx_o[2] ; flipflop:flip_b|dato_o ; mi_pll|altpll_inst|auto_generated|pll1|clk[0] ; mi_pll|altpll_inst|auto_generated|pll1|clk[0] ; 40.000       ; -0.034     ; 5.839      ;
; 34.179 ; vga:vga_principal|pixelx_o[3] ; flipflop:flip_g|dato_o ; mi_pll|altpll_inst|auto_generated|pll1|clk[0] ; mi_pll|altpll_inst|auto_generated|pll1|clk[0] ; 40.000       ; -0.029     ; 5.779      ;
; 34.183 ; vga:vga_principal|pixelx_o[3] ; flipflop:flip_r|dato_o ; mi_pll|altpll_inst|auto_generated|pll1|clk[0] ; mi_pll|altpll_inst|auto_generated|pll1|clk[0] ; 40.000       ; -0.029     ; 5.775      ;
; 34.233 ; vga:vga_principal|pixelx_o[7] ; flipflop:flip_g|dato_o ; mi_pll|altpll_inst|auto_generated|pll1|clk[0] ; mi_pll|altpll_inst|auto_generated|pll1|clk[0] ; 40.000       ; -0.029     ; 5.725      ;
; 34.237 ; vga:vga_principal|pixelx_o[7] ; flipflop:flip_r|dato_o ; mi_pll|altpll_inst|auto_generated|pll1|clk[0] ; mi_pll|altpll_inst|auto_generated|pll1|clk[0] ; 40.000       ; -0.029     ; 5.721      ;
; 34.313 ; vga:vga_principal|pixely_o[7] ; flipflop:flip_g|dato_o ; mi_pll|altpll_inst|auto_generated|pll1|clk[0] ; mi_pll|altpll_inst|auto_generated|pll1|clk[0] ; 40.000       ; -0.030     ; 5.644      ;
; 34.317 ; vga:vga_principal|pixely_o[7] ; flipflop:flip_r|dato_o ; mi_pll|altpll_inst|auto_generated|pll1|clk[0] ; mi_pll|altpll_inst|auto_generated|pll1|clk[0] ; 40.000       ; -0.030     ; 5.640      ;
; 34.320 ; vga:vga_principal|pixely_o[4] ; flipflop:flip_g|dato_o ; mi_pll|altpll_inst|auto_generated|pll1|clk[0] ; mi_pll|altpll_inst|auto_generated|pll1|clk[0] ; 40.000       ; -0.030     ; 5.637      ;
; 34.324 ; vga:vga_principal|pixely_o[4] ; flipflop:flip_r|dato_o ; mi_pll|altpll_inst|auto_generated|pll1|clk[0] ; mi_pll|altpll_inst|auto_generated|pll1|clk[0] ; 40.000       ; -0.030     ; 5.633      ;
; 34.342 ; vga:vga_principal|pixely_o[8] ; flipflop:flip_g|dato_o ; mi_pll|altpll_inst|auto_generated|pll1|clk[0] ; mi_pll|altpll_inst|auto_generated|pll1|clk[0] ; 40.000       ; -0.030     ; 5.615      ;
; 34.346 ; vga:vga_principal|pixely_o[8] ; flipflop:flip_r|dato_o ; mi_pll|altpll_inst|auto_generated|pll1|clk[0] ; mi_pll|altpll_inst|auto_generated|pll1|clk[0] ; 40.000       ; -0.030     ; 5.611      ;
; 34.370 ; vga:vga_principal|pixely_o[5] ; flipflop:flip_g|dato_o ; mi_pll|altpll_inst|auto_generated|pll1|clk[0] ; mi_pll|altpll_inst|auto_generated|pll1|clk[0] ; 40.000       ; -0.030     ; 5.587      ;
; 34.374 ; vga:vga_principal|pixely_o[5] ; flipflop:flip_r|dato_o ; mi_pll|altpll_inst|auto_generated|pll1|clk[0] ; mi_pll|altpll_inst|auto_generated|pll1|clk[0] ; 40.000       ; -0.030     ; 5.583      ;
; 34.416 ; vga:vga_principal|pixely_o[9] ; flipflop:flip_b|dato_o ; mi_pll|altpll_inst|auto_generated|pll1|clk[0] ; mi_pll|altpll_inst|auto_generated|pll1|clk[0] ; 40.000       ; -0.034     ; 5.537      ;
; 34.429 ; vga:vga_principal|pixely_o[1] ; flipflop:flip_g|dato_o ; mi_pll|altpll_inst|auto_generated|pll1|clk[0] ; mi_pll|altpll_inst|auto_generated|pll1|clk[0] ; 40.000       ; -0.030     ; 5.528      ;
; 34.433 ; vga:vga_principal|pixely_o[1] ; flipflop:flip_r|dato_o ; mi_pll|altpll_inst|auto_generated|pll1|clk[0] ; mi_pll|altpll_inst|auto_generated|pll1|clk[0] ; 40.000       ; -0.030     ; 5.524      ;
; 34.496 ; vga:vga_principal|pixelx_o[3] ; flipflop:flip_b|dato_o ; mi_pll|altpll_inst|auto_generated|pll1|clk[0] ; mi_pll|altpll_inst|auto_generated|pll1|clk[0] ; 40.000       ; -0.034     ; 5.457      ;
; 34.537 ; vga:vga_principal|pixely_o[2] ; flipflop:flip_g|dato_o ; mi_pll|altpll_inst|auto_generated|pll1|clk[0] ; mi_pll|altpll_inst|auto_generated|pll1|clk[0] ; 40.000       ; -0.035     ; 5.415      ;
; 34.541 ; vga:vga_principal|pixely_o[2] ; flipflop:flip_r|dato_o ; mi_pll|altpll_inst|auto_generated|pll1|clk[0] ; mi_pll|altpll_inst|auto_generated|pll1|clk[0] ; 40.000       ; -0.035     ; 5.411      ;
; 34.550 ; vga:vga_principal|pixelx_o[7] ; flipflop:flip_b|dato_o ; mi_pll|altpll_inst|auto_generated|pll1|clk[0] ; mi_pll|altpll_inst|auto_generated|pll1|clk[0] ; 40.000       ; -0.034     ; 5.403      ;
; 34.622 ; vga:vga_principal|pixely_o[0] ; flipflop:flip_g|dato_o ; mi_pll|altpll_inst|auto_generated|pll1|clk[0] ; mi_pll|altpll_inst|auto_generated|pll1|clk[0] ; 40.000       ; -0.029     ; 5.336      ;
; 34.626 ; vga:vga_principal|pixely_o[0] ; flipflop:flip_r|dato_o ; mi_pll|altpll_inst|auto_generated|pll1|clk[0] ; mi_pll|altpll_inst|auto_generated|pll1|clk[0] ; 40.000       ; -0.029     ; 5.332      ;
; 34.629 ; vga:vga_principal|pixely_o[6] ; flipflop:flip_g|dato_o ; mi_pll|altpll_inst|auto_generated|pll1|clk[0] ; mi_pll|altpll_inst|auto_generated|pll1|clk[0] ; 40.000       ; -0.030     ; 5.328      ;
; 34.630 ; vga:vga_principal|pixely_o[7] ; flipflop:flip_b|dato_o ; mi_pll|altpll_inst|auto_generated|pll1|clk[0] ; mi_pll|altpll_inst|auto_generated|pll1|clk[0] ; 40.000       ; -0.035     ; 5.322      ;
; 34.633 ; vga:vga_principal|pixely_o[6] ; flipflop:flip_r|dato_o ; mi_pll|altpll_inst|auto_generated|pll1|clk[0] ; mi_pll|altpll_inst|auto_generated|pll1|clk[0] ; 40.000       ; -0.030     ; 5.324      ;
; 34.637 ; vga:vga_principal|pixely_o[4] ; flipflop:flip_b|dato_o ; mi_pll|altpll_inst|auto_generated|pll1|clk[0] ; mi_pll|altpll_inst|auto_generated|pll1|clk[0] ; 40.000       ; -0.035     ; 5.315      ;
; 34.647 ; vga:vga_principal|pixely_o[3] ; flipflop:flip_g|dato_o ; mi_pll|altpll_inst|auto_generated|pll1|clk[0] ; mi_pll|altpll_inst|auto_generated|pll1|clk[0] ; 40.000       ; -0.035     ; 5.305      ;
; 34.651 ; vga:vga_principal|pixely_o[3] ; flipflop:flip_r|dato_o ; mi_pll|altpll_inst|auto_generated|pll1|clk[0] ; mi_pll|altpll_inst|auto_generated|pll1|clk[0] ; 40.000       ; -0.035     ; 5.301      ;
; 34.659 ; vga:vga_principal|pixely_o[8] ; flipflop:flip_b|dato_o ; mi_pll|altpll_inst|auto_generated|pll1|clk[0] ; mi_pll|altpll_inst|auto_generated|pll1|clk[0] ; 40.000       ; -0.035     ; 5.293      ;
; 34.687 ; vga:vga_principal|pixely_o[5] ; flipflop:flip_b|dato_o ; mi_pll|altpll_inst|auto_generated|pll1|clk[0] ; mi_pll|altpll_inst|auto_generated|pll1|clk[0] ; 40.000       ; -0.035     ; 5.265      ;
; 34.695 ; vga:vga_principal|pixelx_o[8] ; flipflop:flip_g|dato_o ; mi_pll|altpll_inst|auto_generated|pll1|clk[0] ; mi_pll|altpll_inst|auto_generated|pll1|clk[0] ; 40.000       ; -0.029     ; 5.263      ;
; 34.699 ; vga:vga_principal|pixelx_o[8] ; flipflop:flip_r|dato_o ; mi_pll|altpll_inst|auto_generated|pll1|clk[0] ; mi_pll|altpll_inst|auto_generated|pll1|clk[0] ; 40.000       ; -0.029     ; 5.259      ;
; 34.705 ; vga:vga_principal|pixelx_o[9] ; flipflop:flip_g|dato_o ; mi_pll|altpll_inst|auto_generated|pll1|clk[0] ; mi_pll|altpll_inst|auto_generated|pll1|clk[0] ; 40.000       ; -0.029     ; 5.253      ;
; 34.709 ; vga:vga_principal|pixelx_o[9] ; flipflop:flip_r|dato_o ; mi_pll|altpll_inst|auto_generated|pll1|clk[0] ; mi_pll|altpll_inst|auto_generated|pll1|clk[0] ; 40.000       ; -0.029     ; 5.249      ;
; 34.740 ; vga:vga_principal|pixelx_o[6] ; flipflop:flip_g|dato_o ; mi_pll|altpll_inst|auto_generated|pll1|clk[0] ; mi_pll|altpll_inst|auto_generated|pll1|clk[0] ; 40.000       ; -0.029     ; 5.218      ;
; 34.744 ; vga:vga_principal|pixelx_o[6] ; flipflop:flip_r|dato_o ; mi_pll|altpll_inst|auto_generated|pll1|clk[0] ; mi_pll|altpll_inst|auto_generated|pll1|clk[0] ; 40.000       ; -0.029     ; 5.214      ;
; 34.746 ; vga:vga_principal|pixely_o[1] ; flipflop:flip_b|dato_o ; mi_pll|altpll_inst|auto_generated|pll1|clk[0] ; mi_pll|altpll_inst|auto_generated|pll1|clk[0] ; 40.000       ; -0.035     ; 5.206      ;
; 34.854 ; vga:vga_principal|pixely_o[2] ; flipflop:flip_b|dato_o ; mi_pll|altpll_inst|auto_generated|pll1|clk[0] ; mi_pll|altpll_inst|auto_generated|pll1|clk[0] ; 40.000       ; -0.040     ; 5.093      ;
; 34.939 ; vga:vga_principal|pixely_o[0] ; flipflop:flip_b|dato_o ; mi_pll|altpll_inst|auto_generated|pll1|clk[0] ; mi_pll|altpll_inst|auto_generated|pll1|clk[0] ; 40.000       ; -0.034     ; 5.014      ;
; 34.946 ; vga:vga_principal|pixely_o[6] ; flipflop:flip_b|dato_o ; mi_pll|altpll_inst|auto_generated|pll1|clk[0] ; mi_pll|altpll_inst|auto_generated|pll1|clk[0] ; 40.000       ; -0.035     ; 5.006      ;
; 34.964 ; vga:vga_principal|pixely_o[3] ; flipflop:flip_b|dato_o ; mi_pll|altpll_inst|auto_generated|pll1|clk[0] ; mi_pll|altpll_inst|auto_generated|pll1|clk[0] ; 40.000       ; -0.040     ; 4.983      ;
; 35.012 ; vga:vga_principal|pixelx_o[8] ; flipflop:flip_b|dato_o ; mi_pll|altpll_inst|auto_generated|pll1|clk[0] ; mi_pll|altpll_inst|auto_generated|pll1|clk[0] ; 40.000       ; -0.034     ; 4.941      ;
; 35.022 ; vga:vga_principal|pixelx_o[9] ; flipflop:flip_b|dato_o ; mi_pll|altpll_inst|auto_generated|pll1|clk[0] ; mi_pll|altpll_inst|auto_generated|pll1|clk[0] ; 40.000       ; -0.034     ; 4.931      ;
; 35.057 ; vga:vga_principal|pixelx_o[6] ; flipflop:flip_b|dato_o ; mi_pll|altpll_inst|auto_generated|pll1|clk[0] ; mi_pll|altpll_inst|auto_generated|pll1|clk[0] ; 40.000       ; -0.034     ; 4.896      ;
; 35.726 ; pad:raqueta_der|pady_o[6]     ; flipflop:flip_g|dato_o ; mi_pll|altpll_inst|auto_generated|pll1|clk[0] ; mi_pll|altpll_inst|auto_generated|pll1|clk[0] ; 40.000       ; -0.036     ; 4.225      ;
; 35.730 ; pad:raqueta_der|pady_o[6]     ; flipflop:flip_r|dato_o ; mi_pll|altpll_inst|auto_generated|pll1|clk[0] ; mi_pll|altpll_inst|auto_generated|pll1|clk[0] ; 40.000       ; -0.036     ; 4.221      ;
; 35.749 ; pad:raqueta_der|pady_o[7]     ; flipflop:flip_g|dato_o ; mi_pll|altpll_inst|auto_generated|pll1|clk[0] ; mi_pll|altpll_inst|auto_generated|pll1|clk[0] ; 40.000       ; -0.036     ; 4.202      ;
; 35.753 ; pad:raqueta_der|pady_o[7]     ; flipflop:flip_r|dato_o ; mi_pll|altpll_inst|auto_generated|pll1|clk[0] ; mi_pll|altpll_inst|auto_generated|pll1|clk[0] ; 40.000       ; -0.036     ; 4.198      ;
; 35.765 ; pad:raqueta_der|pady_o[5]     ; flipflop:flip_g|dato_o ; mi_pll|altpll_inst|auto_generated|pll1|clk[0] ; mi_pll|altpll_inst|auto_generated|pll1|clk[0] ; 40.000       ; -0.036     ; 4.186      ;
; 35.769 ; pad:raqueta_der|pady_o[5]     ; flipflop:flip_r|dato_o ; mi_pll|altpll_inst|auto_generated|pll1|clk[0] ; mi_pll|altpll_inst|auto_generated|pll1|clk[0] ; 40.000       ; -0.036     ; 4.182      ;
; 35.865 ; pad:raqueta_der|pady_o[4]     ; flipflop:flip_g|dato_o ; mi_pll|altpll_inst|auto_generated|pll1|clk[0] ; mi_pll|altpll_inst|auto_generated|pll1|clk[0] ; 40.000       ; -0.036     ; 4.086      ;
; 35.869 ; pad:raqueta_der|pady_o[4]     ; flipflop:flip_r|dato_o ; mi_pll|altpll_inst|auto_generated|pll1|clk[0] ; mi_pll|altpll_inst|auto_generated|pll1|clk[0] ; 40.000       ; -0.036     ; 4.082      ;
; 35.945 ; ballhitbox:pelota|bally_o[3]  ; flipflop:flip_g|dato_o ; mi_pll|altpll_inst|auto_generated|pll1|clk[0] ; mi_pll|altpll_inst|auto_generated|pll1|clk[0] ; 40.000       ; -0.033     ; 4.009      ;
; 35.949 ; ballhitbox:pelota|bally_o[3]  ; flipflop:flip_r|dato_o ; mi_pll|altpll_inst|auto_generated|pll1|clk[0] ; mi_pll|altpll_inst|auto_generated|pll1|clk[0] ; 40.000       ; -0.033     ; 4.005      ;
; 35.952 ; pad:raqueta_der|pady_o[8]     ; flipflop:flip_g|dato_o ; mi_pll|altpll_inst|auto_generated|pll1|clk[0] ; mi_pll|altpll_inst|auto_generated|pll1|clk[0] ; 40.000       ; -0.036     ; 3.999      ;
; 35.956 ; pad:raqueta_der|pady_o[8]     ; flipflop:flip_r|dato_o ; mi_pll|altpll_inst|auto_generated|pll1|clk[0] ; mi_pll|altpll_inst|auto_generated|pll1|clk[0] ; 40.000       ; -0.036     ; 3.995      ;
; 35.962 ; ballhitbox:pelota|ballx_o[1]  ; flipflop:flip_g|dato_o ; mi_pll|altpll_inst|auto_generated|pll1|clk[0] ; mi_pll|altpll_inst|auto_generated|pll1|clk[0] ; 40.000       ; -0.045     ; 3.980      ;
; 35.966 ; ballhitbox:pelota|ballx_o[1]  ; flipflop:flip_r|dato_o ; mi_pll|altpll_inst|auto_generated|pll1|clk[0] ; mi_pll|altpll_inst|auto_generated|pll1|clk[0] ; 40.000       ; -0.045     ; 3.976      ;
; 36.001 ; pad:raqueta_izq|pady_o[6]     ; flipflop:flip_g|dato_o ; mi_pll|altpll_inst|auto_generated|pll1|clk[0] ; mi_pll|altpll_inst|auto_generated|pll1|clk[0] ; 40.000       ; -0.044     ; 3.942      ;
; 36.002 ; ballhitbox:pelota|ballx_o[2]  ; flipflop:flip_g|dato_o ; mi_pll|altpll_inst|auto_generated|pll1|clk[0] ; mi_pll|altpll_inst|auto_generated|pll1|clk[0] ; 40.000       ; -0.045     ; 3.940      ;
; 36.005 ; pad:raqueta_izq|pady_o[6]     ; flipflop:flip_r|dato_o ; mi_pll|altpll_inst|auto_generated|pll1|clk[0] ; mi_pll|altpll_inst|auto_generated|pll1|clk[0] ; 40.000       ; -0.044     ; 3.938      ;
; 36.006 ; ballhitbox:pelota|ballx_o[2]  ; flipflop:flip_r|dato_o ; mi_pll|altpll_inst|auto_generated|pll1|clk[0] ; mi_pll|altpll_inst|auto_generated|pll1|clk[0] ; 40.000       ; -0.045     ; 3.936      ;
; 36.043 ; pad:raqueta_der|pady_o[6]     ; flipflop:flip_b|dato_o ; mi_pll|altpll_inst|auto_generated|pll1|clk[0] ; mi_pll|altpll_inst|auto_generated|pll1|clk[0] ; 40.000       ; -0.041     ; 3.903      ;
; 36.066 ; pad:raqueta_der|pady_o[7]     ; flipflop:flip_b|dato_o ; mi_pll|altpll_inst|auto_generated|pll1|clk[0] ; mi_pll|altpll_inst|auto_generated|pll1|clk[0] ; 40.000       ; -0.041     ; 3.880      ;
; 36.067 ; ballhitbox:pelota|ballx_o[4]  ; flipflop:flip_g|dato_o ; mi_pll|altpll_inst|auto_generated|pll1|clk[0] ; mi_pll|altpll_inst|auto_generated|pll1|clk[0] ; 40.000       ; -0.045     ; 3.875      ;
; 36.071 ; ballhitbox:pelota|ballx_o[4]  ; flipflop:flip_r|dato_o ; mi_pll|altpll_inst|auto_generated|pll1|clk[0] ; mi_pll|altpll_inst|auto_generated|pll1|clk[0] ; 40.000       ; -0.045     ; 3.871      ;
; 36.082 ; pad:raqueta_der|pady_o[5]     ; flipflop:flip_b|dato_o ; mi_pll|altpll_inst|auto_generated|pll1|clk[0] ; mi_pll|altpll_inst|auto_generated|pll1|clk[0] ; 40.000       ; -0.041     ; 3.864      ;
; 36.101 ; ballhitbox:pelota|ballx_o[3]  ; flipflop:flip_g|dato_o ; mi_pll|altpll_inst|auto_generated|pll1|clk[0] ; mi_pll|altpll_inst|auto_generated|pll1|clk[0] ; 40.000       ; -0.045     ; 3.841      ;
; 36.105 ; ballhitbox:pelota|ballx_o[3]  ; flipflop:flip_r|dato_o ; mi_pll|altpll_inst|auto_generated|pll1|clk[0] ; mi_pll|altpll_inst|auto_generated|pll1|clk[0] ; 40.000       ; -0.045     ; 3.837      ;
; 36.109 ; ballhitbox:pelota|bally_o[5]  ; flipflop:flip_g|dato_o ; mi_pll|altpll_inst|auto_generated|pll1|clk[0] ; mi_pll|altpll_inst|auto_generated|pll1|clk[0] ; 40.000       ; -0.033     ; 3.845      ;
; 36.112 ; ballhitbox:pelota|bally_o[5]  ; flipflop:flip_r|dato_o ; mi_pll|altpll_inst|auto_generated|pll1|clk[0] ; mi_pll|altpll_inst|auto_generated|pll1|clk[0] ; 40.000       ; -0.033     ; 3.842      ;
; 36.149 ; ballhitbox:pelota|bally_o[4]  ; flipflop:flip_g|dato_o ; mi_pll|altpll_inst|auto_generated|pll1|clk[0] ; mi_pll|altpll_inst|auto_generated|pll1|clk[0] ; 40.000       ; -0.033     ; 3.805      ;
; 36.151 ; pad:raqueta_izq|pady_o[3]     ; flipflop:flip_g|dato_o ; mi_pll|altpll_inst|auto_generated|pll1|clk[0] ; mi_pll|altpll_inst|auto_generated|pll1|clk[0] ; 40.000       ; -0.044     ; 3.792      ;
; 36.153 ; ballhitbox:pelota|bally_o[4]  ; flipflop:flip_r|dato_o ; mi_pll|altpll_inst|auto_generated|pll1|clk[0] ; mi_pll|altpll_inst|auto_generated|pll1|clk[0] ; 40.000       ; -0.033     ; 3.801      ;
; 36.155 ; pad:raqueta_izq|pady_o[3]     ; flipflop:flip_r|dato_o ; mi_pll|altpll_inst|auto_generated|pll1|clk[0] ; mi_pll|altpll_inst|auto_generated|pll1|clk[0] ; 40.000       ; -0.044     ; 3.788      ;
; 36.170 ; pad:raqueta_izq|pady_o[1]     ; flipflop:flip_g|dato_o ; mi_pll|altpll_inst|auto_generated|pll1|clk[0] ; mi_pll|altpll_inst|auto_generated|pll1|clk[0] ; 40.000       ; -0.044     ; 3.773      ;
; 36.174 ; pad:raqueta_izq|pady_o[1]     ; flipflop:flip_r|dato_o ; mi_pll|altpll_inst|auto_generated|pll1|clk[0] ; mi_pll|altpll_inst|auto_generated|pll1|clk[0] ; 40.000       ; -0.044     ; 3.769      ;
; 36.182 ; pad:raqueta_der|pady_o[4]     ; flipflop:flip_b|dato_o ; mi_pll|altpll_inst|auto_generated|pll1|clk[0] ; mi_pll|altpll_inst|auto_generated|pll1|clk[0] ; 40.000       ; -0.041     ; 3.764      ;
; 36.186 ; pad:raqueta_izq|pady_o[7]     ; flipflop:flip_g|dato_o ; mi_pll|altpll_inst|auto_generated|pll1|clk[0] ; mi_pll|altpll_inst|auto_generated|pll1|clk[0] ; 40.000       ; -0.044     ; 3.757      ;
; 36.186 ; ballhitbox:pelota|bally_o[2]  ; flipflop:flip_g|dato_o ; mi_pll|altpll_inst|auto_generated|pll1|clk[0] ; mi_pll|altpll_inst|auto_generated|pll1|clk[0] ; 40.000       ; -0.034     ; 3.767      ;
; 36.189 ; ballhitbox:pelota|bally_o[2]  ; flipflop:flip_r|dato_o ; mi_pll|altpll_inst|auto_generated|pll1|clk[0] ; mi_pll|altpll_inst|auto_generated|pll1|clk[0] ; 40.000       ; -0.034     ; 3.764      ;
; 36.190 ; pad:raqueta_izq|pady_o[7]     ; flipflop:flip_r|dato_o ; mi_pll|altpll_inst|auto_generated|pll1|clk[0] ; mi_pll|altpll_inst|auto_generated|pll1|clk[0] ; 40.000       ; -0.044     ; 3.753      ;
; 36.205 ; pad:raqueta_der|pady_o[3]     ; flipflop:flip_g|dato_o ; mi_pll|altpll_inst|auto_generated|pll1|clk[0] ; mi_pll|altpll_inst|auto_generated|pll1|clk[0] ; 40.000       ; -0.036     ; 3.746      ;
; 36.209 ; pad:raqueta_der|pady_o[3]     ; flipflop:flip_r|dato_o ; mi_pll|altpll_inst|auto_generated|pll1|clk[0] ; mi_pll|altpll_inst|auto_generated|pll1|clk[0] ; 40.000       ; -0.036     ; 3.742      ;
+--------+-------------------------------+------------------------+-----------------------------------------------+-----------------------------------------------+--------------+------------+------------+


+------------------------------------------------------------------------------------------------------------------------------------------------------------------------------------------------------------------------+
; Fast 1200mV 0C Model Hold: 'mi_pll|altpll_inst|auto_generated|pll1|clk[0]'                                                                                                                                             ;
+-------+-----------------------------------+-----------------------------------+-----------------------------------------------+-----------------------------------------------+--------------+------------+------------+
; Slack ; From Node                         ; To Node                           ; Launch Clock                                  ; Latch Clock                                   ; Relationship ; Clock Skew ; Data Delay ;
+-------+-----------------------------------+-----------------------------------+-----------------------------------------------+-----------------------------------------------+--------------+------------+------------+
; 0.186 ; pulsecounter:cuenta_j2|count_o[3] ; pulsecounter:cuenta_j2|count_o[3] ; mi_pll|altpll_inst|auto_generated|pll1|clk[0] ; mi_pll|altpll_inst|auto_generated|pll1|clk[0] ; 0.000        ; 0.037      ; 0.307      ;
; 0.186 ; pulsecounter:cuenta_j2|count_o[1] ; pulsecounter:cuenta_j2|count_o[1] ; mi_pll|altpll_inst|auto_generated|pll1|clk[0] ; mi_pll|altpll_inst|auto_generated|pll1|clk[0] ; 0.000        ; 0.037      ; 0.307      ;
; 0.186 ; pulsecounter:cuenta_j2|count_o[2] ; pulsecounter:cuenta_j2|count_o[2] ; mi_pll|altpll_inst|auto_generated|pll1|clk[0] ; mi_pll|altpll_inst|auto_generated|pll1|clk[0] ; 0.000        ; 0.037      ; 0.307      ;
; 0.187 ; pulsecounter:cuenta_j1|count_o[3] ; pulsecounter:cuenta_j1|count_o[3] ; mi_pll|altpll_inst|auto_generated|pll1|clk[0] ; mi_pll|altpll_inst|auto_generated|pll1|clk[0] ; 0.000        ; 0.036      ; 0.307      ;
; 0.187 ; pulsecounter:cuenta_j1|count_o[1] ; pulsecounter:cuenta_j1|count_o[1] ; mi_pll|altpll_inst|auto_generated|pll1|clk[0] ; mi_pll|altpll_inst|auto_generated|pll1|clk[0] ; 0.000        ; 0.036      ; 0.307      ;
; 0.187 ; pulsecounter:cuenta_j1|count_o[2] ; pulsecounter:cuenta_j1|count_o[2] ; mi_pll|altpll_inst|auto_generated|pll1|clk[0] ; mi_pll|altpll_inst|auto_generated|pll1|clk[0] ; 0.000        ; 0.036      ; 0.307      ;
; 0.193 ; pulsecounter:cuenta_j2|count_o[0] ; pulsecounter:cuenta_j2|count_o[0] ; mi_pll|altpll_inst|auto_generated|pll1|clk[0] ; mi_pll|altpll_inst|auto_generated|pll1|clk[0] ; 0.000        ; 0.037      ; 0.314      ;
; 0.194 ; pulsecounter:cuenta_j1|count_o[0] ; pulsecounter:cuenta_j1|count_o[0] ; mi_pll|altpll_inst|auto_generated|pll1|clk[0] ; mi_pll|altpll_inst|auto_generated|pll1|clk[0] ; 0.000        ; 0.036      ; 0.314      ;
; 0.198 ; ballhitbox:pelota|speed_cnt[21]   ; ballhitbox:pelota|speed_cnt[21]   ; mi_pll|altpll_inst|auto_generated|pll1|clk[0] ; mi_pll|altpll_inst|auto_generated|pll1|clk[0] ; 0.000        ; 0.036      ; 0.318      ;
; 0.198 ; ballhitbox:pelota|pausa_count[24] ; ballhitbox:pelota|pausa_count[24] ; mi_pll|altpll_inst|auto_generated|pll1|clk[0] ; mi_pll|altpll_inst|auto_generated|pll1|clk[0] ; 0.000        ; 0.036      ; 0.318      ;
; 0.205 ; pad:raqueta_der|contador[19]      ; pad:raqueta_der|contador[19]      ; mi_pll|altpll_inst|auto_generated|pll1|clk[0] ; mi_pll|altpll_inst|auto_generated|pll1|clk[0] ; 0.000        ; 0.036      ; 0.325      ;
; 0.211 ; pulsecounter:cuenta_j1|count_o[2] ; pulsecounter:cuenta_j1|count_o[3] ; mi_pll|altpll_inst|auto_generated|pll1|clk[0] ; mi_pll|altpll_inst|auto_generated|pll1|clk[0] ; 0.000        ; 0.036      ; 0.331      ;
; 0.212 ; pulsecounter:cuenta_j1|count_o[2] ; pulsecounter:cuenta_j1|count_o[1] ; mi_pll|altpll_inst|auto_generated|pll1|clk[0] ; mi_pll|altpll_inst|auto_generated|pll1|clk[0] ; 0.000        ; 0.036      ; 0.332      ;
; 0.216 ; pulsecounter:cuenta_j1|count_o[0] ; pulsecounter:cuenta_j1|count_o[2] ; mi_pll|altpll_inst|auto_generated|pll1|clk[0] ; mi_pll|altpll_inst|auto_generated|pll1|clk[0] ; 0.000        ; 0.036      ; 0.336      ;
; 0.218 ; pulsecounter:cuenta_j2|count_o[3] ; pulsecounter:cuenta_j2|count_o[1] ; mi_pll|altpll_inst|auto_generated|pll1|clk[0] ; mi_pll|altpll_inst|auto_generated|pll1|clk[0] ; 0.000        ; 0.037      ; 0.339      ;
; 0.219 ; pulsecounter:cuenta_j2|count_o[2] ; pulsecounter:cuenta_j2|count_o[3] ; mi_pll|altpll_inst|auto_generated|pll1|clk[0] ; mi_pll|altpll_inst|auto_generated|pll1|clk[0] ; 0.000        ; 0.037      ; 0.340      ;
; 0.296 ; ballhitbox:pelota|pausa_count[11] ; ballhitbox:pelota|pausa_count[11] ; mi_pll|altpll_inst|auto_generated|pll1|clk[0] ; mi_pll|altpll_inst|auto_generated|pll1|clk[0] ; 0.000        ; 0.036      ; 0.416      ;
; 0.297 ; pad:raqueta_der|contador[13]      ; pad:raqueta_der|contador[13]      ; mi_pll|altpll_inst|auto_generated|pll1|clk[0] ; mi_pll|altpll_inst|auto_generated|pll1|clk[0] ; 0.000        ; 0.036      ; 0.417      ;
; 0.297 ; ballhitbox:pelota|speed_cnt[11]   ; ballhitbox:pelota|speed_cnt[11]   ; mi_pll|altpll_inst|auto_generated|pll1|clk[0] ; mi_pll|altpll_inst|auto_generated|pll1|clk[0] ; 0.000        ; 0.036      ; 0.417      ;
; 0.297 ; ballhitbox:pelota|pausa_count[9]  ; ballhitbox:pelota|pausa_count[9]  ; mi_pll|altpll_inst|auto_generated|pll1|clk[0] ; mi_pll|altpll_inst|auto_generated|pll1|clk[0] ; 0.000        ; 0.036      ; 0.417      ;
; 0.297 ; ballhitbox:pelota|pausa_count[17] ; ballhitbox:pelota|pausa_count[17] ; mi_pll|altpll_inst|auto_generated|pll1|clk[0] ; mi_pll|altpll_inst|auto_generated|pll1|clk[0] ; 0.000        ; 0.036      ; 0.417      ;
; 0.298 ; pad:raqueta_der|contador[11]      ; pad:raqueta_der|contador[11]      ; mi_pll|altpll_inst|auto_generated|pll1|clk[0] ; mi_pll|altpll_inst|auto_generated|pll1|clk[0] ; 0.000        ; 0.036      ; 0.418      ;
; 0.298 ; pad:raqueta_der|contador[10]      ; pad:raqueta_der|contador[10]      ; mi_pll|altpll_inst|auto_generated|pll1|clk[0] ; mi_pll|altpll_inst|auto_generated|pll1|clk[0] ; 0.000        ; 0.036      ; 0.418      ;
; 0.298 ; ballhitbox:pelota|speed_cnt[14]   ; ballhitbox:pelota|speed_cnt[14]   ; mi_pll|altpll_inst|auto_generated|pll1|clk[0] ; mi_pll|altpll_inst|auto_generated|pll1|clk[0] ; 0.000        ; 0.036      ; 0.418      ;
; 0.298 ; ballhitbox:pelota|pausa_count[1]  ; ballhitbox:pelota|pausa_count[1]  ; mi_pll|altpll_inst|auto_generated|pll1|clk[0] ; mi_pll|altpll_inst|auto_generated|pll1|clk[0] ; 0.000        ; 0.036      ; 0.418      ;
; 0.298 ; ballhitbox:pelota|pausa_count[12] ; ballhitbox:pelota|pausa_count[12] ; mi_pll|altpll_inst|auto_generated|pll1|clk[0] ; mi_pll|altpll_inst|auto_generated|pll1|clk[0] ; 0.000        ; 0.036      ; 0.418      ;
; 0.298 ; ballhitbox:pelota|pausa_count[7]  ; ballhitbox:pelota|pausa_count[7]  ; mi_pll|altpll_inst|auto_generated|pll1|clk[0] ; mi_pll|altpll_inst|auto_generated|pll1|clk[0] ; 0.000        ; 0.036      ; 0.418      ;
; 0.298 ; ballhitbox:pelota|pausa_count[10] ; ballhitbox:pelota|pausa_count[10] ; mi_pll|altpll_inst|auto_generated|pll1|clk[0] ; mi_pll|altpll_inst|auto_generated|pll1|clk[0] ; 0.000        ; 0.036      ; 0.418      ;
; 0.298 ; ballhitbox:pelota|pausa_count[13] ; ballhitbox:pelota|pausa_count[13] ; mi_pll|altpll_inst|auto_generated|pll1|clk[0] ; mi_pll|altpll_inst|auto_generated|pll1|clk[0] ; 0.000        ; 0.036      ; 0.418      ;
; 0.298 ; ballhitbox:pelota|pausa_count[15] ; ballhitbox:pelota|pausa_count[15] ; mi_pll|altpll_inst|auto_generated|pll1|clk[0] ; mi_pll|altpll_inst|auto_generated|pll1|clk[0] ; 0.000        ; 0.036      ; 0.418      ;
; 0.298 ; ballhitbox:pelota|speed_cnt[9]    ; ballhitbox:pelota|speed_cnt[9]    ; mi_pll|altpll_inst|auto_generated|pll1|clk[0] ; mi_pll|altpll_inst|auto_generated|pll1|clk[0] ; 0.000        ; 0.036      ; 0.418      ;
; 0.298 ; ballhitbox:pelota|speed_cnt[3]    ; ballhitbox:pelota|speed_cnt[3]    ; mi_pll|altpll_inst|auto_generated|pll1|clk[0] ; mi_pll|altpll_inst|auto_generated|pll1|clk[0] ; 0.000        ; 0.036      ; 0.418      ;
; 0.298 ; ballhitbox:pelota|speed_cnt[7]    ; ballhitbox:pelota|speed_cnt[7]    ; mi_pll|altpll_inst|auto_generated|pll1|clk[0] ; mi_pll|altpll_inst|auto_generated|pll1|clk[0] ; 0.000        ; 0.036      ; 0.418      ;
; 0.299 ; pad:raqueta_der|contador[17]      ; pad:raqueta_der|contador[17]      ; mi_pll|altpll_inst|auto_generated|pll1|clk[0] ; mi_pll|altpll_inst|auto_generated|pll1|clk[0] ; 0.000        ; 0.036      ; 0.419      ;
; 0.299 ; pad:raqueta_der|contador[4]       ; pad:raqueta_der|contador[4]       ; mi_pll|altpll_inst|auto_generated|pll1|clk[0] ; mi_pll|altpll_inst|auto_generated|pll1|clk[0] ; 0.000        ; 0.036      ; 0.419      ;
; 0.299 ; pad:raqueta_der|contador[1]       ; pad:raqueta_der|contador[1]       ; mi_pll|altpll_inst|auto_generated|pll1|clk[0] ; mi_pll|altpll_inst|auto_generated|pll1|clk[0] ; 0.000        ; 0.036      ; 0.419      ;
; 0.299 ; ballhitbox:pelota|speed_cnt[19]   ; ballhitbox:pelota|speed_cnt[19]   ; mi_pll|altpll_inst|auto_generated|pll1|clk[0] ; mi_pll|altpll_inst|auto_generated|pll1|clk[0] ; 0.000        ; 0.036      ; 0.419      ;
; 0.299 ; ballhitbox:pelota|speed_cnt[12]   ; ballhitbox:pelota|speed_cnt[12]   ; mi_pll|altpll_inst|auto_generated|pll1|clk[0] ; mi_pll|altpll_inst|auto_generated|pll1|clk[0] ; 0.000        ; 0.036      ; 0.419      ;
; 0.299 ; ballhitbox:pelota|pausa_count[3]  ; ballhitbox:pelota|pausa_count[3]  ; mi_pll|altpll_inst|auto_generated|pll1|clk[0] ; mi_pll|altpll_inst|auto_generated|pll1|clk[0] ; 0.000        ; 0.036      ; 0.419      ;
; 0.299 ; ballhitbox:pelota|pausa_count[2]  ; ballhitbox:pelota|pausa_count[2]  ; mi_pll|altpll_inst|auto_generated|pll1|clk[0] ; mi_pll|altpll_inst|auto_generated|pll1|clk[0] ; 0.000        ; 0.036      ; 0.419      ;
; 0.299 ; ballhitbox:pelota|pausa_count[4]  ; ballhitbox:pelota|pausa_count[4]  ; mi_pll|altpll_inst|auto_generated|pll1|clk[0] ; mi_pll|altpll_inst|auto_generated|pll1|clk[0] ; 0.000        ; 0.036      ; 0.419      ;
; 0.299 ; ballhitbox:pelota|pausa_count[5]  ; ballhitbox:pelota|pausa_count[5]  ; mi_pll|altpll_inst|auto_generated|pll1|clk[0] ; mi_pll|altpll_inst|auto_generated|pll1|clk[0] ; 0.000        ; 0.036      ; 0.419      ;
; 0.299 ; ballhitbox:pelota|pausa_count[8]  ; ballhitbox:pelota|pausa_count[8]  ; mi_pll|altpll_inst|auto_generated|pll1|clk[0] ; mi_pll|altpll_inst|auto_generated|pll1|clk[0] ; 0.000        ; 0.036      ; 0.419      ;
; 0.299 ; ballhitbox:pelota|pausa_count[14] ; ballhitbox:pelota|pausa_count[14] ; mi_pll|altpll_inst|auto_generated|pll1|clk[0] ; mi_pll|altpll_inst|auto_generated|pll1|clk[0] ; 0.000        ; 0.036      ; 0.419      ;
; 0.299 ; ballhitbox:pelota|pausa_count[19] ; ballhitbox:pelota|pausa_count[19] ; mi_pll|altpll_inst|auto_generated|pll1|clk[0] ; mi_pll|altpll_inst|auto_generated|pll1|clk[0] ; 0.000        ; 0.036      ; 0.419      ;
; 0.299 ; ballhitbox:pelota|pausa_count[23] ; ballhitbox:pelota|pausa_count[23] ; mi_pll|altpll_inst|auto_generated|pll1|clk[0] ; mi_pll|altpll_inst|auto_generated|pll1|clk[0] ; 0.000        ; 0.036      ; 0.419      ;
; 0.299 ; ballhitbox:pelota|speed_cnt[6]    ; ballhitbox:pelota|speed_cnt[6]    ; mi_pll|altpll_inst|auto_generated|pll1|clk[0] ; mi_pll|altpll_inst|auto_generated|pll1|clk[0] ; 0.000        ; 0.036      ; 0.419      ;
; 0.300 ; pad:raqueta_der|contador[14]      ; pad:raqueta_der|contador[14]      ; mi_pll|altpll_inst|auto_generated|pll1|clk[0] ; mi_pll|altpll_inst|auto_generated|pll1|clk[0] ; 0.000        ; 0.036      ; 0.420      ;
; 0.300 ; pad:raqueta_der|contador[2]       ; pad:raqueta_der|contador[2]       ; mi_pll|altpll_inst|auto_generated|pll1|clk[0] ; mi_pll|altpll_inst|auto_generated|pll1|clk[0] ; 0.000        ; 0.036      ; 0.420      ;
; 0.300 ; ballhitbox:pelota|pausa_count[16] ; ballhitbox:pelota|pausa_count[16] ; mi_pll|altpll_inst|auto_generated|pll1|clk[0] ; mi_pll|altpll_inst|auto_generated|pll1|clk[0] ; 0.000        ; 0.036      ; 0.420      ;
; 0.300 ; ballhitbox:pelota|pausa_count[18] ; ballhitbox:pelota|pausa_count[18] ; mi_pll|altpll_inst|auto_generated|pll1|clk[0] ; mi_pll|altpll_inst|auto_generated|pll1|clk[0] ; 0.000        ; 0.036      ; 0.420      ;
; 0.300 ; ballhitbox:pelota|speed_cnt[4]    ; ballhitbox:pelota|speed_cnt[4]    ; mi_pll|altpll_inst|auto_generated|pll1|clk[0] ; mi_pll|altpll_inst|auto_generated|pll1|clk[0] ; 0.000        ; 0.036      ; 0.420      ;
; 0.300 ; ballhitbox:pelota|speed_cnt[2]    ; ballhitbox:pelota|speed_cnt[2]    ; mi_pll|altpll_inst|auto_generated|pll1|clk[0] ; mi_pll|altpll_inst|auto_generated|pll1|clk[0] ; 0.000        ; 0.036      ; 0.420      ;
; 0.301 ; ballhitbox:pelota|pausa_count[22] ; ballhitbox:pelota|pausa_count[22] ; mi_pll|altpll_inst|auto_generated|pll1|clk[0] ; mi_pll|altpll_inst|auto_generated|pll1|clk[0] ; 0.000        ; 0.036      ; 0.421      ;
; 0.304 ; vga:vga_principal|pixelx_o[1]     ; vga:vga_principal|pixelx_o[1]     ; mi_pll|altpll_inst|auto_generated|pll1|clk[0] ; mi_pll|altpll_inst|auto_generated|pll1|clk[0] ; 0.000        ; 0.036      ; 0.424      ;
; 0.304 ; ballhitbox:pelota|ballx_o[7]      ; ballhitbox:pelota|ballx_o[7]      ; mi_pll|altpll_inst|auto_generated|pll1|clk[0] ; mi_pll|altpll_inst|auto_generated|pll1|clk[0] ; 0.000        ; 0.037      ; 0.425      ;
; 0.304 ; ballhitbox:pelota|speed_cnt[10]   ; ballhitbox:pelota|speed_cnt[10]   ; mi_pll|altpll_inst|auto_generated|pll1|clk[0] ; mi_pll|altpll_inst|auto_generated|pll1|clk[0] ; 0.000        ; 0.036      ; 0.424      ;
; 0.304 ; ballhitbox:pelota|speed_cnt[1]    ; ballhitbox:pelota|speed_cnt[1]    ; mi_pll|altpll_inst|auto_generated|pll1|clk[0] ; mi_pll|altpll_inst|auto_generated|pll1|clk[0] ; 0.000        ; 0.036      ; 0.424      ;
; 0.305 ; vga:vga_principal|pixelx_o[7]     ; vga:vga_principal|pixelx_o[7]     ; mi_pll|altpll_inst|auto_generated|pll1|clk[0] ; mi_pll|altpll_inst|auto_generated|pll1|clk[0] ; 0.000        ; 0.036      ; 0.425      ;
; 0.305 ; ballhitbox:pelota|ballx_o[2]      ; ballhitbox:pelota|ballx_o[2]      ; mi_pll|altpll_inst|auto_generated|pll1|clk[0] ; mi_pll|altpll_inst|auto_generated|pll1|clk[0] ; 0.000        ; 0.037      ; 0.426      ;
; 0.305 ; pad:raqueta_der|pady_o[3]         ; pad:raqueta_der|pady_o[3]         ; mi_pll|altpll_inst|auto_generated|pll1|clk[0] ; mi_pll|altpll_inst|auto_generated|pll1|clk[0] ; 0.000        ; 0.036      ; 0.425      ;
; 0.306 ; pad:raqueta_der|contador[3]       ; pad:raqueta_der|contador[3]       ; mi_pll|altpll_inst|auto_generated|pll1|clk[0] ; mi_pll|altpll_inst|auto_generated|pll1|clk[0] ; 0.000        ; 0.036      ; 0.426      ;
; 0.307 ; vga:vga_principal|pixelx_o[6]     ; vga:vga_principal|pixelx_o[6]     ; mi_pll|altpll_inst|auto_generated|pll1|clk[0] ; mi_pll|altpll_inst|auto_generated|pll1|clk[0] ; 0.000        ; 0.036      ; 0.427      ;
; 0.307 ; ballhitbox:pelota|pausa_count[6]  ; ballhitbox:pelota|pausa_count[6]  ; mi_pll|altpll_inst|auto_generated|pll1|clk[0] ; mi_pll|altpll_inst|auto_generated|pll1|clk[0] ; 0.000        ; 0.036      ; 0.427      ;
; 0.307 ; ballhitbox:pelota|pausa_count[20] ; ballhitbox:pelota|pausa_count[20] ; mi_pll|altpll_inst|auto_generated|pll1|clk[0] ; mi_pll|altpll_inst|auto_generated|pll1|clk[0] ; 0.000        ; 0.036      ; 0.427      ;
; 0.307 ; ballhitbox:pelota|pausa_count[21] ; ballhitbox:pelota|pausa_count[21] ; mi_pll|altpll_inst|auto_generated|pll1|clk[0] ; mi_pll|altpll_inst|auto_generated|pll1|clk[0] ; 0.000        ; 0.036      ; 0.427      ;
; 0.308 ; ballhitbox:pelota|speed_cnt[20]   ; ballhitbox:pelota|speed_cnt[20]   ; mi_pll|altpll_inst|auto_generated|pll1|clk[0] ; mi_pll|altpll_inst|auto_generated|pll1|clk[0] ; 0.000        ; 0.036      ; 0.428      ;
; 0.309 ; vga:vga_principal|pixely_o[7]     ; vga:vga_principal|pixely_o[7]     ; mi_pll|altpll_inst|auto_generated|pll1|clk[0] ; mi_pll|altpll_inst|auto_generated|pll1|clk[0] ; 0.000        ; 0.036      ; 0.429      ;
; 0.309 ; vga:vga_principal|pixelx_o[2]     ; vga:vga_principal|pixelx_o[2]     ; mi_pll|altpll_inst|auto_generated|pll1|clk[0] ; mi_pll|altpll_inst|auto_generated|pll1|clk[0] ; 0.000        ; 0.036      ; 0.429      ;
; 0.310 ; vga:vga_principal|pixely_o[8]     ; vga:vga_principal|pixely_o[8]     ; mi_pll|altpll_inst|auto_generated|pll1|clk[0] ; mi_pll|altpll_inst|auto_generated|pll1|clk[0] ; 0.000        ; 0.036      ; 0.430      ;
; 0.310 ; vga:vga_principal|pixelx_o[3]     ; vga:vga_principal|pixelx_o[3]     ; mi_pll|altpll_inst|auto_generated|pll1|clk[0] ; mi_pll|altpll_inst|auto_generated|pll1|clk[0] ; 0.000        ; 0.036      ; 0.430      ;
; 0.312 ; ballhitbox:pelota|ballx_o[9]      ; ballhitbox:pelota|ballx_o[9]      ; mi_pll|altpll_inst|auto_generated|pll1|clk[0] ; mi_pll|altpll_inst|auto_generated|pll1|clk[0] ; 0.000        ; 0.037      ; 0.433      ;
; 0.312 ; ballhitbox:pelota|pausa_count[0]  ; ballhitbox:pelota|pausa_count[0]  ; mi_pll|altpll_inst|auto_generated|pll1|clk[0] ; mi_pll|altpll_inst|auto_generated|pll1|clk[0] ; 0.000        ; 0.036      ; 0.432      ;
; 0.314 ; pad:raqueta_der|pady_o[4]         ; pad:raqueta_der|pady_o[4]         ; mi_pll|altpll_inst|auto_generated|pll1|clk[0] ; mi_pll|altpll_inst|auto_generated|pll1|clk[0] ; 0.000        ; 0.036      ; 0.434      ;
; 0.315 ; vga:vga_principal|pixely_o[1]     ; vga:vga_principal|pixely_o[1]     ; mi_pll|altpll_inst|auto_generated|pll1|clk[0] ; mi_pll|altpll_inst|auto_generated|pll1|clk[0] ; 0.000        ; 0.036      ; 0.435      ;
; 0.315 ; pad:raqueta_der|pady_o[1]         ; pad:raqueta_der|pady_o[1]         ; mi_pll|altpll_inst|auto_generated|pll1|clk[0] ; mi_pll|altpll_inst|auto_generated|pll1|clk[0] ; 0.000        ; 0.036      ; 0.435      ;
; 0.315 ; pad:raqueta_der|pady_o[9]         ; pad:raqueta_der|pady_o[9]         ; mi_pll|altpll_inst|auto_generated|pll1|clk[0] ; mi_pll|altpll_inst|auto_generated|pll1|clk[0] ; 0.000        ; 0.036      ; 0.435      ;
; 0.316 ; pad:raqueta_der|pady_o[8]         ; pad:raqueta_der|pady_o[8]         ; mi_pll|altpll_inst|auto_generated|pll1|clk[0] ; mi_pll|altpll_inst|auto_generated|pll1|clk[0] ; 0.000        ; 0.036      ; 0.436      ;
; 0.316 ; pad:raqueta_der|pady_o[7]         ; pad:raqueta_der|pady_o[7]         ; mi_pll|altpll_inst|auto_generated|pll1|clk[0] ; mi_pll|altpll_inst|auto_generated|pll1|clk[0] ; 0.000        ; 0.036      ; 0.436      ;
; 0.317 ; pad:raqueta_izq|pady_o[1]         ; pad:raqueta_izq|pady_o[1]         ; mi_pll|altpll_inst|auto_generated|pll1|clk[0] ; mi_pll|altpll_inst|auto_generated|pll1|clk[0] ; 0.000        ; 0.036      ; 0.437      ;
; 0.317 ; pulsecounter:cuenta_j2|count_o[0] ; pulsecounter:cuenta_j2|count_o[3] ; mi_pll|altpll_inst|auto_generated|pll1|clk[0] ; mi_pll|altpll_inst|auto_generated|pll1|clk[0] ; 0.000        ; 0.037      ; 0.438      ;
; 0.318 ; vga:vga_principal|pixelx_o[0]     ; vga:vga_principal|pixelx_o[0]     ; mi_pll|altpll_inst|auto_generated|pll1|clk[0] ; mi_pll|altpll_inst|auto_generated|pll1|clk[0] ; 0.000        ; 0.036      ; 0.438      ;
; 0.318 ; pad:raqueta_izq|pady_o[6]         ; pad:raqueta_izq|pady_o[6]         ; mi_pll|altpll_inst|auto_generated|pll1|clk[0] ; mi_pll|altpll_inst|auto_generated|pll1|clk[0] ; 0.000        ; 0.036      ; 0.438      ;
; 0.318 ; pulsecounter:cuenta_j1|count_o[0] ; pulsecounter:cuenta_j1|count_o[3] ; mi_pll|altpll_inst|auto_generated|pll1|clk[0] ; mi_pll|altpll_inst|auto_generated|pll1|clk[0] ; 0.000        ; 0.036      ; 0.438      ;
; 0.319 ; ballhitbox:pelota|ballx_o[1]      ; ballhitbox:pelota|ballx_o[1]      ; mi_pll|altpll_inst|auto_generated|pll1|clk[0] ; mi_pll|altpll_inst|auto_generated|pll1|clk[0] ; 0.000        ; 0.037      ; 0.440      ;
; 0.319 ; pulsecounter:cuenta_j2|count_o[2] ; pulsecounter:cuenta_j2|count_o[1] ; mi_pll|altpll_inst|auto_generated|pll1|clk[0] ; mi_pll|altpll_inst|auto_generated|pll1|clk[0] ; 0.000        ; 0.037      ; 0.440      ;
; 0.320 ; vga:vga_principal|pixely_o[6]     ; vga:vga_principal|pixely_o[6]     ; mi_pll|altpll_inst|auto_generated|pll1|clk[0] ; mi_pll|altpll_inst|auto_generated|pll1|clk[0] ; 0.000        ; 0.036      ; 0.440      ;
; 0.320 ; pad:raqueta_izq|pady_o[7]         ; pad:raqueta_izq|pady_o[7]         ; mi_pll|altpll_inst|auto_generated|pll1|clk[0] ; mi_pll|altpll_inst|auto_generated|pll1|clk[0] ; 0.000        ; 0.036      ; 0.440      ;
; 0.321 ; pad:raqueta_izq|pady_o[4]         ; pad:raqueta_izq|pady_o[4]         ; mi_pll|altpll_inst|auto_generated|pll1|clk[0] ; mi_pll|altpll_inst|auto_generated|pll1|clk[0] ; 0.000        ; 0.036      ; 0.441      ;
; 0.321 ; pulsecounter:cuenta_j2|count_o[0] ; pulsecounter:cuenta_j2|count_o[2] ; mi_pll|altpll_inst|auto_generated|pll1|clk[0] ; mi_pll|altpll_inst|auto_generated|pll1|clk[0] ; 0.000        ; 0.037      ; 0.442      ;
; 0.322 ; pulsecounter:cuenta_j2|count_o[0] ; pulsecounter:cuenta_j2|count_o[1] ; mi_pll|altpll_inst|auto_generated|pll1|clk[0] ; mi_pll|altpll_inst|auto_generated|pll1|clk[0] ; 0.000        ; 0.037      ; 0.443      ;
; 0.322 ; pulsecounter:cuenta_j1|count_o[1] ; pulsecounter:cuenta_j1|count_o[2] ; mi_pll|altpll_inst|auto_generated|pll1|clk[0] ; mi_pll|altpll_inst|auto_generated|pll1|clk[0] ; 0.000        ; 0.036      ; 0.442      ;
; 0.325 ; pulsecounter:cuenta_j2|count_o[1] ; pulsecounter:cuenta_j2|count_o[2] ; mi_pll|altpll_inst|auto_generated|pll1|clk[0] ; mi_pll|altpll_inst|auto_generated|pll1|clk[0] ; 0.000        ; 0.037      ; 0.446      ;
; 0.328 ; pulsecounter:cuenta_j2|count_o[1] ; pulsecounter:cuenta_j2|count_o[3] ; mi_pll|altpll_inst|auto_generated|pll1|clk[0] ; mi_pll|altpll_inst|auto_generated|pll1|clk[0] ; 0.000        ; 0.037      ; 0.449      ;
; 0.332 ; ballhitbox:pelota|vx[2]           ; ballhitbox:pelota|ballx_o[3]      ; mi_pll|altpll_inst|auto_generated|pll1|clk[0] ; mi_pll|altpll_inst|auto_generated|pll1|clk[0] ; 0.000        ; 0.037      ; 0.453      ;
; 0.332 ; ballhitbox:pelota|vx[2]           ; ballhitbox:pelota|ballx_o[2]      ; mi_pll|altpll_inst|auto_generated|pll1|clk[0] ; mi_pll|altpll_inst|auto_generated|pll1|clk[0] ; 0.000        ; 0.037      ; 0.453      ;
; 0.334 ; ballhitbox:pelota|vx[2]           ; ballhitbox:pelota|ballx_o[5]      ; mi_pll|altpll_inst|auto_generated|pll1|clk[0] ; mi_pll|altpll_inst|auto_generated|pll1|clk[0] ; 0.000        ; 0.037      ; 0.455      ;
; 0.334 ; ballhitbox:pelota|vx[2]           ; ballhitbox:pelota|ballx_o[4]      ; mi_pll|altpll_inst|auto_generated|pll1|clk[0] ; mi_pll|altpll_inst|auto_generated|pll1|clk[0] ; 0.000        ; 0.037      ; 0.455      ;
; 0.335 ; ballhitbox:pelota|vx[2]           ; ballhitbox:pelota|ballx_o[6]      ; mi_pll|altpll_inst|auto_generated|pll1|clk[0] ; mi_pll|altpll_inst|auto_generated|pll1|clk[0] ; 0.000        ; 0.037      ; 0.456      ;
; 0.335 ; ballhitbox:pelota|vx[2]           ; ballhitbox:pelota|ballx_o[7]      ; mi_pll|altpll_inst|auto_generated|pll1|clk[0] ; mi_pll|altpll_inst|auto_generated|pll1|clk[0] ; 0.000        ; 0.037      ; 0.456      ;
+-------+-----------------------------------+-----------------------------------+-----------------------------------------------+-----------------------------------------------+--------------+------------+------------+


----------------------------------------------
; Fast 1200mV 0C Model Metastability Summary ;
----------------------------------------------
No synchronizer chains to report.


+------------------------------------------------------------------------------------------------------------+
; Multicorner Timing Analysis Summary                                                                        ;
+------------------------------------------------+--------+-------+----------+---------+---------------------+
; Clock                                          ; Setup  ; Hold  ; Recovery ; Removal ; Minimum Pulse Width ;
+------------------------------------------------+--------+-------+----------+---------+---------------------+
; Worst-case Slack                               ; 25.397 ; 0.186 ; N/A      ; N/A     ; 9.594               ;
;  clk                                           ; N/A    ; N/A   ; N/A      ; N/A     ; 9.594               ;
;  mi_pll|altpll_inst|auto_generated|pll1|clk[0] ; 25.397 ; 0.186 ; N/A      ; N/A     ; 19.715              ;
; Design-wide TNS                                ; 0.0    ; 0.0   ; 0.0      ; 0.0     ; 0.0                 ;
;  clk                                           ; N/A    ; N/A   ; N/A      ; N/A     ; 0.000               ;
;  mi_pll|altpll_inst|auto_generated|pll1|clk[0] ; 0.000  ; 0.000 ; N/A      ; N/A     ; 0.000               ;
+------------------------------------------------+--------+-------+----------+---------+---------------------+


+------------------------------------------------------------------------------------------------------------------------------------------------------------------------------------------------------------------------------------------------------------------------------------------------------------------------------------------------------------------------------------------------------------------+
; Board Trace Model Assignments                                                                                                                                                                                                                                                                                                                                                                                    ;
+---------------+--------------+-------------------+-------------------------+-------------------------+---------------+---------------------+----------------+------------------+--------+------------------+------------------------+------------------------+--------------+---------------+-----------------+-------+---------------------+--------------------+---------------+-----------------+-------------+
; Pin           ; I/O Standard ; Near Tline Length ; Near Tline L per Length ; Near Tline C per Length ; Near Series R ; Near Differential R ; Near Pull-up R ; Near Pull-down R ; Near C ; Far Tline Length ; Far Tline L per Length ; Far Tline C per Length ; Far Series R ; Far Pull-up R ; Far Pull-down R ; Far C ; Termination Voltage ; Far Differential R ; EBD File Name ; EBD Signal Name ; EBD Far-end ;
+---------------+--------------+-------------------+-------------------------+-------------------------+---------------+---------------------+----------------+------------------+--------+------------------+------------------------+------------------------+--------------+---------------+-----------------+-------+---------------------+--------------------+---------------+-----------------+-------------+
; hsync_o       ; 2.5 V        ; 0 in              ; 0 H/in                  ; 0 F/in                  ; short         ; -                   ; open           ; open             ; open   ; 0 in             ; 0 H/in                 ; 0 F/in                 ; short        ; open          ; open            ; open  ; 0 V                 ; -                  ; n/a           ; n/a             ; n/a         ;
; vsync_o       ; 2.5 V        ; 0 in              ; 0 H/in                  ; 0 F/in                  ; short         ; -                   ; open           ; open             ; open   ; 0 in             ; 0 H/in                 ; 0 F/in                 ; short        ; open          ; open            ; open  ; 0 V                 ; -                  ; n/a           ; n/a             ; n/a         ;
; clk_o         ; 2.5 V        ; 0 in              ; 0 H/in                  ; 0 F/in                  ; short         ; -                   ; open           ; open             ; open   ; 0 in             ; 0 H/in                 ; 0 F/in                 ; short        ; open          ; open            ; open  ; 0 V                 ; -                  ; n/a           ; n/a             ; n/a         ;
; r_o           ; 2.5 V        ; 0 in              ; 0 H/in                  ; 0 F/in                  ; short         ; -                   ; open           ; open             ; open   ; 0 in             ; 0 H/in                 ; 0 F/in                 ; short        ; open          ; open            ; open  ; 0 V                 ; -                  ; n/a           ; n/a             ; n/a         ;
; g_o           ; 2.5 V        ; 0 in              ; 0 H/in                  ; 0 F/in                  ; short         ; -                   ; open           ; open             ; open   ; 0 in             ; 0 H/in                 ; 0 F/in                 ; short        ; open          ; open            ; open  ; 0 V                 ; -                  ; n/a           ; n/a             ; n/a         ;
; b_o           ; 2.5 V        ; 0 in              ; 0 H/in                  ; 0 F/in                  ; short         ; -                   ; open           ; open             ; open   ; 0 in             ; 0 H/in                 ; 0 F/in                 ; short        ; open          ; open            ; open  ; 0 V                 ; -                  ; n/a           ; n/a             ; n/a         ;
; ~ALTERA_DCLK~ ; 2.5 V        ; 0 in              ; 0 H/in                  ; 0 F/in                  ; short         ; -                   ; open           ; open             ; open   ; 0 in             ; 0 H/in                 ; 0 F/in                 ; short        ; open          ; open            ; open  ; 0 V                 ; -                  ; n/a           ; n/a             ; n/a         ;
; ~ALTERA_nCEO~ ; 2.5 V        ; 0 in              ; 0 H/in                  ; 0 F/in                  ; short         ; -                   ; open           ; open             ; open   ; 0 in             ; 0 H/in                 ; 0 F/in                 ; short        ; open          ; open            ; open  ; 0 V                 ; -                  ; n/a           ; n/a             ; n/a         ;
+---------------+--------------+-------------------+-------------------------+-------------------------+---------------+---------------------+----------------+------------------+--------+------------------+------------------------+------------------------+--------------+---------------+-----------------+-------+---------------------+--------------------+---------------+-----------------+-------------+


+----------------------------------------------------------------------------+
; Input Transition Times                                                     ;
+-------------------------+--------------+-----------------+-----------------+
; Pin                     ; I/O Standard ; 10-90 Rise Time ; 90-10 Fall Time ;
+-------------------------+--------------+-----------------+-----------------+
; rst                     ; 2.5 V        ; 2000 ps         ; 2000 ps         ;
; clk                     ; 2.5 V        ; 2000 ps         ; 2000 ps         ;
; btn_up2                 ; 2.5 V        ; 2000 ps         ; 2000 ps         ;
; btn_down2               ; 2.5 V        ; 2000 ps         ; 2000 ps         ;
; btn_up1                 ; 2.5 V        ; 2000 ps         ; 2000 ps         ;
; btn_down1               ; 2.5 V        ; 2000 ps         ; 2000 ps         ;
; ~ALTERA_ASDO_DATA1~     ; 2.5 V        ; 2000 ps         ; 2000 ps         ;
; ~ALTERA_FLASH_nCE_nCSO~ ; 2.5 V        ; 2000 ps         ; 2000 ps         ;
; ~ALTERA_DATA0~          ; 2.5 V        ; 2000 ps         ; 2000 ps         ;
+-------------------------+--------------+-----------------+-----------------+


+--------------------------------------------------------------------------------------------------------------------------------------------------------------------------------------------------------------------------------------------------------------------------------------------------------------------------------------------------------------------------------------------------------------------------------------------------------------------------------------------------------------------------------------------------------------------------------------------------------------------------------------------------------------------------------------------+
; Signal Integrity Metrics (Slow 1200mv 0c Model)                                                                                                                                                                                                                                                                                                                                                                                                                                                                                                                                                                                                                                            ;
+---------------+--------------+---------------------+---------------------+------------------------------+------------------------------+---------------------+---------------------+--------------------------------------+--------------------------------------+-----------------------------+-----------------------------+----------------------------+----------------------------+-----------------------------+-----------------------------+--------------------+--------------------+-------------------------------------+-------------------------------------+----------------------------+----------------------------+---------------------------+---------------------------+
; Pin           ; I/O Standard ; Board Delay on Rise ; Board Delay on Fall ; Steady State Voh at FPGA Pin ; Steady State Vol at FPGA Pin ; Voh Max at FPGA Pin ; Vol Min at FPGA Pin ; Ringback Voltage on Rise at FPGA Pin ; Ringback Voltage on Fall at FPGA Pin ; 10-90 Rise Time at FPGA Pin ; 90-10 Fall Time at FPGA Pin ; Monotonic Rise at FPGA Pin ; Monotonic Fall at FPGA Pin ; Steady State Voh at Far-end ; Steady State Vol at Far-end ; Voh Max at Far-end ; Vol Min at Far-end ; Ringback Voltage on Rise at Far-end ; Ringback Voltage on Fall at Far-end ; 10-90 Rise Time at Far-end ; 90-10 Fall Time at Far-end ; Monotonic Rise at Far-end ; Monotonic Fall at Far-end ;
+---------------+--------------+---------------------+---------------------+------------------------------+------------------------------+---------------------+---------------------+--------------------------------------+--------------------------------------+-----------------------------+-----------------------------+----------------------------+----------------------------+-----------------------------+-----------------------------+--------------------+--------------------+-------------------------------------+-------------------------------------+----------------------------+----------------------------+---------------------------+---------------------------+
; hsync_o       ; 2.5 V        ; 0 s                 ; 0 s                 ; 2.32 V                       ; 2.8e-09 V                    ; 2.37 V              ; -0.00373 V          ; 0.104 V                              ; 0.011 V                              ; 4.34e-10 s                  ; 3.82e-10 s                  ; Yes                        ; Yes                        ; 2.32 V                      ; 2.8e-09 V                   ; 2.37 V             ; -0.00373 V         ; 0.104 V                             ; 0.011 V                             ; 4.34e-10 s                 ; 3.82e-10 s                 ; Yes                       ; Yes                       ;
; vsync_o       ; 2.5 V        ; 0 s                 ; 0 s                 ; 2.32 V                       ; 2.8e-09 V                    ; 2.33 V              ; -0.00425 V          ; 0.168 V                              ; 0.058 V                              ; 3.12e-09 s                  ; 2.87e-09 s                  ; Yes                        ; Yes                        ; 2.32 V                      ; 2.8e-09 V                   ; 2.33 V             ; -0.00425 V         ; 0.168 V                             ; 0.058 V                             ; 3.12e-09 s                 ; 2.87e-09 s                 ; Yes                       ; Yes                       ;
; clk_o         ; 2.5 V        ; 0 s                 ; 0 s                 ; 2.32 V                       ; 2.8e-09 V                    ; 2.37 V              ; -0.00373 V          ; 0.104 V                              ; 0.011 V                              ; 4.34e-10 s                  ; 3.82e-10 s                  ; Yes                        ; Yes                        ; 2.32 V                      ; 2.8e-09 V                   ; 2.37 V             ; -0.00373 V         ; 0.104 V                             ; 0.011 V                             ; 4.34e-10 s                 ; 3.82e-10 s                 ; Yes                       ; Yes                       ;
; r_o           ; 2.5 V        ; 0 s                 ; 0 s                 ; 2.32 V                       ; 2.8e-09 V                    ; 2.37 V              ; -0.00373 V          ; 0.104 V                              ; 0.011 V                              ; 4.34e-10 s                  ; 3.82e-10 s                  ; Yes                        ; Yes                        ; 2.32 V                      ; 2.8e-09 V                   ; 2.37 V             ; -0.00373 V         ; 0.104 V                             ; 0.011 V                             ; 4.34e-10 s                 ; 3.82e-10 s                 ; Yes                       ; Yes                       ;
; g_o           ; 2.5 V        ; 0 s                 ; 0 s                 ; 2.32 V                       ; 2.8e-09 V                    ; 2.37 V              ; -0.00373 V          ; 0.104 V                              ; 0.011 V                              ; 4.34e-10 s                  ; 3.82e-10 s                  ; Yes                        ; Yes                        ; 2.32 V                      ; 2.8e-09 V                   ; 2.37 V             ; -0.00373 V         ; 0.104 V                             ; 0.011 V                             ; 4.34e-10 s                 ; 3.82e-10 s                 ; Yes                       ; Yes                       ;
; b_o           ; 2.5 V        ; 0 s                 ; 0 s                 ; 2.32 V                       ; 2.8e-09 V                    ; 2.37 V              ; -0.00373 V          ; 0.104 V                              ; 0.011 V                              ; 4.34e-10 s                  ; 3.82e-10 s                  ; Yes                        ; Yes                        ; 2.32 V                      ; 2.8e-09 V                   ; 2.37 V             ; -0.00373 V         ; 0.104 V                             ; 0.011 V                             ; 4.34e-10 s                 ; 3.82e-10 s                 ; Yes                       ; Yes                       ;
; ~ALTERA_DCLK~ ; 2.5 V        ; 0 s                 ; 0 s                 ; 2.32 V                       ; 1.74e-09 V                   ; 2.37 V              ; -0.0346 V           ; 0.198 V                              ; 0.094 V                              ; 3.14e-10 s                  ; 2.92e-10 s                  ; Yes                        ; Yes                        ; 2.32 V                      ; 1.74e-09 V                  ; 2.37 V             ; -0.0346 V          ; 0.198 V                             ; 0.094 V                             ; 3.14e-10 s                 ; 2.92e-10 s                 ; Yes                       ; Yes                       ;
; ~ALTERA_nCEO~ ; 2.5 V        ; 0 s                 ; 0 s                 ; 2.32 V                       ; 2.57e-09 V                   ; 2.37 V              ; -0.00683 V          ; 0.171 V                              ; 0.018 V                              ; 4.97e-10 s                  ; 6.66e-10 s                  ; Yes                        ; Yes                        ; 2.32 V                      ; 2.57e-09 V                  ; 2.37 V             ; -0.00683 V         ; 0.171 V                             ; 0.018 V                             ; 4.97e-10 s                 ; 6.66e-10 s                 ; Yes                       ; Yes                       ;
+---------------+--------------+---------------------+---------------------+------------------------------+------------------------------+---------------------+---------------------+--------------------------------------+--------------------------------------+-----------------------------+-----------------------------+----------------------------+----------------------------+-----------------------------+-----------------------------+--------------------+--------------------+-------------------------------------+-------------------------------------+----------------------------+----------------------------+---------------------------+---------------------------+


+--------------------------------------------------------------------------------------------------------------------------------------------------------------------------------------------------------------------------------------------------------------------------------------------------------------------------------------------------------------------------------------------------------------------------------------------------------------------------------------------------------------------------------------------------------------------------------------------------------------------------------------------------------------------------------------------+
; Signal Integrity Metrics (Slow 1200mv 85c Model)                                                                                                                                                                                                                                                                                                                                                                                                                                                                                                                                                                                                                                           ;
+---------------+--------------+---------------------+---------------------+------------------------------+------------------------------+---------------------+---------------------+--------------------------------------+--------------------------------------+-----------------------------+-----------------------------+----------------------------+----------------------------+-----------------------------+-----------------------------+--------------------+--------------------+-------------------------------------+-------------------------------------+----------------------------+----------------------------+---------------------------+---------------------------+
; Pin           ; I/O Standard ; Board Delay on Rise ; Board Delay on Fall ; Steady State Voh at FPGA Pin ; Steady State Vol at FPGA Pin ; Voh Max at FPGA Pin ; Vol Min at FPGA Pin ; Ringback Voltage on Rise at FPGA Pin ; Ringback Voltage on Fall at FPGA Pin ; 10-90 Rise Time at FPGA Pin ; 90-10 Fall Time at FPGA Pin ; Monotonic Rise at FPGA Pin ; Monotonic Fall at FPGA Pin ; Steady State Voh at Far-end ; Steady State Vol at Far-end ; Voh Max at Far-end ; Vol Min at Far-end ; Ringback Voltage on Rise at Far-end ; Ringback Voltage on Fall at Far-end ; 10-90 Rise Time at Far-end ; 90-10 Fall Time at Far-end ; Monotonic Rise at Far-end ; Monotonic Fall at Far-end ;
+---------------+--------------+---------------------+---------------------+------------------------------+------------------------------+---------------------+---------------------+--------------------------------------+--------------------------------------+-----------------------------+-----------------------------+----------------------------+----------------------------+-----------------------------+-----------------------------+--------------------+--------------------+-------------------------------------+-------------------------------------+----------------------------+----------------------------+---------------------------+---------------------------+
; hsync_o       ; 2.5 V        ; 0 s                 ; 0 s                 ; 2.32 V                       ; 2.85e-07 V                   ; 2.35 V              ; -0.0123 V           ; 0.144 V                              ; 0.042 V                              ; 4.81e-10 s                  ; 4.81e-10 s                  ; Yes                        ; Yes                        ; 2.32 V                      ; 2.85e-07 V                  ; 2.35 V             ; -0.0123 V          ; 0.144 V                             ; 0.042 V                             ; 4.81e-10 s                 ; 4.81e-10 s                 ; Yes                       ; Yes                       ;
; vsync_o       ; 2.5 V        ; 0 s                 ; 0 s                 ; 2.32 V                       ; 2.85e-07 V                   ; 2.33 V              ; -0.00229 V          ; 0.111 V                              ; 0.057 V                              ; 3.78e-09 s                  ; 3.5e-09 s                   ; Yes                        ; Yes                        ; 2.32 V                      ; 2.85e-07 V                  ; 2.33 V             ; -0.00229 V         ; 0.111 V                             ; 0.057 V                             ; 3.78e-09 s                 ; 3.5e-09 s                  ; Yes                       ; Yes                       ;
; clk_o         ; 2.5 V        ; 0 s                 ; 0 s                 ; 2.32 V                       ; 2.85e-07 V                   ; 2.35 V              ; -0.0123 V           ; 0.144 V                              ; 0.042 V                              ; 4.81e-10 s                  ; 4.81e-10 s                  ; Yes                        ; Yes                        ; 2.32 V                      ; 2.85e-07 V                  ; 2.35 V             ; -0.0123 V          ; 0.144 V                             ; 0.042 V                             ; 4.81e-10 s                 ; 4.81e-10 s                 ; Yes                       ; Yes                       ;
; r_o           ; 2.5 V        ; 0 s                 ; 0 s                 ; 2.32 V                       ; 2.85e-07 V                   ; 2.35 V              ; -0.0123 V           ; 0.144 V                              ; 0.042 V                              ; 4.81e-10 s                  ; 4.81e-10 s                  ; Yes                        ; Yes                        ; 2.32 V                      ; 2.85e-07 V                  ; 2.35 V             ; -0.0123 V          ; 0.144 V                             ; 0.042 V                             ; 4.81e-10 s                 ; 4.81e-10 s                 ; Yes                       ; Yes                       ;
; g_o           ; 2.5 V        ; 0 s                 ; 0 s                 ; 2.32 V                       ; 2.85e-07 V                   ; 2.35 V              ; -0.0123 V           ; 0.144 V                              ; 0.042 V                              ; 4.81e-10 s                  ; 4.81e-10 s                  ; Yes                        ; Yes                        ; 2.32 V                      ; 2.85e-07 V                  ; 2.35 V             ; -0.0123 V          ; 0.144 V                             ; 0.042 V                             ; 4.81e-10 s                 ; 4.81e-10 s                 ; Yes                       ; Yes                       ;
; b_o           ; 2.5 V        ; 0 s                 ; 0 s                 ; 2.32 V                       ; 2.85e-07 V                   ; 2.35 V              ; -0.0123 V           ; 0.144 V                              ; 0.042 V                              ; 4.81e-10 s                  ; 4.81e-10 s                  ; Yes                        ; Yes                        ; 2.32 V                      ; 2.85e-07 V                  ; 2.35 V             ; -0.0123 V          ; 0.144 V                             ; 0.042 V                             ; 4.81e-10 s                 ; 4.81e-10 s                 ; Yes                       ; Yes                       ;
; ~ALTERA_DCLK~ ; 2.5 V        ; 0 s                 ; 0 s                 ; 2.32 V                       ; 1.55e-07 V                   ; 2.35 V              ; -0.00221 V          ; 0.097 V                              ; 0.005 V                              ; 4.49e-10 s                  ; 3.85e-10 s                  ; Yes                        ; Yes                        ; 2.32 V                      ; 1.55e-07 V                  ; 2.35 V             ; -0.00221 V         ; 0.097 V                             ; 0.005 V                             ; 4.49e-10 s                 ; 3.85e-10 s                 ; Yes                       ; Yes                       ;
; ~ALTERA_nCEO~ ; 2.5 V        ; 0 s                 ; 0 s                 ; 2.32 V                       ; 2.54e-07 V                   ; 2.34 V              ; -0.00774 V          ; 0.109 V                              ; 0.026 V                              ; 6.58e-10 s                  ; 8.24e-10 s                  ; Yes                        ; Yes                        ; 2.32 V                      ; 2.54e-07 V                  ; 2.34 V             ; -0.00774 V         ; 0.109 V                             ; 0.026 V                             ; 6.58e-10 s                 ; 8.24e-10 s                 ; Yes                       ; Yes                       ;
+---------------+--------------+---------------------+---------------------+------------------------------+------------------------------+---------------------+---------------------+--------------------------------------+--------------------------------------+-----------------------------+-----------------------------+----------------------------+----------------------------+-----------------------------+-----------------------------+--------------------+--------------------+-------------------------------------+-------------------------------------+----------------------------+----------------------------+---------------------------+---------------------------+


+--------------------------------------------------------------------------------------------------------------------------------------------------------------------------------------------------------------------------------------------------------------------------------------------------------------------------------------------------------------------------------------------------------------------------------------------------------------------------------------------------------------------------------------------------------------------------------------------------------------------------------------------------------------------------------------------+
; Signal Integrity Metrics (Fast 1200mv 0c Model)                                                                                                                                                                                                                                                                                                                                                                                                                                                                                                                                                                                                                                            ;
+---------------+--------------+---------------------+---------------------+------------------------------+------------------------------+---------------------+---------------------+--------------------------------------+--------------------------------------+-----------------------------+-----------------------------+----------------------------+----------------------------+-----------------------------+-----------------------------+--------------------+--------------------+-------------------------------------+-------------------------------------+----------------------------+----------------------------+---------------------------+---------------------------+
; Pin           ; I/O Standard ; Board Delay on Rise ; Board Delay on Fall ; Steady State Voh at FPGA Pin ; Steady State Vol at FPGA Pin ; Voh Max at FPGA Pin ; Vol Min at FPGA Pin ; Ringback Voltage on Rise at FPGA Pin ; Ringback Voltage on Fall at FPGA Pin ; 10-90 Rise Time at FPGA Pin ; 90-10 Fall Time at FPGA Pin ; Monotonic Rise at FPGA Pin ; Monotonic Fall at FPGA Pin ; Steady State Voh at Far-end ; Steady State Vol at Far-end ; Voh Max at Far-end ; Vol Min at Far-end ; Ringback Voltage on Rise at Far-end ; Ringback Voltage on Fall at Far-end ; 10-90 Rise Time at Far-end ; 90-10 Fall Time at Far-end ; Monotonic Rise at Far-end ; Monotonic Fall at Far-end ;
+---------------+--------------+---------------------+---------------------+------------------------------+------------------------------+---------------------+---------------------+--------------------------------------+--------------------------------------+-----------------------------+-----------------------------+----------------------------+----------------------------+-----------------------------+-----------------------------+--------------------+--------------------+-------------------------------------+-------------------------------------+----------------------------+----------------------------+---------------------------+---------------------------+
; hsync_o       ; 2.5 V        ; 0 s                 ; 0 s                 ; 2.62 V                       ; 4.05e-08 V                   ; 2.72 V              ; -0.0349 V           ; 0.173 V                              ; 0.1 V                                ; 2.72e-10 s                  ; 2.69e-10 s                  ; Yes                        ; Yes                        ; 2.62 V                      ; 4.05e-08 V                  ; 2.72 V             ; -0.0349 V          ; 0.173 V                             ; 0.1 V                               ; 2.72e-10 s                 ; 2.69e-10 s                 ; Yes                       ; Yes                       ;
; vsync_o       ; 2.5 V        ; 0 s                 ; 0 s                 ; 2.62 V                       ; 4.05e-08 V                   ; 2.64 V              ; -0.0113 V           ; 0.208 V                              ; 0.179 V                              ; 2.38e-09 s                  ; 2.23e-09 s                  ; No                         ; Yes                        ; 2.62 V                      ; 4.05e-08 V                  ; 2.64 V             ; -0.0113 V          ; 0.208 V                             ; 0.179 V                             ; 2.38e-09 s                 ; 2.23e-09 s                 ; No                        ; Yes                       ;
; clk_o         ; 2.5 V        ; 0 s                 ; 0 s                 ; 2.62 V                       ; 4.05e-08 V                   ; 2.72 V              ; -0.0349 V           ; 0.173 V                              ; 0.1 V                                ; 2.72e-10 s                  ; 2.69e-10 s                  ; Yes                        ; Yes                        ; 2.62 V                      ; 4.05e-08 V                  ; 2.72 V             ; -0.0349 V          ; 0.173 V                             ; 0.1 V                               ; 2.72e-10 s                 ; 2.69e-10 s                 ; Yes                       ; Yes                       ;
; r_o           ; 2.5 V        ; 0 s                 ; 0 s                 ; 2.62 V                       ; 4.05e-08 V                   ; 2.72 V              ; -0.0349 V           ; 0.173 V                              ; 0.1 V                                ; 2.72e-10 s                  ; 2.69e-10 s                  ; Yes                        ; Yes                        ; 2.62 V                      ; 4.05e-08 V                  ; 2.72 V             ; -0.0349 V          ; 0.173 V                             ; 0.1 V                               ; 2.72e-10 s                 ; 2.69e-10 s                 ; Yes                       ; Yes                       ;
; g_o           ; 2.5 V        ; 0 s                 ; 0 s                 ; 2.62 V                       ; 4.05e-08 V                   ; 2.72 V              ; -0.0349 V           ; 0.173 V                              ; 0.1 V                                ; 2.72e-10 s                  ; 2.69e-10 s                  ; Yes                        ; Yes                        ; 2.62 V                      ; 4.05e-08 V                  ; 2.72 V             ; -0.0349 V          ; 0.173 V                             ; 0.1 V                               ; 2.72e-10 s                 ; 2.69e-10 s                 ; Yes                       ; Yes                       ;
; b_o           ; 2.5 V        ; 0 s                 ; 0 s                 ; 2.62 V                       ; 4.05e-08 V                   ; 2.72 V              ; -0.0349 V           ; 0.173 V                              ; 0.1 V                                ; 2.72e-10 s                  ; 2.69e-10 s                  ; Yes                        ; Yes                        ; 2.62 V                      ; 4.05e-08 V                  ; 2.72 V             ; -0.0349 V          ; 0.173 V                             ; 0.1 V                               ; 2.72e-10 s                 ; 2.69e-10 s                 ; Yes                       ; Yes                       ;
; ~ALTERA_DCLK~ ; 2.5 V        ; 0 s                 ; 0 s                 ; 2.62 V                       ; 2.22e-08 V                   ; 2.74 V              ; -0.06 V             ; 0.158 V                              ; 0.08 V                               ; 2.68e-10 s                  ; 2.19e-10 s                  ; Yes                        ; Yes                        ; 2.62 V                      ; 2.22e-08 V                  ; 2.74 V             ; -0.06 V            ; 0.158 V                             ; 0.08 V                              ; 2.68e-10 s                 ; 2.19e-10 s                 ; Yes                       ; Yes                       ;
; ~ALTERA_nCEO~ ; 2.5 V        ; 0 s                 ; 0 s                 ; 2.62 V                       ; 3.54e-08 V                   ; 2.7 V               ; -0.00943 V          ; 0.276 V                              ; 0.035 V                              ; 3.19e-10 s                  ; 4.99e-10 s                  ; No                         ; Yes                        ; 2.62 V                      ; 3.54e-08 V                  ; 2.7 V              ; -0.00943 V         ; 0.276 V                             ; 0.035 V                             ; 3.19e-10 s                 ; 4.99e-10 s                 ; No                        ; Yes                       ;
+---------------+--------------+---------------------+---------------------+------------------------------+------------------------------+---------------------+---------------------+--------------------------------------+--------------------------------------+-----------------------------+-----------------------------+----------------------------+----------------------------+-----------------------------+-----------------------------+--------------------+--------------------+-------------------------------------+-------------------------------------+----------------------------+----------------------------+---------------------------+---------------------------+


+-------------------------------------------------------------------------------------------------------------------------------------------+
; Setup Transfers                                                                                                                           ;
+-----------------------------------------------+-----------------------------------------------+----------+----------+----------+----------+
; From Clock                                    ; To Clock                                      ; RR Paths ; FR Paths ; RF Paths ; FF Paths ;
+-----------------------------------------------+-----------------------------------------------+----------+----------+----------+----------+
; mi_pll|altpll_inst|auto_generated|pll1|clk[0] ; mi_pll|altpll_inst|auto_generated|pll1|clk[0] ; 14154    ; 0        ; 0        ; 0        ;
+-----------------------------------------------+-----------------------------------------------+----------+----------+----------+----------+
Entries labeled "false path" only account for clock-to-clock false paths and not path-based false paths. As a result, actual path counts may be lower than reported.


+-------------------------------------------------------------------------------------------------------------------------------------------+
; Hold Transfers                                                                                                                            ;
+-----------------------------------------------+-----------------------------------------------+----------+----------+----------+----------+
; From Clock                                    ; To Clock                                      ; RR Paths ; FR Paths ; RF Paths ; FF Paths ;
+-----------------------------------------------+-----------------------------------------------+----------+----------+----------+----------+
; mi_pll|altpll_inst|auto_generated|pll1|clk[0] ; mi_pll|altpll_inst|auto_generated|pll1|clk[0] ; 14154    ; 0        ; 0        ; 0        ;
+-----------------------------------------------+-----------------------------------------------+----------+----------+----------+----------+
Entries labeled "false path" only account for clock-to-clock false paths and not path-based false paths. As a result, actual path counts may be lower than reported.


---------------
; Report TCCS ;
---------------
No dedicated SERDES Transmitter circuitry present in device or used in design


---------------
; Report RSKM ;
---------------
No non-DPA dedicated SERDES Receiver circuitry present in device or used in design


+------------------------------------------------+
; Unconstrained Paths Summary                    ;
+---------------------------------+-------+------+
; Property                        ; Setup ; Hold ;
+---------------------------------+-------+------+
; Illegal Clocks                  ; 0     ; 0    ;
; Unconstrained Clocks            ; 0     ; 0    ;
; Unconstrained Input Ports       ; 5     ; 5    ;
; Unconstrained Input Port Paths  ; 179   ; 179  ;
; Unconstrained Output Ports      ; 6     ; 6    ;
; Unconstrained Output Port Paths ; 6     ; 6    ;
+---------------------------------+-------+------+


+-------------------------------------------------------------------------------------------------------------------------+
; Clock Status Summary                                                                                                    ;
+-----------------------------------------------+-----------------------------------------------+-----------+-------------+
; Target                                        ; Clock                                         ; Type      ; Status      ;
+-----------------------------------------------+-----------------------------------------------+-----------+-------------+
; clk                                           ; clk                                           ; Base      ; Constrained ;
; mi_pll|altpll_inst|auto_generated|pll1|clk[0] ; mi_pll|altpll_inst|auto_generated|pll1|clk[0] ; Generated ; Constrained ;
+-----------------------------------------------+-----------------------------------------------+-----------+-------------+


+---------------------------------------------------------------------------------------------------+
; Unconstrained Input Ports                                                                         ;
+------------+--------------------------------------------------------------------------------------+
; Input Port ; Comment                                                                              ;
+------------+--------------------------------------------------------------------------------------+
; btn_down1  ; No input delay, min/max delays, false-path exceptions, or max skew assignments found ;
; btn_down2  ; No input delay, min/max delays, false-path exceptions, or max skew assignments found ;
; btn_up1    ; No input delay, min/max delays, false-path exceptions, or max skew assignments found ;
; btn_up2    ; No input delay, min/max delays, false-path exceptions, or max skew assignments found ;
; rst        ; No input delay, min/max delays, false-path exceptions, or max skew assignments found ;
+------------+--------------------------------------------------------------------------------------+


+-----------------------------------------------------------------------------------------------------+
; Unconstrained Output Ports                                                                          ;
+-------------+---------------------------------------------------------------------------------------+
; Output Port ; Comment                                                                               ;
+-------------+---------------------------------------------------------------------------------------+
; b_o         ; No output delay, min/max delays, false-path exceptions, or max skew assignments found ;
; clk_o       ; No output delay, min/max delays, false-path exceptions, or max skew assignments found ;
; g_o         ; No output delay, min/max delays, false-path exceptions, or max skew assignments found ;
; hsync_o     ; No output delay, min/max delays, false-path exceptions, or max skew assignments found ;
; r_o         ; No output delay, min/max delays, false-path exceptions, or max skew assignments found ;
; vsync_o     ; No output delay, min/max delays, false-path exceptions, or max skew assignments found ;
+-------------+---------------------------------------------------------------------------------------+


+---------------------------------------------------------------------------------------------------+
; Unconstrained Input Ports                                                                         ;
+------------+--------------------------------------------------------------------------------------+
; Input Port ; Comment                                                                              ;
+------------+--------------------------------------------------------------------------------------+
; btn_down1  ; No input delay, min/max delays, false-path exceptions, or max skew assignments found ;
; btn_down2  ; No input delay, min/max delays, false-path exceptions, or max skew assignments found ;
; btn_up1    ; No input delay, min/max delays, false-path exceptions, or max skew assignments found ;
; btn_up2    ; No input delay, min/max delays, false-path exceptions, or max skew assignments found ;
; rst        ; No input delay, min/max delays, false-path exceptions, or max skew assignments found ;
+------------+--------------------------------------------------------------------------------------+


+-----------------------------------------------------------------------------------------------------+
; Unconstrained Output Ports                                                                          ;
+-------------+---------------------------------------------------------------------------------------+
; Output Port ; Comment                                                                               ;
+-------------+---------------------------------------------------------------------------------------+
; b_o         ; No output delay, min/max delays, false-path exceptions, or max skew assignments found ;
; clk_o       ; No output delay, min/max delays, false-path exceptions, or max skew assignments found ;
; g_o         ; No output delay, min/max delays, false-path exceptions, or max skew assignments found ;
; hsync_o     ; No output delay, min/max delays, false-path exceptions, or max skew assignments found ;
; r_o         ; No output delay, min/max delays, false-path exceptions, or max skew assignments found ;
; vsync_o     ; No output delay, min/max delays, false-path exceptions, or max skew assignments found ;
+-------------+---------------------------------------------------------------------------------------+


+--------------------------+
; Timing Analyzer Messages ;
+--------------------------+
Info: *******************************************************************
Info: Running Quartus Prime Timing Analyzer
    Info: Version 25.1std.0 Build 1129 10/21/2025 SC Lite Edition
    Info: Processing started: Mon May 25 21:23:29 2026
Info: Command: quartus_sta top -c top
Info: qsta_default_script.tcl version: #1
Warning (18236): Number of processors has not been specified which may cause overloading on shared machines.  Set the global assignment NUM_PARALLEL_PROCESSORS in your QSF to an appropriate value for best performance.
Info (20030): Parallel compilation is enabled and will use 6 of the 6 processors detected
Info (21076): High junction temperature operating condition is not set. Assuming a default value of '85'.
Info (21076): Low junction temperature operating condition is not set. Assuming a default value of '0'.
Critical Warning (332012): Synopsys Design Constraints File file not found: 'top.sdc'. A Synopsys Design Constraints File is required by the Timing Analyzer to get proper timing constraints. Without it, the Compiler will not properly optimize the design.
Info (332142): No user constrained generated clocks found in the design. Calling "derive_pll_clocks -create_base_clocks"
Info (332110): Deriving PLL clocks
    Info (332110): create_clock -period 20.000 -waveform {0.000 10.000} -name clk clk
    Info (332110): create_generated_clock -source {mi_pll|altpll_inst|auto_generated|pll1|inclk[0]} -divide_by 2 -duty_cycle 50.00 -name {mi_pll|altpll_inst|auto_generated|pll1|clk[0]} {mi_pll|altpll_inst|auto_generated|pll1|clk[0]}
Info (332142): No user constrained base clocks found in the design. Calling "derive_clocks -period 1.0"
Info (332096): The command derive_clocks did not find any clocks to derive.  No clocks were created or changed.
Info (332143): No user constrained clock uncertainty found in the design. Calling "derive_clock_uncertainty"
Info (332123): Deriving Clock Uncertainty. Please refer to report_sdc in the Timing Analyzer to see clock uncertainties.
Info: Found TIMING_ANALYZER_REPORT_SCRIPT_INCLUDE_DEFAULT_ANALYSIS = ON
Info: Analyzing Slow 1200mV 85C Model
Info (332146): Worst-case setup slack is 25.397
    Info (332119):     Slack       End Point TNS Clock 
    Info (332119): ========= =================== =====================
    Info (332119):    25.397               0.000 mi_pll|altpll_inst|auto_generated|pll1|clk[0] 
Info (332146): Worst-case hold slack is 0.452
    Info (332119):     Slack       End Point TNS Clock 
    Info (332119): ========= =================== =====================
    Info (332119):     0.452               0.000 mi_pll|altpll_inst|auto_generated|pll1|clk[0] 
Info (332140): No Recovery paths to report
Info (332140): No Removal paths to report
Info (332146): Worst-case minimum pulse width slack is 9.934
    Info (332119):     Slack       End Point TNS Clock 
    Info (332119): ========= =================== =====================
    Info (332119):     9.934               0.000 clk 
    Info (332119):    19.718               0.000 mi_pll|altpll_inst|auto_generated|pll1|clk[0] 
Info: Analyzing Slow 1200mV 0C Model
Info (334003): Started post-fitting delay annotation
Info (334004): Delay annotation completed successfully
Info (332123): Deriving Clock Uncertainty. Please refer to report_sdc in the Timing Analyzer to see clock uncertainties.
Info (332146): Worst-case setup slack is 26.419
    Info (332119):     Slack       End Point TNS Clock 
    Info (332119): ========= =================== =====================
    Info (332119):    26.419               0.000 mi_pll|altpll_inst|auto_generated|pll1|clk[0] 
Info (332146): Worst-case hold slack is 0.401
    Info (332119):     Slack       End Point TNS Clock 
    Info (332119): ========= =================== =====================
    Info (332119):     0.401               0.000 mi_pll|altpll_inst|auto_generated|pll1|clk[0] 
Info (332140): No Recovery paths to report
Info (332140): No Removal paths to report
Info (332146): Worst-case minimum pulse width slack is 9.943
    Info (332119):     Slack       End Point TNS Clock 
    Info (332119): ========= =================== =====================
    Info (332119):     9.943               0.000 clk 
    Info (332119):    19.715               0.000 mi_pll|altpll_inst|auto_generated|pll1|clk[0] 
Info: Analyzing Fast 1200mV 0C Model
Info (332123): Deriving Clock Uncertainty. Please refer to report_sdc in the Timing Analyzer to see clock uncertainties.
Info (332146): Worst-case setup slack is 33.387
    Info (332119):     Slack       End Point TNS Clock 
    Info (332119): ========= =================== =====================
    Info (332119):    33.387               0.000 mi_pll|altpll_inst|auto_generated|pll1|clk[0] 
Info (332146): Worst-case hold slack is 0.186
    Info (332119):     Slack       End Point TNS Clock 
    Info (332119): ========= =================== =====================
    Info (332119):     0.186               0.000 mi_pll|altpll_inst|auto_generated|pll1|clk[0] 
Info (332140): No Recovery paths to report
Info (332140): No Removal paths to report
Info (332146): Worst-case minimum pulse width slack is 9.594
    Info (332119):     Slack       End Point TNS Clock 
    Info (332119): ========= =================== =====================
    Info (332119):     9.594               0.000 clk 
    Info (332119):    19.796               0.000 mi_pll|altpll_inst|auto_generated|pll1|clk[0] 
Info (332102): Design is not fully constrained for setup requirements
Info (332102): Design is not fully constrained for hold requirements
Info: Quartus Prime Timing Analyzer was successful. 0 errors, 2 warnings
    Info: Peak virtual memory: 487 megabytes
    Info: Processing ended: Mon May 25 21:23:30 2026
    Info: Elapsed time: 00:00:01
    Info: Total CPU time (on all processors): 00:00:01


