Timing Analyzer report for top
Mon Jun  1 13:21:24 2026
Quartus Prime Version 25.1std.0 Build 1129 10/21/2025 SC Lite Edition


---------------------
; Table of Contents ;
---------------------
  1. Legal Notice
  2. Timing Analyzer Summary
  3. Parallel Compilation
  4. Clocks
  5. Slow 1200mV 85C Model Fmax Summary
  6. Timing Closure Recommendations
  7. Slow 1200mV 85C Model Setup Summary
  8. Slow 1200mV 85C Model Hold Summary
  9. Slow 1200mV 85C Model Recovery Summary
 10. Slow 1200mV 85C Model Removal Summary
 11. Slow 1200mV 85C Model Minimum Pulse Width Summary
 12. Slow 1200mV 85C Model Setup: 'pll25mhz:mi_pll|r_c0'
 13. Slow 1200mV 85C Model Setup: 'clk'
 14. Slow 1200mV 85C Model Hold: 'clk'
 15. Slow 1200mV 85C Model Hold: 'pll25mhz:mi_pll|r_c0'
 16. Slow 1200mV 85C Model Metastability Summary
 17. Slow 1200mV 0C Model Fmax Summary
 18. Slow 1200mV 0C Model Setup Summary
 19. Slow 1200mV 0C Model Hold Summary
 20. Slow 1200mV 0C Model Recovery Summary
 21. Slow 1200mV 0C Model Removal Summary
 22. Slow 1200mV 0C Model Minimum Pulse Width Summary
 23. Slow 1200mV 0C Model Setup: 'pll25mhz:mi_pll|r_c0'
 24. Slow 1200mV 0C Model Setup: 'clk'
 25. Slow 1200mV 0C Model Hold: 'clk'
 26. Slow 1200mV 0C Model Hold: 'pll25mhz:mi_pll|r_c0'
 27. Slow 1200mV 0C Model Metastability Summary
 28. Fast 1200mV 0C Model Setup Summary
 29. Fast 1200mV 0C Model Hold Summary
 30. Fast 1200mV 0C Model Recovery Summary
 31. Fast 1200mV 0C Model Removal Summary
 32. Fast 1200mV 0C Model Minimum Pulse Width Summary
 33. Fast 1200mV 0C Model Setup: 'pll25mhz:mi_pll|r_c0'
 34. Fast 1200mV 0C Model Setup: 'clk'
 35. Fast 1200mV 0C Model Hold: 'clk'
 36. Fast 1200mV 0C Model Hold: 'pll25mhz:mi_pll|r_c0'
 37. Fast 1200mV 0C Model Metastability Summary
 38. Multicorner Timing Analysis Summary
 39. Board Trace Model Assignments
 40. Input Transition Times
 41. Signal Integrity Metrics (Slow 1200mv 0c Model)
 42. Signal Integrity Metrics (Slow 1200mv 85c Model)
 43. Signal Integrity Metrics (Fast 1200mv 0c Model)
 44. Setup Transfers
 45. Hold Transfers
 46. Report TCCS
 47. Report RSKM
 48. Unconstrained Paths Summary
 49. Clock Status Summary
 50. Unconstrained Input Ports
 51. Unconstrained Output Ports
 52. Unconstrained Input Ports
 53. Unconstrained Output Ports
 54. Timing Analyzer Messages



----------------
; Legal Notice ;
----------------
Copyright (C) 2025  Altera Corporation. All rights reserved.
Your use of Altera Corporation's design tools, logic functions 
and other software and tools, and any partner logic 
functions, and any output files from any of the foregoing 
(including device programming or simulation files), and any 
associated documentation or information are expressly subject 
to the terms and conditions of the Altera Program License 
Subscription Agreement, the Altera Quartus Prime License Agreement,
the Altera IP License Agreement, or other applicable license
agreement, including, without limitation, that your use is for
the sole purpose of programming logic devices manufactured by
Altera and sold by Altera or its authorized distributors.  Please
refer to the Altera Software License Subscription Agreements 
on the Quartus Prime software download page.



+---------------------------------------------------------------------------------+
; Timing Analyzer Summary                                                         ;
+-----------------------+---------------------------------------------------------+
; Quartus Prime Version ; Version 25.1std.0 Build 1129 10/21/2025 SC Lite Edition ;
; Timing Analyzer       ; Legacy Timing Analyzer                                  ;
; Revision Name         ; top                                                     ;
; Device Family         ; Cyclone IV E                                            ;
; Device Name           ; EP4CE10E22C8                                            ;
; Timing Models         ; Final                                                   ;
; Delay Model           ; Combined                                                ;
; Rise/Fall Delays      ; Enabled                                                 ;
+-----------------------+---------------------------------------------------------+


+------------------------------------------+
; Parallel Compilation                     ;
+----------------------------+-------------+
; Processors                 ; Number      ;
+----------------------------+-------------+
; Number detected on machine ; 12          ;
; Maximum allowed            ; 6           ;
;                            ;             ;
; Average used               ; 1.10        ;
; Maximum used               ; 6           ;
;                            ;             ;
; Usage by Processor         ; % Time Used ;
;     Processor 1            ; 100.0%      ;
;     Processor 2            ;   2.9%      ;
;     Processors 3-6         ;   1.8%      ;
+----------------------------+-------------+


+------------------------------------------------------------------------------------------------------------------------------------------------------------------------------------------------------------+
; Clocks                                                                                                                                                                                                     ;
+----------------------+------+--------+------------+-------+-------+------------+-----------+-------------+-------+--------+-----------+------------+----------+--------+--------+--------------------------+
; Clock Name           ; Type ; Period ; Frequency  ; Rise  ; Fall  ; Duty Cycle ; Divide by ; Multiply by ; Phase ; Offset ; Edge List ; Edge Shift ; Inverted ; Master ; Source ; Targets                  ;
+----------------------+------+--------+------------+-------+-------+------------+-----------+-------------+-------+--------+-----------+------------+----------+--------+--------+--------------------------+
; clk                  ; Base ; 1.000  ; 1000.0 MHz ; 0.000 ; 0.500 ;            ;           ;             ;       ;        ;           ;            ;          ;        ;        ; { clk }                  ;
; pll25mhz:mi_pll|r_c0 ; Base ; 1.000  ; 1000.0 MHz ; 0.000 ; 0.500 ;            ;           ;             ;       ;        ;           ;            ;          ;        ;        ; { pll25mhz:mi_pll|r_c0 } ;
+----------------------+------+--------+------------+-------+-------+------------+-----------+-------------+-------+--------+-----------+------------+----------+--------+--------+--------------------------+


+------------------------------------------------------------+
; Slow 1200mV 85C Model Fmax Summary                         ;
+------------+-----------------+----------------------+------+
; Fmax       ; Restricted Fmax ; Clock Name           ; Note ;
+------------+-----------------+----------------------+------+
; 123.02 MHz ; 123.02 MHz      ; pll25mhz:mi_pll|r_c0 ;      ;
; 239.06 MHz ; 239.06 MHz      ; clk                  ;      ;
+------------+-----------------+----------------------+------+
This panel reports FMAX for every clock in the design, regardless of the user-specified clock periods.  FMAX is only computed for paths where the source and destination registers or ports are driven by the same clock.  Paths of different clocks, including generated clocks, are ignored.  For paths between a clock and its inversion, FMAX is computed as if the rising and falling edges are scaled along with FMAX, such that the duty cycle (in terms of a percentage) is maintained. Altera recommends that you always use clock constraints and other slack reports for sign-off analysis.


----------------------------------
; Timing Closure Recommendations ;
----------------------------------
HTML report is unavailable in plain text report export.


+-----------------------------------------------+
; Slow 1200mV 85C Model Setup Summary           ;
+----------------------+--------+---------------+
; Clock                ; Slack  ; End Point TNS ;
+----------------------+--------+---------------+
; pll25mhz:mi_pll|r_c0 ; -7.129 ; -488.959      ;
; clk                  ; -3.183 ; -84.626       ;
+----------------------+--------+---------------+


+----------------------------------------------+
; Slow 1200mV 85C Model Hold Summary           ;
+----------------------+-------+---------------+
; Clock                ; Slack ; End Point TNS ;
+----------------------+-------+---------------+
; clk                  ; 0.434 ; 0.000         ;
; pll25mhz:mi_pll|r_c0 ; 0.453 ; 0.000         ;
+----------------------+-------+---------------+


------------------------------------------
; Slow 1200mV 85C Model Recovery Summary ;
------------------------------------------
No paths to report.


-----------------------------------------
; Slow 1200mV 85C Model Removal Summary ;
-----------------------------------------
No paths to report.


+---------------------------------------------------+
; Slow 1200mV 85C Model Minimum Pulse Width Summary ;
+----------------------+--------+-------------------+
; Clock                ; Slack  ; End Point TNS     ;
+----------------------+--------+-------------------+
; clk                  ; -3.000 ; -56.532           ;
; pll25mhz:mi_pll|r_c0 ; -1.487 ; -212.641          ;
+----------------------+--------+-------------------+


+--------------------------------------------------------------------------------------------------------------------------------------------------------+
; Slow 1200mV 85C Model Setup: 'pll25mhz:mi_pll|r_c0'                                                                                                    ;
+--------+-------------------------------+------------------------+----------------------+----------------------+--------------+------------+------------+
; Slack  ; From Node                     ; To Node                ; Launch Clock         ; Latch Clock          ; Relationship ; Clock Skew ; Data Delay ;
+--------+-------------------------------+------------------------+----------------------+----------------------+--------------+------------+------------+
; -7.129 ; vga:vga_principal|pixely_o[3] ; flipflop:flip_g|dato_o ; pll25mhz:mi_pll|r_c0 ; pll25mhz:mi_pll|r_c0 ; 1.000        ; 0.363      ; 8.493      ;
; -7.128 ; vga:vga_principal|pixely_o[3] ; flipflop:flip_r|dato_o ; pll25mhz:mi_pll|r_c0 ; pll25mhz:mi_pll|r_c0 ; 1.000        ; 0.363      ; 8.492      ;
; -7.079 ; vga:vga_principal|pixely_o[2] ; flipflop:flip_g|dato_o ; pll25mhz:mi_pll|r_c0 ; pll25mhz:mi_pll|r_c0 ; 1.000        ; 0.363      ; 8.443      ;
; -7.078 ; vga:vga_principal|pixely_o[2] ; flipflop:flip_r|dato_o ; pll25mhz:mi_pll|r_c0 ; pll25mhz:mi_pll|r_c0 ; 1.000        ; 0.363      ; 8.442      ;
; -7.038 ; vga:vga_principal|pixely_o[8] ; flipflop:flip_g|dato_o ; pll25mhz:mi_pll|r_c0 ; pll25mhz:mi_pll|r_c0 ; 1.000        ; 0.364      ; 8.403      ;
; -7.037 ; vga:vga_principal|pixely_o[8] ; flipflop:flip_r|dato_o ; pll25mhz:mi_pll|r_c0 ; pll25mhz:mi_pll|r_c0 ; 1.000        ; 0.364      ; 8.402      ;
; -7.035 ; vga:vga_principal|pixelx_o[3] ; flipflop:flip_g|dato_o ; pll25mhz:mi_pll|r_c0 ; pll25mhz:mi_pll|r_c0 ; 1.000        ; 0.352      ; 8.388      ;
; -7.034 ; vga:vga_principal|pixelx_o[3] ; flipflop:flip_r|dato_o ; pll25mhz:mi_pll|r_c0 ; pll25mhz:mi_pll|r_c0 ; 1.000        ; 0.352      ; 8.387      ;
; -7.023 ; vga:vga_principal|pixely_o[6] ; flipflop:flip_g|dato_o ; pll25mhz:mi_pll|r_c0 ; pll25mhz:mi_pll|r_c0 ; 1.000        ; 0.364      ; 8.388      ;
; -7.022 ; vga:vga_principal|pixely_o[6] ; flipflop:flip_r|dato_o ; pll25mhz:mi_pll|r_c0 ; pll25mhz:mi_pll|r_c0 ; 1.000        ; 0.364      ; 8.387      ;
; -7.016 ; vga:vga_principal|pixely_o[0] ; flipflop:flip_r|dato_o ; pll25mhz:mi_pll|r_c0 ; pll25mhz:mi_pll|r_c0 ; 1.000        ; 0.339      ; 8.356      ;
; -7.016 ; vga:vga_principal|pixely_o[0] ; flipflop:flip_g|dato_o ; pll25mhz:mi_pll|r_c0 ; pll25mhz:mi_pll|r_c0 ; 1.000        ; 0.339      ; 8.356      ;
; -6.887 ; pad:raqueta_der|pady_o[6]     ; flipflop:flip_r|dato_o ; pll25mhz:mi_pll|r_c0 ; pll25mhz:mi_pll|r_c0 ; 1.000        ; 0.376      ; 8.264      ;
; -6.887 ; pad:raqueta_der|pady_o[6]     ; flipflop:flip_g|dato_o ; pll25mhz:mi_pll|r_c0 ; pll25mhz:mi_pll|r_c0 ; 1.000        ; 0.376      ; 8.264      ;
; -6.833 ; vga:vga_principal|pixely_o[9] ; flipflop:flip_g|dato_o ; pll25mhz:mi_pll|r_c0 ; pll25mhz:mi_pll|r_c0 ; 1.000        ; 0.364      ; 8.198      ;
; -6.832 ; vga:vga_principal|pixely_o[9] ; flipflop:flip_r|dato_o ; pll25mhz:mi_pll|r_c0 ; pll25mhz:mi_pll|r_c0 ; 1.000        ; 0.364      ; 8.197      ;
; -6.820 ; vga:vga_principal|pixely_o[1] ; flipflop:flip_g|dato_o ; pll25mhz:mi_pll|r_c0 ; pll25mhz:mi_pll|r_c0 ; 1.000        ; 0.364      ; 8.185      ;
; -6.819 ; vga:vga_principal|pixely_o[1] ; flipflop:flip_r|dato_o ; pll25mhz:mi_pll|r_c0 ; pll25mhz:mi_pll|r_c0 ; 1.000        ; 0.364      ; 8.184      ;
; -6.808 ; vga:vga_principal|pixelx_o[2] ; flipflop:flip_g|dato_o ; pll25mhz:mi_pll|r_c0 ; pll25mhz:mi_pll|r_c0 ; 1.000        ; 0.352      ; 8.161      ;
; -6.807 ; vga:vga_principal|pixelx_o[2] ; flipflop:flip_r|dato_o ; pll25mhz:mi_pll|r_c0 ; pll25mhz:mi_pll|r_c0 ; 1.000        ; 0.352      ; 8.160      ;
; -6.792 ; pad:raqueta_der|pady_o[4]     ; flipflop:flip_r|dato_o ; pll25mhz:mi_pll|r_c0 ; pll25mhz:mi_pll|r_c0 ; 1.000        ; 0.376      ; 8.169      ;
; -6.792 ; pad:raqueta_der|pady_o[4]     ; flipflop:flip_g|dato_o ; pll25mhz:mi_pll|r_c0 ; pll25mhz:mi_pll|r_c0 ; 1.000        ; 0.376      ; 8.169      ;
; -6.789 ; vga:vga_principal|pixely_o[7] ; flipflop:flip_g|dato_o ; pll25mhz:mi_pll|r_c0 ; pll25mhz:mi_pll|r_c0 ; 1.000        ; 0.364      ; 8.154      ;
; -6.788 ; vga:vga_principal|pixely_o[7] ; flipflop:flip_r|dato_o ; pll25mhz:mi_pll|r_c0 ; pll25mhz:mi_pll|r_c0 ; 1.000        ; 0.364      ; 8.153      ;
; -6.784 ; vga:vga_principal|pixelx_o[8] ; flipflop:flip_g|dato_o ; pll25mhz:mi_pll|r_c0 ; pll25mhz:mi_pll|r_c0 ; 1.000        ; 0.379      ; 8.164      ;
; -6.783 ; vga:vga_principal|pixelx_o[8] ; flipflop:flip_r|dato_o ; pll25mhz:mi_pll|r_c0 ; pll25mhz:mi_pll|r_c0 ; 1.000        ; 0.379      ; 8.163      ;
; -6.755 ; vga:vga_principal|pixelx_o[7] ; flipflop:flip_g|dato_o ; pll25mhz:mi_pll|r_c0 ; pll25mhz:mi_pll|r_c0 ; 1.000        ; 0.352      ; 8.108      ;
; -6.754 ; vga:vga_principal|pixelx_o[7] ; flipflop:flip_r|dato_o ; pll25mhz:mi_pll|r_c0 ; pll25mhz:mi_pll|r_c0 ; 1.000        ; 0.352      ; 8.107      ;
; -6.708 ; vga:vga_principal|pixely_o[5] ; flipflop:flip_r|dato_o ; pll25mhz:mi_pll|r_c0 ; pll25mhz:mi_pll|r_c0 ; 1.000        ; 0.364      ; 8.073      ;
; -6.708 ; vga:vga_principal|pixely_o[5] ; flipflop:flip_g|dato_o ; pll25mhz:mi_pll|r_c0 ; pll25mhz:mi_pll|r_c0 ; 1.000        ; 0.364      ; 8.073      ;
; -6.705 ; vga:vga_principal|pixelx_o[4] ; flipflop:flip_g|dato_o ; pll25mhz:mi_pll|r_c0 ; pll25mhz:mi_pll|r_c0 ; 1.000        ; 0.352      ; 8.058      ;
; -6.704 ; vga:vga_principal|pixelx_o[4] ; flipflop:flip_r|dato_o ; pll25mhz:mi_pll|r_c0 ; pll25mhz:mi_pll|r_c0 ; 1.000        ; 0.352      ; 8.057      ;
; -6.642 ; vga:vga_principal|pixelx_o[1] ; flipflop:flip_g|dato_o ; pll25mhz:mi_pll|r_c0 ; pll25mhz:mi_pll|r_c0 ; 1.000        ; 0.352      ; 7.995      ;
; -6.642 ; vga:vga_principal|pixelx_o[1] ; flipflop:flip_r|dato_o ; pll25mhz:mi_pll|r_c0 ; pll25mhz:mi_pll|r_c0 ; 1.000        ; 0.352      ; 7.995      ;
; -6.640 ; vga:vga_principal|pixely_o[4] ; flipflop:flip_r|dato_o ; pll25mhz:mi_pll|r_c0 ; pll25mhz:mi_pll|r_c0 ; 1.000        ; 0.364      ; 8.005      ;
; -6.640 ; vga:vga_principal|pixely_o[4] ; flipflop:flip_g|dato_o ; pll25mhz:mi_pll|r_c0 ; pll25mhz:mi_pll|r_c0 ; 1.000        ; 0.364      ; 8.005      ;
; -6.634 ; vga:vga_principal|pixelx_o[9] ; flipflop:flip_g|dato_o ; pll25mhz:mi_pll|r_c0 ; pll25mhz:mi_pll|r_c0 ; 1.000        ; 0.379      ; 8.014      ;
; -6.633 ; vga:vga_principal|pixelx_o[9] ; flipflop:flip_r|dato_o ; pll25mhz:mi_pll|r_c0 ; pll25mhz:mi_pll|r_c0 ; 1.000        ; 0.379      ; 8.013      ;
; -6.624 ; pad:raqueta_der|pady_o[5]     ; flipflop:flip_r|dato_o ; pll25mhz:mi_pll|r_c0 ; pll25mhz:mi_pll|r_c0 ; 1.000        ; 0.376      ; 8.001      ;
; -6.624 ; pad:raqueta_der|pady_o[5]     ; flipflop:flip_g|dato_o ; pll25mhz:mi_pll|r_c0 ; pll25mhz:mi_pll|r_c0 ; 1.000        ; 0.376      ; 8.001      ;
; -6.597 ; vga:vga_principal|pixelx_o[0] ; flipflop:flip_g|dato_o ; pll25mhz:mi_pll|r_c0 ; pll25mhz:mi_pll|r_c0 ; 1.000        ; 0.352      ; 7.950      ;
; -6.596 ; vga:vga_principal|pixelx_o[0] ; flipflop:flip_r|dato_o ; pll25mhz:mi_pll|r_c0 ; pll25mhz:mi_pll|r_c0 ; 1.000        ; 0.352      ; 7.949      ;
; -6.517 ; vga:vga_principal|pixely_o[3] ; flipflop:flip_b|dato_o ; pll25mhz:mi_pll|r_c0 ; pll25mhz:mi_pll|r_c0 ; 1.000        ; 0.363      ; 7.881      ;
; -6.502 ; pad:raqueta_der|pady_o[2]     ; flipflop:flip_g|dato_o ; pll25mhz:mi_pll|r_c0 ; pll25mhz:mi_pll|r_c0 ; 1.000        ; 0.376      ; 7.879      ;
; -6.501 ; pad:raqueta_der|pady_o[2]     ; flipflop:flip_r|dato_o ; pll25mhz:mi_pll|r_c0 ; pll25mhz:mi_pll|r_c0 ; 1.000        ; 0.376      ; 7.878      ;
; -6.497 ; ballhitbox:pelota|ballx_o[2]  ; flipflop:flip_r|dato_o ; pll25mhz:mi_pll|r_c0 ; pll25mhz:mi_pll|r_c0 ; 1.000        ; 0.344      ; 7.842      ;
; -6.497 ; ballhitbox:pelota|ballx_o[2]  ; flipflop:flip_g|dato_o ; pll25mhz:mi_pll|r_c0 ; pll25mhz:mi_pll|r_c0 ; 1.000        ; 0.344      ; 7.842      ;
; -6.476 ; pad:raqueta_der|pady_o[7]     ; flipflop:flip_r|dato_o ; pll25mhz:mi_pll|r_c0 ; pll25mhz:mi_pll|r_c0 ; 1.000        ; 0.376      ; 7.853      ;
; -6.476 ; pad:raqueta_der|pady_o[7]     ; flipflop:flip_g|dato_o ; pll25mhz:mi_pll|r_c0 ; pll25mhz:mi_pll|r_c0 ; 1.000        ; 0.376      ; 7.853      ;
; -6.470 ; ballhitbox:pelota|bally_o[2]  ; flipflop:flip_r|dato_o ; pll25mhz:mi_pll|r_c0 ; pll25mhz:mi_pll|r_c0 ; 1.000        ; 0.380      ; 7.851      ;
; -6.470 ; ballhitbox:pelota|bally_o[2]  ; flipflop:flip_g|dato_o ; pll25mhz:mi_pll|r_c0 ; pll25mhz:mi_pll|r_c0 ; 1.000        ; 0.380      ; 7.851      ;
; -6.467 ; vga:vga_principal|pixely_o[2] ; flipflop:flip_b|dato_o ; pll25mhz:mi_pll|r_c0 ; pll25mhz:mi_pll|r_c0 ; 1.000        ; 0.363      ; 7.831      ;
; -6.444 ; vga:vga_principal|pixelx_o[5] ; flipflop:flip_g|dato_o ; pll25mhz:mi_pll|r_c0 ; pll25mhz:mi_pll|r_c0 ; 1.000        ; 0.379      ; 7.824      ;
; -6.443 ; vga:vga_principal|pixelx_o[5] ; flipflop:flip_r|dato_o ; pll25mhz:mi_pll|r_c0 ; pll25mhz:mi_pll|r_c0 ; 1.000        ; 0.379      ; 7.823      ;
; -6.436 ; ballhitbox:pelota|ballx_o[4]  ; flipflop:flip_r|dato_o ; pll25mhz:mi_pll|r_c0 ; pll25mhz:mi_pll|r_c0 ; 1.000        ; 0.344      ; 7.781      ;
; -6.436 ; ballhitbox:pelota|ballx_o[4]  ; flipflop:flip_g|dato_o ; pll25mhz:mi_pll|r_c0 ; pll25mhz:mi_pll|r_c0 ; 1.000        ; 0.344      ; 7.781      ;
; -6.433 ; vga:vga_principal|pixelx_o[6] ; flipflop:flip_g|dato_o ; pll25mhz:mi_pll|r_c0 ; pll25mhz:mi_pll|r_c0 ; 1.000        ; 0.352      ; 7.786      ;
; -6.432 ; vga:vga_principal|pixelx_o[6] ; flipflop:flip_r|dato_o ; pll25mhz:mi_pll|r_c0 ; pll25mhz:mi_pll|r_c0 ; 1.000        ; 0.352      ; 7.785      ;
; -6.426 ; vga:vga_principal|pixely_o[8] ; flipflop:flip_b|dato_o ; pll25mhz:mi_pll|r_c0 ; pll25mhz:mi_pll|r_c0 ; 1.000        ; 0.364      ; 7.791      ;
; -6.423 ; vga:vga_principal|pixelx_o[3] ; flipflop:flip_b|dato_o ; pll25mhz:mi_pll|r_c0 ; pll25mhz:mi_pll|r_c0 ; 1.000        ; 0.352      ; 7.776      ;
; -6.411 ; vga:vga_principal|pixely_o[6] ; flipflop:flip_b|dato_o ; pll25mhz:mi_pll|r_c0 ; pll25mhz:mi_pll|r_c0 ; 1.000        ; 0.364      ; 7.776      ;
; -6.400 ; vga:vga_principal|pixely_o[0] ; flipflop:flip_b|dato_o ; pll25mhz:mi_pll|r_c0 ; pll25mhz:mi_pll|r_c0 ; 1.000        ; 0.339      ; 7.740      ;
; -6.396 ; ballhitbox:pelota|bally_o[1]  ; flipflop:flip_r|dato_o ; pll25mhz:mi_pll|r_c0 ; pll25mhz:mi_pll|r_c0 ; 1.000        ; 0.381      ; 7.778      ;
; -6.396 ; ballhitbox:pelota|bally_o[1]  ; flipflop:flip_g|dato_o ; pll25mhz:mi_pll|r_c0 ; pll25mhz:mi_pll|r_c0 ; 1.000        ; 0.381      ; 7.778      ;
; -6.388 ; ballhitbox:pelota|ballx_o[1]  ; flipflop:flip_g|dato_o ; pll25mhz:mi_pll|r_c0 ; pll25mhz:mi_pll|r_c0 ; 1.000        ; 0.344      ; 7.733      ;
; -6.388 ; pad:raqueta_der|pady_o[1]     ; flipflop:flip_g|dato_o ; pll25mhz:mi_pll|r_c0 ; pll25mhz:mi_pll|r_c0 ; 1.000        ; 0.376      ; 7.765      ;
; -6.387 ; ballhitbox:pelota|ballx_o[1]  ; flipflop:flip_r|dato_o ; pll25mhz:mi_pll|r_c0 ; pll25mhz:mi_pll|r_c0 ; 1.000        ; 0.344      ; 7.732      ;
; -6.387 ; pad:raqueta_der|pady_o[1]     ; flipflop:flip_r|dato_o ; pll25mhz:mi_pll|r_c0 ; pll25mhz:mi_pll|r_c0 ; 1.000        ; 0.376      ; 7.764      ;
; -6.363 ; pad:raqueta_der|pady_o[3]     ; flipflop:flip_g|dato_o ; pll25mhz:mi_pll|r_c0 ; pll25mhz:mi_pll|r_c0 ; 1.000        ; 0.376      ; 7.740      ;
; -6.362 ; pad:raqueta_der|pady_o[3]     ; flipflop:flip_r|dato_o ; pll25mhz:mi_pll|r_c0 ; pll25mhz:mi_pll|r_c0 ; 1.000        ; 0.376      ; 7.739      ;
; -6.334 ; ballhitbox:pelota|bally_o[3]  ; flipflop:flip_r|dato_o ; pll25mhz:mi_pll|r_c0 ; pll25mhz:mi_pll|r_c0 ; 1.000        ; 0.381      ; 7.716      ;
; -6.334 ; ballhitbox:pelota|bally_o[3]  ; flipflop:flip_g|dato_o ; pll25mhz:mi_pll|r_c0 ; pll25mhz:mi_pll|r_c0 ; 1.000        ; 0.381      ; 7.716      ;
; -6.269 ; pad:raqueta_der|pady_o[6]     ; flipflop:flip_b|dato_o ; pll25mhz:mi_pll|r_c0 ; pll25mhz:mi_pll|r_c0 ; 1.000        ; 0.376      ; 7.646      ;
; -6.267 ; ballhitbox:pelota|ballx_o[6]  ; flipflop:flip_r|dato_o ; pll25mhz:mi_pll|r_c0 ; pll25mhz:mi_pll|r_c0 ; 1.000        ; 0.344      ; 7.612      ;
; -6.267 ; ballhitbox:pelota|ballx_o[6]  ; flipflop:flip_g|dato_o ; pll25mhz:mi_pll|r_c0 ; pll25mhz:mi_pll|r_c0 ; 1.000        ; 0.344      ; 7.612      ;
; -6.256 ; ballhitbox:pelota|ballx_o[3]  ; flipflop:flip_r|dato_o ; pll25mhz:mi_pll|r_c0 ; pll25mhz:mi_pll|r_c0 ; 1.000        ; 0.344      ; 7.601      ;
; -6.256 ; ballhitbox:pelota|ballx_o[3]  ; flipflop:flip_g|dato_o ; pll25mhz:mi_pll|r_c0 ; pll25mhz:mi_pll|r_c0 ; 1.000        ; 0.344      ; 7.601      ;
; -6.221 ; vga:vga_principal|pixely_o[9] ; flipflop:flip_b|dato_o ; pll25mhz:mi_pll|r_c0 ; pll25mhz:mi_pll|r_c0 ; 1.000        ; 0.364      ; 7.586      ;
; -6.217 ; pad:raqueta_izq|pady_o[4]     ; flipflop:flip_r|dato_o ; pll25mhz:mi_pll|r_c0 ; pll25mhz:mi_pll|r_c0 ; 1.000        ; 0.371      ; 7.589      ;
; -6.217 ; pad:raqueta_izq|pady_o[4]     ; flipflop:flip_g|dato_o ; pll25mhz:mi_pll|r_c0 ; pll25mhz:mi_pll|r_c0 ; 1.000        ; 0.371      ; 7.589      ;
; -6.214 ; pad:raqueta_izq|pady_o[7]     ; flipflop:flip_r|dato_o ; pll25mhz:mi_pll|r_c0 ; pll25mhz:mi_pll|r_c0 ; 1.000        ; 0.371      ; 7.586      ;
; -6.214 ; pad:raqueta_izq|pady_o[7]     ; flipflop:flip_g|dato_o ; pll25mhz:mi_pll|r_c0 ; pll25mhz:mi_pll|r_c0 ; 1.000        ; 0.371      ; 7.586      ;
; -6.209 ; pad:raqueta_izq|pady_o[5]     ; flipflop:flip_r|dato_o ; pll25mhz:mi_pll|r_c0 ; pll25mhz:mi_pll|r_c0 ; 1.000        ; 0.371      ; 7.581      ;
; -6.209 ; pad:raqueta_izq|pady_o[5]     ; flipflop:flip_g|dato_o ; pll25mhz:mi_pll|r_c0 ; pll25mhz:mi_pll|r_c0 ; 1.000        ; 0.371      ; 7.581      ;
; -6.208 ; vga:vga_principal|pixely_o[1] ; flipflop:flip_b|dato_o ; pll25mhz:mi_pll|r_c0 ; pll25mhz:mi_pll|r_c0 ; 1.000        ; 0.364      ; 7.573      ;
; -6.196 ; vga:vga_principal|pixelx_o[2] ; flipflop:flip_b|dato_o ; pll25mhz:mi_pll|r_c0 ; pll25mhz:mi_pll|r_c0 ; 1.000        ; 0.352      ; 7.549      ;
; -6.177 ; vga:vga_principal|pixely_o[7] ; flipflop:flip_b|dato_o ; pll25mhz:mi_pll|r_c0 ; pll25mhz:mi_pll|r_c0 ; 1.000        ; 0.364      ; 7.542      ;
; -6.174 ; pad:raqueta_der|pady_o[4]     ; flipflop:flip_b|dato_o ; pll25mhz:mi_pll|r_c0 ; pll25mhz:mi_pll|r_c0 ; 1.000        ; 0.376      ; 7.551      ;
; -6.172 ; vga:vga_principal|pixelx_o[8] ; flipflop:flip_b|dato_o ; pll25mhz:mi_pll|r_c0 ; pll25mhz:mi_pll|r_c0 ; 1.000        ; 0.379      ; 7.552      ;
; -6.143 ; vga:vga_principal|pixelx_o[7] ; flipflop:flip_b|dato_o ; pll25mhz:mi_pll|r_c0 ; pll25mhz:mi_pll|r_c0 ; 1.000        ; 0.352      ; 7.496      ;
; -6.139 ; ballhitbox:pelota|ballx_o[5]  ; flipflop:flip_r|dato_o ; pll25mhz:mi_pll|r_c0 ; pll25mhz:mi_pll|r_c0 ; 1.000        ; 0.344      ; 7.484      ;
; -6.139 ; ballhitbox:pelota|ballx_o[5]  ; flipflop:flip_g|dato_o ; pll25mhz:mi_pll|r_c0 ; pll25mhz:mi_pll|r_c0 ; 1.000        ; 0.344      ; 7.484      ;
; -6.123 ; pad:raqueta_der|pady_o[8]     ; flipflop:flip_g|dato_o ; pll25mhz:mi_pll|r_c0 ; pll25mhz:mi_pll|r_c0 ; 1.000        ; 0.376      ; 7.500      ;
; -6.122 ; pad:raqueta_der|pady_o[8]     ; flipflop:flip_r|dato_o ; pll25mhz:mi_pll|r_c0 ; pll25mhz:mi_pll|r_c0 ; 1.000        ; 0.376      ; 7.499      ;
; -6.093 ; vga:vga_principal|pixelx_o[4] ; flipflop:flip_b|dato_o ; pll25mhz:mi_pll|r_c0 ; pll25mhz:mi_pll|r_c0 ; 1.000        ; 0.352      ; 7.446      ;
; -6.090 ; vga:vga_principal|pixely_o[5] ; flipflop:flip_b|dato_o ; pll25mhz:mi_pll|r_c0 ; pll25mhz:mi_pll|r_c0 ; 1.000        ; 0.364      ; 7.455      ;
; -6.030 ; vga:vga_principal|pixelx_o[1] ; flipflop:flip_b|dato_o ; pll25mhz:mi_pll|r_c0 ; pll25mhz:mi_pll|r_c0 ; 1.000        ; 0.352      ; 7.383      ;
; -6.022 ; vga:vga_principal|pixelx_o[9] ; flipflop:flip_b|dato_o ; pll25mhz:mi_pll|r_c0 ; pll25mhz:mi_pll|r_c0 ; 1.000        ; 0.379      ; 7.402      ;
; -6.022 ; vga:vga_principal|pixely_o[4] ; flipflop:flip_b|dato_o ; pll25mhz:mi_pll|r_c0 ; pll25mhz:mi_pll|r_c0 ; 1.000        ; 0.364      ; 7.387      ;
; -6.006 ; pad:raqueta_der|pady_o[5]     ; flipflop:flip_b|dato_o ; pll25mhz:mi_pll|r_c0 ; pll25mhz:mi_pll|r_c0 ; 1.000        ; 0.376      ; 7.383      ;
+--------+-------------------------------+------------------------+----------------------+----------------------+--------------+------------+------------+


+-----------------------------------------------------------------------------------------------------------------------------------------+
; Slow 1200mV 85C Model Setup: 'clk'                                                                                                      ;
+--------+--------------------------------+-------------------------+--------------+-------------+--------------+------------+------------+
; Slack  ; From Node                      ; To Node                 ; Launch Clock ; Latch Clock ; Relationship ; Clock Skew ; Data Delay ;
+--------+--------------------------------+-------------------------+--------------+-------------+--------------+------------+------------+
; -3.183 ; uart_rx:uart0|baud_counter[6]  ; uart_rx:uart0|o_data[0] ; clk          ; clk         ; 1.000        ; -0.082     ; 4.102      ;
; -3.183 ; uart_rx:uart0|baud_counter[6]  ; uart_rx:uart0|o_data[1] ; clk          ; clk         ; 1.000        ; -0.082     ; 4.102      ;
; -3.183 ; uart_rx:uart0|baud_counter[6]  ; uart_rx:uart0|o_data[2] ; clk          ; clk         ; 1.000        ; -0.082     ; 4.102      ;
; -3.183 ; uart_rx:uart0|baud_counter[6]  ; uart_rx:uart0|o_data[3] ; clk          ; clk         ; 1.000        ; -0.082     ; 4.102      ;
; -3.183 ; uart_rx:uart0|baud_counter[6]  ; uart_rx:uart0|o_data[4] ; clk          ; clk         ; 1.000        ; -0.082     ; 4.102      ;
; -3.183 ; uart_rx:uart0|baud_counter[6]  ; uart_rx:uart0|o_data[5] ; clk          ; clk         ; 1.000        ; -0.082     ; 4.102      ;
; -3.183 ; uart_rx:uart0|baud_counter[6]  ; uart_rx:uart0|o_data[6] ; clk          ; clk         ; 1.000        ; -0.082     ; 4.102      ;
; -3.183 ; uart_rx:uart0|baud_counter[6]  ; uart_rx:uart0|o_data[7] ; clk          ; clk         ; 1.000        ; -0.082     ; 4.102      ;
; -3.182 ; uart_rx:uart0|baud_counter[9]  ; uart_rx:uart0|o_data[0] ; clk          ; clk         ; 1.000        ; -0.082     ; 4.101      ;
; -3.182 ; uart_rx:uart0|baud_counter[9]  ; uart_rx:uart0|o_data[1] ; clk          ; clk         ; 1.000        ; -0.082     ; 4.101      ;
; -3.182 ; uart_rx:uart0|baud_counter[9]  ; uart_rx:uart0|o_data[2] ; clk          ; clk         ; 1.000        ; -0.082     ; 4.101      ;
; -3.182 ; uart_rx:uart0|baud_counter[9]  ; uart_rx:uart0|o_data[3] ; clk          ; clk         ; 1.000        ; -0.082     ; 4.101      ;
; -3.182 ; uart_rx:uart0|baud_counter[9]  ; uart_rx:uart0|o_data[4] ; clk          ; clk         ; 1.000        ; -0.082     ; 4.101      ;
; -3.182 ; uart_rx:uart0|baud_counter[9]  ; uart_rx:uart0|o_data[5] ; clk          ; clk         ; 1.000        ; -0.082     ; 4.101      ;
; -3.182 ; uart_rx:uart0|baud_counter[9]  ; uart_rx:uart0|o_data[6] ; clk          ; clk         ; 1.000        ; -0.082     ; 4.101      ;
; -3.182 ; uart_rx:uart0|baud_counter[9]  ; uart_rx:uart0|o_data[7] ; clk          ; clk         ; 1.000        ; -0.082     ; 4.101      ;
; -3.097 ; uart_rx:uart0|baud_counter[1]  ; uart_rx:uart0|o_data[0] ; clk          ; clk         ; 1.000        ; -0.086     ; 4.012      ;
; -3.097 ; uart_rx:uart0|baud_counter[1]  ; uart_rx:uart0|o_data[1] ; clk          ; clk         ; 1.000        ; -0.086     ; 4.012      ;
; -3.097 ; uart_rx:uart0|baud_counter[1]  ; uart_rx:uart0|o_data[2] ; clk          ; clk         ; 1.000        ; -0.086     ; 4.012      ;
; -3.097 ; uart_rx:uart0|baud_counter[1]  ; uart_rx:uart0|o_data[3] ; clk          ; clk         ; 1.000        ; -0.086     ; 4.012      ;
; -3.097 ; uart_rx:uart0|baud_counter[1]  ; uart_rx:uart0|o_data[4] ; clk          ; clk         ; 1.000        ; -0.086     ; 4.012      ;
; -3.097 ; uart_rx:uart0|baud_counter[1]  ; uart_rx:uart0|o_data[5] ; clk          ; clk         ; 1.000        ; -0.086     ; 4.012      ;
; -3.097 ; uart_rx:uart0|baud_counter[1]  ; uart_rx:uart0|o_data[6] ; clk          ; clk         ; 1.000        ; -0.086     ; 4.012      ;
; -3.097 ; uart_rx:uart0|baud_counter[1]  ; uart_rx:uart0|o_data[7] ; clk          ; clk         ; 1.000        ; -0.086     ; 4.012      ;
; -3.087 ; uart_rx:uart0|baud_counter[3]  ; uart_rx:uart0|o_data[0] ; clk          ; clk         ; 1.000        ; -0.086     ; 4.002      ;
; -3.087 ; uart_rx:uart0|baud_counter[3]  ; uart_rx:uart0|o_data[1] ; clk          ; clk         ; 1.000        ; -0.086     ; 4.002      ;
; -3.087 ; uart_rx:uart0|baud_counter[3]  ; uart_rx:uart0|o_data[2] ; clk          ; clk         ; 1.000        ; -0.086     ; 4.002      ;
; -3.087 ; uart_rx:uart0|baud_counter[3]  ; uart_rx:uart0|o_data[3] ; clk          ; clk         ; 1.000        ; -0.086     ; 4.002      ;
; -3.087 ; uart_rx:uart0|baud_counter[3]  ; uart_rx:uart0|o_data[4] ; clk          ; clk         ; 1.000        ; -0.086     ; 4.002      ;
; -3.087 ; uart_rx:uart0|baud_counter[3]  ; uart_rx:uart0|o_data[5] ; clk          ; clk         ; 1.000        ; -0.086     ; 4.002      ;
; -3.087 ; uart_rx:uart0|baud_counter[3]  ; uart_rx:uart0|o_data[6] ; clk          ; clk         ; 1.000        ; -0.086     ; 4.002      ;
; -3.087 ; uart_rx:uart0|baud_counter[3]  ; uart_rx:uart0|o_data[7] ; clk          ; clk         ; 1.000        ; -0.086     ; 4.002      ;
; -3.087 ; uart_rx:uart0|baud_counter[0]  ; uart_rx:uart0|o_data[0] ; clk          ; clk         ; 1.000        ; -0.086     ; 4.002      ;
; -3.087 ; uart_rx:uart0|baud_counter[0]  ; uart_rx:uart0|o_data[1] ; clk          ; clk         ; 1.000        ; -0.086     ; 4.002      ;
; -3.087 ; uart_rx:uart0|baud_counter[0]  ; uart_rx:uart0|o_data[2] ; clk          ; clk         ; 1.000        ; -0.086     ; 4.002      ;
; -3.087 ; uart_rx:uart0|baud_counter[0]  ; uart_rx:uart0|o_data[3] ; clk          ; clk         ; 1.000        ; -0.086     ; 4.002      ;
; -3.087 ; uart_rx:uart0|baud_counter[0]  ; uart_rx:uart0|o_data[4] ; clk          ; clk         ; 1.000        ; -0.086     ; 4.002      ;
; -3.087 ; uart_rx:uart0|baud_counter[0]  ; uart_rx:uart0|o_data[5] ; clk          ; clk         ; 1.000        ; -0.086     ; 4.002      ;
; -3.087 ; uart_rx:uart0|baud_counter[0]  ; uart_rx:uart0|o_data[6] ; clk          ; clk         ; 1.000        ; -0.086     ; 4.002      ;
; -3.087 ; uart_rx:uart0|baud_counter[0]  ; uart_rx:uart0|o_data[7] ; clk          ; clk         ; 1.000        ; -0.086     ; 4.002      ;
; -3.076 ; uart_rx:uart0|baud_counter[2]  ; uart_rx:uart0|o_data[0] ; clk          ; clk         ; 1.000        ; -0.086     ; 3.991      ;
; -3.076 ; uart_rx:uart0|baud_counter[2]  ; uart_rx:uart0|o_data[1] ; clk          ; clk         ; 1.000        ; -0.086     ; 3.991      ;
; -3.076 ; uart_rx:uart0|baud_counter[2]  ; uart_rx:uart0|o_data[2] ; clk          ; clk         ; 1.000        ; -0.086     ; 3.991      ;
; -3.076 ; uart_rx:uart0|baud_counter[2]  ; uart_rx:uart0|o_data[3] ; clk          ; clk         ; 1.000        ; -0.086     ; 3.991      ;
; -3.076 ; uart_rx:uart0|baud_counter[2]  ; uart_rx:uart0|o_data[4] ; clk          ; clk         ; 1.000        ; -0.086     ; 3.991      ;
; -3.076 ; uart_rx:uart0|baud_counter[2]  ; uart_rx:uart0|o_data[5] ; clk          ; clk         ; 1.000        ; -0.086     ; 3.991      ;
; -3.076 ; uart_rx:uart0|baud_counter[2]  ; uart_rx:uart0|o_data[6] ; clk          ; clk         ; 1.000        ; -0.086     ; 3.991      ;
; -3.076 ; uart_rx:uart0|baud_counter[2]  ; uart_rx:uart0|o_data[7] ; clk          ; clk         ; 1.000        ; -0.086     ; 3.991      ;
; -3.012 ; uart_rx:uart0|state[2]         ; uart_rx:uart0|o_data[0] ; clk          ; clk         ; 1.000        ; -0.583     ; 3.430      ;
; -3.012 ; uart_rx:uart0|state[2]         ; uart_rx:uart0|o_data[1] ; clk          ; clk         ; 1.000        ; -0.583     ; 3.430      ;
; -3.012 ; uart_rx:uart0|state[2]         ; uart_rx:uart0|o_data[2] ; clk          ; clk         ; 1.000        ; -0.583     ; 3.430      ;
; -3.012 ; uart_rx:uart0|state[2]         ; uart_rx:uart0|o_data[3] ; clk          ; clk         ; 1.000        ; -0.583     ; 3.430      ;
; -3.012 ; uart_rx:uart0|state[2]         ; uart_rx:uart0|o_data[4] ; clk          ; clk         ; 1.000        ; -0.583     ; 3.430      ;
; -3.012 ; uart_rx:uart0|state[2]         ; uart_rx:uart0|o_data[5] ; clk          ; clk         ; 1.000        ; -0.583     ; 3.430      ;
; -3.012 ; uart_rx:uart0|state[2]         ; uart_rx:uart0|o_data[6] ; clk          ; clk         ; 1.000        ; -0.583     ; 3.430      ;
; -3.012 ; uart_rx:uart0|state[2]         ; uart_rx:uart0|o_data[7] ; clk          ; clk         ; 1.000        ; -0.583     ; 3.430      ;
; -2.997 ; uart_rx:uart0|baud_counter[7]  ; uart_rx:uart0|o_data[0] ; clk          ; clk         ; 1.000        ; -0.082     ; 3.916      ;
; -2.997 ; uart_rx:uart0|baud_counter[7]  ; uart_rx:uart0|o_data[1] ; clk          ; clk         ; 1.000        ; -0.082     ; 3.916      ;
; -2.997 ; uart_rx:uart0|baud_counter[7]  ; uart_rx:uart0|o_data[2] ; clk          ; clk         ; 1.000        ; -0.082     ; 3.916      ;
; -2.997 ; uart_rx:uart0|baud_counter[7]  ; uart_rx:uart0|o_data[3] ; clk          ; clk         ; 1.000        ; -0.082     ; 3.916      ;
; -2.997 ; uart_rx:uart0|baud_counter[7]  ; uart_rx:uart0|o_data[4] ; clk          ; clk         ; 1.000        ; -0.082     ; 3.916      ;
; -2.997 ; uart_rx:uart0|baud_counter[7]  ; uart_rx:uart0|o_data[5] ; clk          ; clk         ; 1.000        ; -0.082     ; 3.916      ;
; -2.997 ; uart_rx:uart0|baud_counter[7]  ; uart_rx:uart0|o_data[6] ; clk          ; clk         ; 1.000        ; -0.082     ; 3.916      ;
; -2.997 ; uart_rx:uart0|baud_counter[7]  ; uart_rx:uart0|o_data[7] ; clk          ; clk         ; 1.000        ; -0.082     ; 3.916      ;
; -2.972 ; uart_rx:uart0|baud_counter[6]  ; uart_rx:uart0|state[1]  ; clk          ; clk         ; 1.000        ; -0.080     ; 3.893      ;
; -2.971 ; uart_rx:uart0|baud_counter[9]  ; uart_rx:uart0|state[1]  ; clk          ; clk         ; 1.000        ; -0.080     ; 3.892      ;
; -2.920 ; uart_rx:uart0|baud_counter[6]  ; uart_rx:uart0|state[3]  ; clk          ; clk         ; 1.000        ; -0.080     ; 3.841      ;
; -2.919 ; uart_rx:uart0|baud_counter[9]  ; uart_rx:uart0|state[3]  ; clk          ; clk         ; 1.000        ; -0.080     ; 3.840      ;
; -2.911 ; uart_rx:uart0|baud_counter[12] ; uart_rx:uart0|o_data[0] ; clk          ; clk         ; 1.000        ; -0.086     ; 3.826      ;
; -2.911 ; uart_rx:uart0|baud_counter[12] ; uart_rx:uart0|o_data[1] ; clk          ; clk         ; 1.000        ; -0.086     ; 3.826      ;
; -2.911 ; uart_rx:uart0|baud_counter[12] ; uart_rx:uart0|o_data[2] ; clk          ; clk         ; 1.000        ; -0.086     ; 3.826      ;
; -2.911 ; uart_rx:uart0|baud_counter[12] ; uart_rx:uart0|o_data[3] ; clk          ; clk         ; 1.000        ; -0.086     ; 3.826      ;
; -2.911 ; uart_rx:uart0|baud_counter[12] ; uart_rx:uart0|o_data[4] ; clk          ; clk         ; 1.000        ; -0.086     ; 3.826      ;
; -2.911 ; uart_rx:uart0|baud_counter[12] ; uart_rx:uart0|o_data[5] ; clk          ; clk         ; 1.000        ; -0.086     ; 3.826      ;
; -2.911 ; uart_rx:uart0|baud_counter[12] ; uart_rx:uart0|o_data[6] ; clk          ; clk         ; 1.000        ; -0.086     ; 3.826      ;
; -2.911 ; uart_rx:uart0|baud_counter[12] ; uart_rx:uart0|o_data[7] ; clk          ; clk         ; 1.000        ; -0.086     ; 3.826      ;
; -2.908 ; uart_rx:uart0|baud_counter[14] ; uart_rx:uart0|o_data[0] ; clk          ; clk         ; 1.000        ; -0.086     ; 3.823      ;
; -2.908 ; uart_rx:uart0|baud_counter[14] ; uart_rx:uart0|o_data[1] ; clk          ; clk         ; 1.000        ; -0.086     ; 3.823      ;
; -2.908 ; uart_rx:uart0|baud_counter[14] ; uart_rx:uart0|o_data[2] ; clk          ; clk         ; 1.000        ; -0.086     ; 3.823      ;
; -2.908 ; uart_rx:uart0|baud_counter[14] ; uart_rx:uart0|o_data[3] ; clk          ; clk         ; 1.000        ; -0.086     ; 3.823      ;
; -2.908 ; uart_rx:uart0|baud_counter[14] ; uart_rx:uart0|o_data[4] ; clk          ; clk         ; 1.000        ; -0.086     ; 3.823      ;
; -2.908 ; uart_rx:uart0|baud_counter[14] ; uart_rx:uart0|o_data[5] ; clk          ; clk         ; 1.000        ; -0.086     ; 3.823      ;
; -2.908 ; uart_rx:uart0|baud_counter[14] ; uart_rx:uart0|o_data[6] ; clk          ; clk         ; 1.000        ; -0.086     ; 3.823      ;
; -2.908 ; uart_rx:uart0|baud_counter[14] ; uart_rx:uart0|o_data[7] ; clk          ; clk         ; 1.000        ; -0.086     ; 3.823      ;
; -2.903 ; uart_rx:uart0|baud_counter[11] ; uart_rx:uart0|o_data[0] ; clk          ; clk         ; 1.000        ; -0.086     ; 3.818      ;
; -2.903 ; uart_rx:uart0|baud_counter[11] ; uart_rx:uart0|o_data[1] ; clk          ; clk         ; 1.000        ; -0.086     ; 3.818      ;
; -2.903 ; uart_rx:uart0|baud_counter[11] ; uart_rx:uart0|o_data[2] ; clk          ; clk         ; 1.000        ; -0.086     ; 3.818      ;
; -2.903 ; uart_rx:uart0|baud_counter[11] ; uart_rx:uart0|o_data[3] ; clk          ; clk         ; 1.000        ; -0.086     ; 3.818      ;
; -2.903 ; uart_rx:uart0|baud_counter[11] ; uart_rx:uart0|o_data[4] ; clk          ; clk         ; 1.000        ; -0.086     ; 3.818      ;
; -2.903 ; uart_rx:uart0|baud_counter[11] ; uart_rx:uart0|o_data[5] ; clk          ; clk         ; 1.000        ; -0.086     ; 3.818      ;
; -2.903 ; uart_rx:uart0|baud_counter[11] ; uart_rx:uart0|o_data[6] ; clk          ; clk         ; 1.000        ; -0.086     ; 3.818      ;
; -2.903 ; uart_rx:uart0|baud_counter[11] ; uart_rx:uart0|o_data[7] ; clk          ; clk         ; 1.000        ; -0.086     ; 3.818      ;
; -2.898 ; uart_rx:uart0|baud_counter[5]  ; uart_rx:uart0|o_data[0] ; clk          ; clk         ; 1.000        ; -0.086     ; 3.813      ;
; -2.898 ; uart_rx:uart0|baud_counter[5]  ; uart_rx:uart0|o_data[1] ; clk          ; clk         ; 1.000        ; -0.086     ; 3.813      ;
; -2.898 ; uart_rx:uart0|baud_counter[5]  ; uart_rx:uart0|o_data[2] ; clk          ; clk         ; 1.000        ; -0.086     ; 3.813      ;
; -2.898 ; uart_rx:uart0|baud_counter[5]  ; uart_rx:uart0|o_data[3] ; clk          ; clk         ; 1.000        ; -0.086     ; 3.813      ;
; -2.898 ; uart_rx:uart0|baud_counter[5]  ; uart_rx:uart0|o_data[4] ; clk          ; clk         ; 1.000        ; -0.086     ; 3.813      ;
; -2.898 ; uart_rx:uart0|baud_counter[5]  ; uart_rx:uart0|o_data[5] ; clk          ; clk         ; 1.000        ; -0.086     ; 3.813      ;
; -2.898 ; uart_rx:uart0|baud_counter[5]  ; uart_rx:uart0|o_data[6] ; clk          ; clk         ; 1.000        ; -0.086     ; 3.813      ;
; -2.898 ; uart_rx:uart0|baud_counter[5]  ; uart_rx:uart0|o_data[7] ; clk          ; clk         ; 1.000        ; -0.086     ; 3.813      ;
+--------+--------------------------------+-------------------------+--------------+-------------+--------------+------------+------------+


+-------------------------------------------------------------------------------------------------------------------------------------------------------+
; Slow 1200mV 85C Model Hold: 'clk'                                                                                                                     ;
+-------+--------------------------------+--------------------------------+----------------------+-------------+--------------+------------+------------+
; Slack ; From Node                      ; To Node                        ; Launch Clock         ; Latch Clock ; Relationship ; Clock Skew ; Data Delay ;
+-------+--------------------------------+--------------------------------+----------------------+-------------+--------------+------------+------------+
; 0.434 ; uart_rx:uart0|state[2]         ; uart_rx:uart0|state[2]         ; clk                  ; clk         ; 0.000        ; 0.100      ; 0.746      ;
; 0.454 ; btn_up2                        ; btn_up2                        ; clk                  ; clk         ; 0.000        ; 0.080      ; 0.746      ;
; 0.454 ; uart_rx:uart0|state[3]         ; uart_rx:uart0|state[3]         ; clk                  ; clk         ; 0.000        ; 0.080      ; 0.746      ;
; 0.454 ; uart_rx:uart0|state[1]         ; uart_rx:uart0|state[1]         ; clk                  ; clk         ; 0.000        ; 0.080      ; 0.746      ;
; 0.454 ; uart_rx:uart0|state[0]         ; uart_rx:uart0|state[0]         ; clk                  ; clk         ; 0.000        ; 0.080      ; 0.746      ;
; 0.503 ; uart_rx:uart0|q_uart           ; uart_rx:uart0|ck_uart          ; clk                  ; clk         ; 0.000        ; 0.080      ; 0.795      ;
; 0.681 ; uart_rx:uart0|o_data[1]        ; btn_up1                        ; clk                  ; clk         ; 0.000        ; 0.081      ; 0.974      ;
; 0.681 ; uart_rx:uart0|state[1]         ; uart_rx:uart0|state[2]         ; clk                  ; clk         ; 0.000        ; 0.581      ; 1.474      ;
; 0.702 ; uart_rx:uart0|o_data[3]        ; uart_rx:uart0|o_data[2]        ; clk                  ; clk         ; 0.000        ; 0.080      ; 0.994      ;
; 0.707 ; uart_rx:uart0|o_data[5]        ; uart_rx:uart0|o_data[4]        ; clk                  ; clk         ; 0.000        ; 0.080      ; 0.999      ;
; 0.729 ; uart_rx:uart0|o_data[2]        ; uart_rx:uart0|o_data[1]        ; clk                  ; clk         ; 0.000        ; 0.080      ; 1.021      ;
; 0.828 ; uart_rx:uart0|state[0]         ; uart_rx:uart0|state[2]         ; clk                  ; clk         ; 0.000        ; 0.581      ; 1.621      ;
; 0.882 ; pll25mhz:mi_pll|r_c0           ; pll25mhz:mi_pll|r_c0           ; pll25mhz:mi_pll|r_c0 ; clk         ; 0.000        ; 2.603      ; 3.988      ;
; 1.036 ; uart_rx:uart0|o_data[2]        ; btn_down1                      ; clk                  ; clk         ; 0.000        ; 0.080      ; 1.328      ;
; 1.066 ; uart_rx:uart0|o_data[3]        ; btn_up2                        ; clk                  ; clk         ; 0.000        ; 0.080      ; 1.358      ;
; 1.069 ; uart_rx:uart0|o_data[3]        ; btn_down2                      ; clk                  ; clk         ; 0.000        ; 0.080      ; 1.361      ;
; 1.104 ; uart_rx:uart0|o_data[1]        ; btn_up2                        ; clk                  ; clk         ; 0.000        ; 0.080      ; 1.396      ;
; 1.116 ; uart_rx:uart0|o_data[4]        ; btn_up2                        ; clk                  ; clk         ; 0.000        ; 0.080      ; 1.408      ;
; 1.118 ; uart_rx:uart0|ck_uart          ; uart_rx:uart0|o_data[7]        ; clk                  ; clk         ; 0.000        ; 0.078      ; 1.408      ;
; 1.121 ; uart_rx:uart0|o_data[6]        ; uart_rx:uart0|o_data[5]        ; clk                  ; clk         ; 0.000        ; 0.080      ; 1.413      ;
; 1.129 ; uart_rx:uart0|o_data[1]        ; btn_down2                      ; clk                  ; clk         ; 0.000        ; 0.080      ; 1.421      ;
; 1.152 ; btn_down1                      ; btn_down1                      ; clk                  ; clk         ; 0.000        ; 0.080      ; 1.444      ;
; 1.179 ; uart_rx:uart0|state[1]         ; uart_rx:uart0|state[3]         ; clk                  ; clk         ; 0.000        ; 0.080      ; 1.471      ;
; 1.187 ; uart_rx:uart0|state[3]         ; uart_rx:uart0|baud_counter[6]  ; clk                  ; clk         ; 0.000        ; 0.080      ; 1.479      ;
; 1.190 ; uart_rx:uart0|o_data[0]        ; btn_up2                        ; clk                  ; clk         ; 0.000        ; 0.080      ; 1.482      ;
; 1.205 ; uart_rx:uart0|o_data[4]        ; btn_up1                        ; clk                  ; clk         ; 0.000        ; 0.081      ; 1.498      ;
; 1.208 ; uart_rx:uart0|o_data[4]        ; uart_rx:uart0|o_data[3]        ; clk                  ; clk         ; 0.000        ; 0.080      ; 1.500      ;
; 1.210 ; uart_rx:uart0|o_data[1]        ; uart_rx:uart0|o_data[0]        ; clk                  ; clk         ; 0.000        ; 0.080      ; 1.502      ;
; 1.239 ; uart_rx:uart0|o_data[3]        ; btn_up1                        ; clk                  ; clk         ; 0.000        ; 0.081      ; 1.532      ;
; 1.274 ; uart_rx:uart0|o_data[4]        ; btn_down2                      ; clk                  ; clk         ; 0.000        ; 0.080      ; 1.566      ;
; 1.279 ; uart_rx:uart0|baud_counter[15] ; uart_rx:uart0|baud_counter[15] ; clk                  ; clk         ; 0.000        ; 0.080      ; 1.571      ;
; 1.301 ; uart_rx:uart0|o_data[0]        ; btn_up1                        ; clk                  ; clk         ; 0.000        ; 0.081      ; 1.594      ;
; 1.305 ; uart_rx:uart0|o_data[2]        ; btn_down2                      ; clk                  ; clk         ; 0.000        ; 0.080      ; 1.597      ;
; 1.312 ; uart_rx:uart0|state[1]         ; uart_rx:uart0|o_wr             ; clk                  ; clk         ; 0.000        ; 0.080      ; 1.604      ;
; 1.321 ; uart_rx:uart0|o_data[3]        ; btn_down1                      ; clk                  ; clk         ; 0.000        ; 0.080      ; 1.613      ;
; 1.406 ; uart_rx:uart0|o_data[7]        ; uart_rx:uart0|o_data[6]        ; clk                  ; clk         ; 0.000        ; 0.080      ; 1.698      ;
; 1.406 ; btn_down2                      ; btn_down2                      ; clk                  ; clk         ; 0.000        ; 0.080      ; 1.698      ;
; 1.406 ; uart_rx:uart0|o_data[0]        ; btn_down2                      ; clk                  ; clk         ; 0.000        ; 0.080      ; 1.698      ;
; 1.420 ; uart_rx:uart0|state[3]         ; uart_rx:uart0|baud_counter[13] ; clk                  ; clk         ; 0.000        ; 0.084      ; 1.716      ;
; 1.421 ; uart_rx:uart0|state[3]         ; uart_rx:uart0|baud_counter[2]  ; clk                  ; clk         ; 0.000        ; 0.084      ; 1.717      ;
; 1.421 ; uart_rx:uart0|state[3]         ; uart_rx:uart0|baud_counter[3]  ; clk                  ; clk         ; 0.000        ; 0.084      ; 1.717      ;
; 1.422 ; uart_rx:uart0|o_data[0]        ; btn_down1                      ; clk                  ; clk         ; 0.000        ; 0.080      ; 1.714      ;
; 1.426 ; uart_rx:uart0|o_data[5]        ; btn_up2                        ; clk                  ; clk         ; 0.000        ; 0.080      ; 1.718      ;
; 1.429 ; uart_rx:uart0|o_data[5]        ; btn_down2                      ; clk                  ; clk         ; 0.000        ; 0.080      ; 1.721      ;
; 1.449 ; uart_rx:uart0|state[0]         ; uart_rx:uart0|state[3]         ; clk                  ; clk         ; 0.000        ; 0.080      ; 1.741      ;
; 1.483 ; pll25mhz:mi_pll|r_c0           ; pll25mhz:mi_pll|r_c0           ; pll25mhz:mi_pll|r_c0 ; clk         ; -0.500       ; 2.603      ; 4.089      ;
; 1.504 ; uart_rx:uart0|state[1]         ; uart_rx:uart0|baud_counter[6]  ; clk                  ; clk         ; 0.000        ; 0.080      ; 1.796      ;
; 1.506 ; uart_rx:uart0|o_data[4]        ; btn_down1                      ; clk                  ; clk         ; 0.000        ; 0.080      ; 1.798      ;
; 1.513 ; uart_rx:uart0|baud_counter[4]  ; uart_rx:uart0|baud_counter[4]  ; clk                  ; clk         ; 0.000        ; 0.080      ; 1.805      ;
; 1.519 ; uart_rx:uart0|ck_uart          ; uart_rx:uart0|baud_counter[11] ; clk                  ; clk         ; 0.000        ; 0.084      ; 1.815      ;
; 1.521 ; uart_rx:uart0|baud_counter[11] ; uart_rx:uart0|baud_counter[11] ; clk                  ; clk         ; 0.000        ; 0.080      ; 1.813      ;
; 1.527 ; uart_rx:uart0|baud_counter[9]  ; uart_rx:uart0|baud_counter[9]  ; clk                  ; clk         ; 0.000        ; 0.080      ; 1.819      ;
; 1.532 ; uart_rx:uart0|baud_counter[1]  ; uart_rx:uart0|baud_counter[1]  ; clk                  ; clk         ; 0.000        ; 0.080      ; 1.824      ;
; 1.537 ; uart_rx:uart0|baud_counter[8]  ; uart_rx:uart0|baud_counter[8]  ; clk                  ; clk         ; 0.000        ; 0.080      ; 1.829      ;
; 1.547 ; uart_rx:uart0|baud_counter[10] ; uart_rx:uart0|baud_counter[10] ; clk                  ; clk         ; 0.000        ; 0.080      ; 1.839      ;
; 1.561 ; uart_rx:uart0|baud_counter[5]  ; uart_rx:uart0|baud_counter[5]  ; clk                  ; clk         ; 0.000        ; 0.080      ; 1.853      ;
; 1.567 ; uart_rx:uart0|state[3]         ; uart_rx:uart0|state[2]         ; clk                  ; clk         ; 0.000        ; 0.581      ; 2.360      ;
; 1.570 ; uart_rx:uart0|baud_counter[14] ; uart_rx:uart0|baud_counter[14] ; clk                  ; clk         ; 0.000        ; 0.080      ; 1.862      ;
; 1.573 ; uart_rx:uart0|baud_counter[12] ; uart_rx:uart0|baud_counter[12] ; clk                  ; clk         ; 0.000        ; 0.080      ; 1.865      ;
; 1.574 ; uart_rx:uart0|ck_uart          ; uart_rx:uart0|baud_counter[1]  ; clk                  ; clk         ; 0.000        ; 0.084      ; 1.870      ;
; 1.576 ; uart_rx:uart0|ck_uart          ; uart_rx:uart0|baud_counter[12] ; clk                  ; clk         ; 0.000        ; 0.084      ; 1.872      ;
; 1.577 ; uart_rx:uart0|ck_uart          ; uart_rx:uart0|baud_counter[10] ; clk                  ; clk         ; 0.000        ; 0.084      ; 1.873      ;
; 1.578 ; uart_rx:uart0|ck_uart          ; uart_rx:uart0|baud_counter[0]  ; clk                  ; clk         ; 0.000        ; 0.084      ; 1.874      ;
; 1.579 ; uart_rx:uart0|state[0]         ; uart_rx:uart0|baud_counter[6]  ; clk                  ; clk         ; 0.000        ; 0.080      ; 1.871      ;
; 1.588 ; uart_rx:uart0|o_data[7]        ; btn_up2                        ; clk                  ; clk         ; 0.000        ; 0.080      ; 1.880      ;
; 1.591 ; uart_rx:uart0|o_data[7]        ; btn_down2                      ; clk                  ; clk         ; 0.000        ; 0.080      ; 1.883      ;
; 1.593 ; btn_up1                        ; btn_up1                        ; clk                  ; clk         ; 0.000        ; 0.080      ; 1.885      ;
; 1.599 ; uart_rx:uart0|o_data[5]        ; btn_up1                        ; clk                  ; clk         ; 0.000        ; 0.081      ; 1.892      ;
; 1.599 ; uart_rx:uart0|state[3]         ; uart_rx:uart0|o_wr             ; clk                  ; clk         ; 0.000        ; 0.080      ; 1.891      ;
; 1.604 ; uart_rx:uart0|ck_uart          ; uart_rx:uart0|baud_counter[9]  ; clk                  ; clk         ; 0.000        ; 0.080      ; 1.896      ;
; 1.605 ; uart_rx:uart0|ck_uart          ; uart_rx:uart0|state[0]         ; clk                  ; clk         ; 0.000        ; 0.080      ; 1.897      ;
; 1.608 ; uart_rx:uart0|ck_uart          ; uart_rx:uart0|baud_counter[7]  ; clk                  ; clk         ; 0.000        ; 0.080      ; 1.900      ;
; 1.633 ; uart_rx:uart0|state[3]         ; uart_rx:uart0|baud_counter[11] ; clk                  ; clk         ; 0.000        ; 0.084      ; 1.929      ;
; 1.635 ; uart_rx:uart0|state[0]         ; uart_rx:uart0|o_wr             ; clk                  ; clk         ; 0.000        ; 0.080      ; 1.927      ;
; 1.646 ; uart_rx:uart0|o_data[2]        ; btn_up1                        ; clk                  ; clk         ; 0.000        ; 0.081      ; 1.939      ;
; 1.650 ; uart_rx:uart0|state[3]         ; uart_rx:uart0|baud_counter[9]  ; clk                  ; clk         ; 0.000        ; 0.080      ; 1.942      ;
; 1.650 ; uart_rx:uart0|state[3]         ; uart_rx:uart0|baud_counter[8]  ; clk                  ; clk         ; 0.000        ; 0.080      ; 1.942      ;
; 1.651 ; uart_rx:uart0|state[3]         ; uart_rx:uart0|state[0]         ; clk                  ; clk         ; 0.000        ; 0.080      ; 1.943      ;
; 1.653 ; uart_rx:uart0|state[3]         ; uart_rx:uart0|baud_counter[7]  ; clk                  ; clk         ; 0.000        ; 0.080      ; 1.945      ;
; 1.659 ; uart_rx:uart0|state[3]         ; uart_rx:uart0|baud_counter[4]  ; clk                  ; clk         ; 0.000        ; 0.084      ; 1.955      ;
; 1.676 ; uart_rx:uart0|baud_counter[3]  ; uart_rx:uart0|baud_counter[3]  ; clk                  ; clk         ; 0.000        ; 0.080      ; 1.968      ;
; 1.681 ; uart_rx:uart0|o_data[5]        ; btn_down1                      ; clk                  ; clk         ; 0.000        ; 0.080      ; 1.973      ;
; 1.692 ; uart_rx:uart0|state[3]         ; uart_rx:uart0|baud_counter[15] ; clk                  ; clk         ; 0.000        ; 0.084      ; 1.988      ;
; 1.693 ; uart_rx:uart0|state[3]         ; uart_rx:uart0|baud_counter[14] ; clk                  ; clk         ; 0.000        ; 0.084      ; 1.989      ;
; 1.693 ; uart_rx:uart0|state[3]         ; uart_rx:uart0|baud_counter[5]  ; clk                  ; clk         ; 0.000        ; 0.084      ; 1.989      ;
; 1.701 ; uart_rx:uart0|o_wr             ; btn_up2                        ; clk                  ; clk         ; 0.000        ; 0.078      ; 1.991      ;
; 1.701 ; uart_rx:uart0|o_wr             ; btn_down2                      ; clk                  ; clk         ; 0.000        ; 0.078      ; 1.991      ;
; 1.701 ; uart_rx:uart0|o_wr             ; btn_down1                      ; clk                  ; clk         ; 0.000        ; 0.078      ; 1.991      ;
; 1.711 ; uart_rx:uart0|baud_counter[7]  ; uart_rx:uart0|baud_counter[7]  ; clk                  ; clk         ; 0.000        ; 0.080      ; 2.003      ;
; 1.712 ; uart_rx:uart0|baud_counter[2]  ; uart_rx:uart0|baud_counter[2]  ; clk                  ; clk         ; 0.000        ; 0.080      ; 2.004      ;
; 1.717 ; uart_rx:uart0|state[1]         ; uart_rx:uart0|baud_counter[1]  ; clk                  ; clk         ; 0.000        ; 0.084      ; 2.013      ;
; 1.720 ; uart_rx:uart0|state[1]         ; uart_rx:uart0|baud_counter[12] ; clk                  ; clk         ; 0.000        ; 0.084      ; 2.016      ;
; 1.721 ; uart_rx:uart0|state[1]         ; uart_rx:uart0|baud_counter[10] ; clk                  ; clk         ; 0.000        ; 0.084      ; 2.017      ;
; 1.722 ; uart_rx:uart0|state[1]         ; uart_rx:uart0|baud_counter[0]  ; clk                  ; clk         ; 0.000        ; 0.084      ; 2.018      ;
; 1.732 ; uart_rx:uart0|state[1]         ; uart_rx:uart0|baud_counter[4]  ; clk                  ; clk         ; 0.000        ; 0.084      ; 2.028      ;
; 1.753 ; uart_rx:uart0|baud_counter[13] ; uart_rx:uart0|baud_counter[13] ; clk                  ; clk         ; 0.000        ; 0.080      ; 2.045      ;
; 1.761 ; uart_rx:uart0|o_data[7]        ; btn_up1                        ; clk                  ; clk         ; 0.000        ; 0.081      ; 2.054      ;
; 1.766 ; uart_rx:uart0|state[1]         ; uart_rx:uart0|baud_counter[2]  ; clk                  ; clk         ; 0.000        ; 0.084      ; 2.062      ;
; 1.768 ; uart_rx:uart0|baud_counter[6]  ; uart_rx:uart0|baud_counter[6]  ; clk                  ; clk         ; 0.000        ; 0.080      ; 2.060      ;
; 1.772 ; uart_rx:uart0|baud_counter[0]  ; uart_rx:uart0|baud_counter[0]  ; clk                  ; clk         ; 0.000        ; 0.080      ; 2.064      ;
+-------+--------------------------------+--------------------------------+----------------------+-------------+--------------+------------+------------+


+----------------------------------------------------------------------------------------------------------------------------------------------------------------------+
; Slow 1200mV 85C Model Hold: 'pll25mhz:mi_pll|r_c0'                                                                                                                   ;
+-------+-----------------------------------+-----------------------------------+----------------------+----------------------+--------------+------------+------------+
; Slack ; From Node                         ; To Node                           ; Launch Clock         ; Latch Clock          ; Relationship ; Clock Skew ; Data Delay ;
+-------+-----------------------------------+-----------------------------------+----------------------+----------------------+--------------+------------+------------+
; 0.453 ; pulsecounter:cuenta_j1|count_o[1] ; pulsecounter:cuenta_j1|count_o[1] ; pll25mhz:mi_pll|r_c0 ; pll25mhz:mi_pll|r_c0 ; 0.000        ; 0.081      ; 0.746      ;
; 0.453 ; pulsecounter:cuenta_j1|count_o[2] ; pulsecounter:cuenta_j1|count_o[2] ; pll25mhz:mi_pll|r_c0 ; pll25mhz:mi_pll|r_c0 ; 0.000        ; 0.081      ; 0.746      ;
; 0.453 ; pulsecounter:cuenta_j1|count_o[3] ; pulsecounter:cuenta_j1|count_o[3] ; pll25mhz:mi_pll|r_c0 ; pll25mhz:mi_pll|r_c0 ; 0.000        ; 0.081      ; 0.746      ;
; 0.453 ; pulsecounter:cuenta_j2|count_o[3] ; pulsecounter:cuenta_j2|count_o[3] ; pll25mhz:mi_pll|r_c0 ; pll25mhz:mi_pll|r_c0 ; 0.000        ; 0.081      ; 0.746      ;
; 0.453 ; pulsecounter:cuenta_j2|count_o[2] ; pulsecounter:cuenta_j2|count_o[2] ; pll25mhz:mi_pll|r_c0 ; pll25mhz:mi_pll|r_c0 ; 0.000        ; 0.081      ; 0.746      ;
; 0.453 ; pulsecounter:cuenta_j2|count_o[1] ; pulsecounter:cuenta_j2|count_o[1] ; pll25mhz:mi_pll|r_c0 ; pll25mhz:mi_pll|r_c0 ; 0.000        ; 0.081      ; 0.746      ;
; 0.465 ; pulsecounter:cuenta_j1|count_o[0] ; pulsecounter:cuenta_j1|count_o[0] ; pll25mhz:mi_pll|r_c0 ; pll25mhz:mi_pll|r_c0 ; 0.000        ; 0.081      ; 0.758      ;
; 0.465 ; pulsecounter:cuenta_j2|count_o[0] ; pulsecounter:cuenta_j2|count_o[0] ; pll25mhz:mi_pll|r_c0 ; pll25mhz:mi_pll|r_c0 ; 0.000        ; 0.081      ; 0.758      ;
; 0.509 ; ballhitbox:pelota|pausa_count[24] ; ballhitbox:pelota|pausa_count[24] ; pll25mhz:mi_pll|r_c0 ; pll25mhz:mi_pll|r_c0 ; 0.000        ; 0.081      ; 0.802      ;
; 0.509 ; ballhitbox:pelota|speed_cnt[21]   ; ballhitbox:pelota|speed_cnt[21]   ; pll25mhz:mi_pll|r_c0 ; pll25mhz:mi_pll|r_c0 ; 0.000        ; 0.081      ; 0.802      ;
; 0.517 ; pulsecounter:cuenta_j1|count_o[3] ; pulsecounter:cuenta_j1|count_o[1] ; pll25mhz:mi_pll|r_c0 ; pll25mhz:mi_pll|r_c0 ; 0.000        ; 0.081      ; 0.810      ;
; 0.518 ; pulsecounter:cuenta_j2|count_o[2] ; pulsecounter:cuenta_j2|count_o[3] ; pll25mhz:mi_pll|r_c0 ; pll25mhz:mi_pll|r_c0 ; 0.000        ; 0.081      ; 0.811      ;
; 0.524 ; pulsecounter:cuenta_j2|count_o[0] ; pulsecounter:cuenta_j2|count_o[1] ; pll25mhz:mi_pll|r_c0 ; pll25mhz:mi_pll|r_c0 ; 0.000        ; 0.081      ; 0.817      ;
; 0.525 ; pulsecounter:cuenta_j1|count_o[1] ; pulsecounter:cuenta_j1|count_o[2] ; pll25mhz:mi_pll|r_c0 ; pll25mhz:mi_pll|r_c0 ; 0.000        ; 0.081      ; 0.818      ;
; 0.525 ; pulsecounter:cuenta_j1|count_o[1] ; pulsecounter:cuenta_j1|count_o[3] ; pll25mhz:mi_pll|r_c0 ; pll25mhz:mi_pll|r_c0 ; 0.000        ; 0.081      ; 0.818      ;
; 0.526 ; pad:raqueta_izq|pady_o[9]         ; pad:raqueta_izq|pady_o[9]         ; pll25mhz:mi_pll|r_c0 ; pll25mhz:mi_pll|r_c0 ; 0.000        ; 0.081      ; 0.819      ;
; 0.574 ; vga:vga_principal|pixelx_o[8]     ; flipflop:flip_hsync|dato_o        ; pll25mhz:mi_pll|r_c0 ; pll25mhz:mi_pll|r_c0 ; 0.000        ; 0.080      ; 0.866      ;
; 0.741 ; ballhitbox:pelota|pausa_count[11] ; ballhitbox:pelota|pausa_count[11] ; pll25mhz:mi_pll|r_c0 ; pll25mhz:mi_pll|r_c0 ; 0.000        ; 0.082      ; 1.035      ;
; 0.742 ; ballhitbox:pelota|pausa_count[7]  ; ballhitbox:pelota|pausa_count[7]  ; pll25mhz:mi_pll|r_c0 ; pll25mhz:mi_pll|r_c0 ; 0.000        ; 0.082      ; 1.036      ;
; 0.742 ; ballhitbox:pelota|pausa_count[9]  ; ballhitbox:pelota|pausa_count[9]  ; pll25mhz:mi_pll|r_c0 ; pll25mhz:mi_pll|r_c0 ; 0.000        ; 0.082      ; 1.036      ;
; 0.742 ; pad:raqueta_der|contador[7]       ; pad:raqueta_der|contador[7]       ; pll25mhz:mi_pll|r_c0 ; pll25mhz:mi_pll|r_c0 ; 0.000        ; 0.081      ; 1.035      ;
; 0.743 ; ballhitbox:pelota|pausa_count[1]  ; ballhitbox:pelota|pausa_count[1]  ; pll25mhz:mi_pll|r_c0 ; pll25mhz:mi_pll|r_c0 ; 0.000        ; 0.082      ; 1.037      ;
; 0.743 ; ballhitbox:pelota|pausa_count[13] ; ballhitbox:pelota|pausa_count[13] ; pll25mhz:mi_pll|r_c0 ; pll25mhz:mi_pll|r_c0 ; 0.000        ; 0.081      ; 1.036      ;
; 0.743 ; ballhitbox:pelota|pausa_count[15] ; ballhitbox:pelota|pausa_count[15] ; pll25mhz:mi_pll|r_c0 ; pll25mhz:mi_pll|r_c0 ; 0.000        ; 0.081      ; 1.036      ;
; 0.743 ; ballhitbox:pelota|speed_cnt[9]    ; ballhitbox:pelota|speed_cnt[9]    ; pll25mhz:mi_pll|r_c0 ; pll25mhz:mi_pll|r_c0 ; 0.000        ; 0.081      ; 1.036      ;
; 0.743 ; pad:raqueta_der|contador[13]      ; pad:raqueta_der|contador[13]      ; pll25mhz:mi_pll|r_c0 ; pll25mhz:mi_pll|r_c0 ; 0.000        ; 0.081      ; 1.036      ;
; 0.743 ; pad:raqueta_der|contador[11]      ; pad:raqueta_der|contador[11]      ; pll25mhz:mi_pll|r_c0 ; pll25mhz:mi_pll|r_c0 ; 0.000        ; 0.081      ; 1.036      ;
; 0.743 ; pad:raqueta_der|contador[5]       ; pad:raqueta_der|contador[5]       ; pll25mhz:mi_pll|r_c0 ; pll25mhz:mi_pll|r_c0 ; 0.000        ; 0.081      ; 1.036      ;
; 0.744 ; ballhitbox:pelota|speed_cnt[7]    ; ballhitbox:pelota|speed_cnt[7]    ; pll25mhz:mi_pll|r_c0 ; pll25mhz:mi_pll|r_c0 ; 0.000        ; 0.081      ; 1.037      ;
; 0.744 ; pad:raqueta_der|contador[15]      ; pad:raqueta_der|contador[15]      ; pll25mhz:mi_pll|r_c0 ; pll25mhz:mi_pll|r_c0 ; 0.000        ; 0.081      ; 1.037      ;
; 0.745 ; ballhitbox:pelota|pausa_count[17] ; ballhitbox:pelota|pausa_count[17] ; pll25mhz:mi_pll|r_c0 ; pll25mhz:mi_pll|r_c0 ; 0.000        ; 0.081      ; 1.038      ;
; 0.745 ; ballhitbox:pelota|pausa_count[2]  ; ballhitbox:pelota|pausa_count[2]  ; pll25mhz:mi_pll|r_c0 ; pll25mhz:mi_pll|r_c0 ; 0.000        ; 0.082      ; 1.039      ;
; 0.745 ; ballhitbox:pelota|pausa_count[3]  ; ballhitbox:pelota|pausa_count[3]  ; pll25mhz:mi_pll|r_c0 ; pll25mhz:mi_pll|r_c0 ; 0.000        ; 0.082      ; 1.039      ;
; 0.745 ; ballhitbox:pelota|pausa_count[5]  ; ballhitbox:pelota|pausa_count[5]  ; pll25mhz:mi_pll|r_c0 ; pll25mhz:mi_pll|r_c0 ; 0.000        ; 0.082      ; 1.039      ;
; 0.745 ; ballhitbox:pelota|pausa_count[8]  ; ballhitbox:pelota|pausa_count[8]  ; pll25mhz:mi_pll|r_c0 ; pll25mhz:mi_pll|r_c0 ; 0.000        ; 0.082      ; 1.039      ;
; 0.745 ; ballhitbox:pelota|pausa_count[10] ; ballhitbox:pelota|pausa_count[10] ; pll25mhz:mi_pll|r_c0 ; pll25mhz:mi_pll|r_c0 ; 0.000        ; 0.082      ; 1.039      ;
; 0.745 ; ballhitbox:pelota|speed_cnt[6]    ; ballhitbox:pelota|speed_cnt[6]    ; pll25mhz:mi_pll|r_c0 ; pll25mhz:mi_pll|r_c0 ; 0.000        ; 0.081      ; 1.038      ;
; 0.745 ; pad:raqueta_der|contador[10]      ; pad:raqueta_der|contador[10]      ; pll25mhz:mi_pll|r_c0 ; pll25mhz:mi_pll|r_c0 ; 0.000        ; 0.081      ; 1.038      ;
; 0.745 ; pad:raqueta_der|contador[8]       ; pad:raqueta_der|contador[8]       ; pll25mhz:mi_pll|r_c0 ; pll25mhz:mi_pll|r_c0 ; 0.000        ; 0.081      ; 1.038      ;
; 0.746 ; ballhitbox:pelota|pausa_count[6]  ; ballhitbox:pelota|pausa_count[6]  ; pll25mhz:mi_pll|r_c0 ; pll25mhz:mi_pll|r_c0 ; 0.000        ; 0.082      ; 1.040      ;
; 0.746 ; ballhitbox:pelota|pausa_count[12] ; ballhitbox:pelota|pausa_count[12] ; pll25mhz:mi_pll|r_c0 ; pll25mhz:mi_pll|r_c0 ; 0.000        ; 0.081      ; 1.039      ;
; 0.746 ; ballhitbox:pelota|pausa_count[14] ; ballhitbox:pelota|pausa_count[14] ; pll25mhz:mi_pll|r_c0 ; pll25mhz:mi_pll|r_c0 ; 0.000        ; 0.081      ; 1.039      ;
; 0.746 ; ballhitbox:pelota|speed_cnt[3]    ; ballhitbox:pelota|speed_cnt[3]    ; pll25mhz:mi_pll|r_c0 ; pll25mhz:mi_pll|r_c0 ; 0.000        ; 0.081      ; 1.039      ;
; 0.746 ; pad:raqueta_der|contador[12]      ; pad:raqueta_der|contador[12]      ; pll25mhz:mi_pll|r_c0 ; pll25mhz:mi_pll|r_c0 ; 0.000        ; 0.081      ; 1.039      ;
; 0.746 ; pad:raqueta_der|contador[1]       ; pad:raqueta_der|contador[1]       ; pll25mhz:mi_pll|r_c0 ; pll25mhz:mi_pll|r_c0 ; 0.000        ; 0.081      ; 1.039      ;
; 0.747 ; ballhitbox:pelota|pausa_count[16] ; ballhitbox:pelota|pausa_count[16] ; pll25mhz:mi_pll|r_c0 ; pll25mhz:mi_pll|r_c0 ; 0.000        ; 0.081      ; 1.040      ;
; 0.747 ; ballhitbox:pelota|pausa_count[19] ; ballhitbox:pelota|pausa_count[19] ; pll25mhz:mi_pll|r_c0 ; pll25mhz:mi_pll|r_c0 ; 0.000        ; 0.081      ; 1.040      ;
; 0.747 ; ballhitbox:pelota|pausa_count[18] ; ballhitbox:pelota|pausa_count[18] ; pll25mhz:mi_pll|r_c0 ; pll25mhz:mi_pll|r_c0 ; 0.000        ; 0.081      ; 1.040      ;
; 0.747 ; ballhitbox:pelota|pausa_count[21] ; ballhitbox:pelota|pausa_count[21] ; pll25mhz:mi_pll|r_c0 ; pll25mhz:mi_pll|r_c0 ; 0.000        ; 0.081      ; 1.040      ;
; 0.747 ; ballhitbox:pelota|speed_cnt[19]   ; ballhitbox:pelota|speed_cnt[19]   ; pll25mhz:mi_pll|r_c0 ; pll25mhz:mi_pll|r_c0 ; 0.000        ; 0.081      ; 1.040      ;
; 0.747 ; ballhitbox:pelota|speed_cnt[4]    ; ballhitbox:pelota|speed_cnt[4]    ; pll25mhz:mi_pll|r_c0 ; pll25mhz:mi_pll|r_c0 ; 0.000        ; 0.081      ; 1.040      ;
; 0.747 ; pad:raqueta_der|contador[4]       ; pad:raqueta_der|contador[4]       ; pll25mhz:mi_pll|r_c0 ; pll25mhz:mi_pll|r_c0 ; 0.000        ; 0.081      ; 1.040      ;
; 0.747 ; pad:raqueta_der|contador[2]       ; pad:raqueta_der|contador[2]       ; pll25mhz:mi_pll|r_c0 ; pll25mhz:mi_pll|r_c0 ; 0.000        ; 0.081      ; 1.040      ;
; 0.749 ; ballhitbox:pelota|pausa_count[20] ; ballhitbox:pelota|pausa_count[20] ; pll25mhz:mi_pll|r_c0 ; pll25mhz:mi_pll|r_c0 ; 0.000        ; 0.081      ; 1.042      ;
; 0.749 ; ballhitbox:pelota|speed_cnt[20]   ; ballhitbox:pelota|speed_cnt[20]   ; pll25mhz:mi_pll|r_c0 ; pll25mhz:mi_pll|r_c0 ; 0.000        ; 0.081      ; 1.042      ;
; 0.761 ; ballhitbox:pelota|speed_cnt[1]    ; ballhitbox:pelota|speed_cnt[1]    ; pll25mhz:mi_pll|r_c0 ; pll25mhz:mi_pll|r_c0 ; 0.000        ; 0.081      ; 1.054      ;
; 0.761 ; ballhitbox:pelota|speed_cnt[11]   ; ballhitbox:pelota|speed_cnt[11]   ; pll25mhz:mi_pll|r_c0 ; pll25mhz:mi_pll|r_c0 ; 0.000        ; 0.081      ; 1.054      ;
; 0.762 ; ballhitbox:pelota|speed_cnt[10]   ; ballhitbox:pelota|speed_cnt[10]   ; pll25mhz:mi_pll|r_c0 ; pll25mhz:mi_pll|r_c0 ; 0.000        ; 0.081      ; 1.055      ;
; 0.762 ; pad:raqueta_der|contador[3]       ; pad:raqueta_der|contador[3]       ; pll25mhz:mi_pll|r_c0 ; pll25mhz:mi_pll|r_c0 ; 0.000        ; 0.081      ; 1.055      ;
; 0.763 ; ballhitbox:pelota|pausa_count[23] ; ballhitbox:pelota|pausa_count[23] ; pll25mhz:mi_pll|r_c0 ; pll25mhz:mi_pll|r_c0 ; 0.000        ; 0.081      ; 1.056      ;
; 0.763 ; ballhitbox:pelota|speed_cnt[14]   ; ballhitbox:pelota|speed_cnt[14]   ; pll25mhz:mi_pll|r_c0 ; pll25mhz:mi_pll|r_c0 ; 0.000        ; 0.081      ; 1.056      ;
; 0.764 ; ballhitbox:pelota|pausa_count[4]  ; ballhitbox:pelota|pausa_count[4]  ; pll25mhz:mi_pll|r_c0 ; pll25mhz:mi_pll|r_c0 ; 0.000        ; 0.082      ; 1.058      ;
; 0.764 ; ballhitbox:pelota|speed_cnt[12]   ; ballhitbox:pelota|speed_cnt[12]   ; pll25mhz:mi_pll|r_c0 ; pll25mhz:mi_pll|r_c0 ; 0.000        ; 0.081      ; 1.057      ;
; 0.765 ; ballhitbox:pelota|speed_cnt[2]    ; ballhitbox:pelota|speed_cnt[2]    ; pll25mhz:mi_pll|r_c0 ; pll25mhz:mi_pll|r_c0 ; 0.000        ; 0.081      ; 1.058      ;
; 0.766 ; ballhitbox:pelota|pausa_count[22] ; ballhitbox:pelota|pausa_count[22] ; pll25mhz:mi_pll|r_c0 ; pll25mhz:mi_pll|r_c0 ; 0.000        ; 0.081      ; 1.059      ;
; 0.768 ; ballhitbox:pelota|ballx_o[7]      ; ballhitbox:pelota|ballx_o[7]      ; pll25mhz:mi_pll|r_c0 ; pll25mhz:mi_pll|r_c0 ; 0.000        ; 0.082      ; 1.062      ;
; 0.769 ; ballhitbox:pelota|ballx_o[9]      ; ballhitbox:pelota|ballx_o[9]      ; pll25mhz:mi_pll|r_c0 ; pll25mhz:mi_pll|r_c0 ; 0.000        ; 0.082      ; 1.063      ;
; 0.769 ; ballhitbox:pelota|pausa_count[0]  ; ballhitbox:pelota|pausa_count[0]  ; pll25mhz:mi_pll|r_c0 ; pll25mhz:mi_pll|r_c0 ; 0.000        ; 0.082      ; 1.063      ;
; 0.772 ; ballhitbox:pelota|ballx_o[6]      ; ballhitbox:pelota|ballx_o[6]      ; pll25mhz:mi_pll|r_c0 ; pll25mhz:mi_pll|r_c0 ; 0.000        ; 0.082      ; 1.066      ;
; 0.772 ; ballhitbox:pelota|ballx_o[8]      ; ballhitbox:pelota|ballx_o[8]      ; pll25mhz:mi_pll|r_c0 ; pll25mhz:mi_pll|r_c0 ; 0.000        ; 0.082      ; 1.066      ;
; 0.772 ; pad:raqueta_izq|pady_o[6]         ; pad:raqueta_izq|pady_o[6]         ; pll25mhz:mi_pll|r_c0 ; pll25mhz:mi_pll|r_c0 ; 0.000        ; 0.081      ; 1.065      ;
; 0.773 ; pulsecounter:cuenta_j2|count_o[1] ; pulsecounter:cuenta_j2|count_o[3] ; pll25mhz:mi_pll|r_c0 ; pll25mhz:mi_pll|r_c0 ; 0.000        ; 0.081      ; 1.066      ;
; 0.774 ; pulsecounter:cuenta_j1|count_o[0] ; pulsecounter:cuenta_j1|count_o[3] ; pll25mhz:mi_pll|r_c0 ; pll25mhz:mi_pll|r_c0 ; 0.000        ; 0.081      ; 1.067      ;
; 0.774 ; pulsecounter:cuenta_j2|count_o[1] ; pulsecounter:cuenta_j2|count_o[2] ; pll25mhz:mi_pll|r_c0 ; pll25mhz:mi_pll|r_c0 ; 0.000        ; 0.081      ; 1.067      ;
; 0.774 ; pulsecounter:cuenta_j2|count_o[2] ; pulsecounter:cuenta_j2|count_o[1] ; pll25mhz:mi_pll|r_c0 ; pll25mhz:mi_pll|r_c0 ; 0.000        ; 0.081      ; 1.067      ;
; 0.775 ; pad:raqueta_der|pady_o[8]         ; pad:raqueta_der|pady_o[8]         ; pll25mhz:mi_pll|r_c0 ; pll25mhz:mi_pll|r_c0 ; 0.000        ; 0.080      ; 1.067      ;
; 0.775 ; pulsecounter:cuenta_j1|count_o[0] ; pulsecounter:cuenta_j1|count_o[1] ; pll25mhz:mi_pll|r_c0 ; pll25mhz:mi_pll|r_c0 ; 0.000        ; 0.081      ; 1.068      ;
; 0.779 ; ballhitbox:pelota|ballx_o[2]      ; ballhitbox:pelota|ballx_o[2]      ; pll25mhz:mi_pll|r_c0 ; pll25mhz:mi_pll|r_c0 ; 0.000        ; 0.082      ; 1.073      ;
; 0.780 ; pulsecounter:cuenta_j1|count_o[2] ; pulsecounter:cuenta_j1|count_o[3] ; pll25mhz:mi_pll|r_c0 ; pll25mhz:mi_pll|r_c0 ; 0.000        ; 0.081      ; 1.073      ;
; 0.781 ; pad:raqueta_der|pady_o[9]         ; pad:raqueta_der|pady_o[9]         ; pll25mhz:mi_pll|r_c0 ; pll25mhz:mi_pll|r_c0 ; 0.000        ; 0.080      ; 1.073      ;
; 0.781 ; pulsecounter:cuenta_j1|count_o[2] ; pulsecounter:cuenta_j1|count_o[1] ; pll25mhz:mi_pll|r_c0 ; pll25mhz:mi_pll|r_c0 ; 0.000        ; 0.081      ; 1.074      ;
; 0.782 ; pad:raqueta_der|pady_o[7]         ; pad:raqueta_der|pady_o[7]         ; pll25mhz:mi_pll|r_c0 ; pll25mhz:mi_pll|r_c0 ; 0.000        ; 0.080      ; 1.074      ;
; 0.782 ; pulsecounter:cuenta_j2|count_o[0] ; pulsecounter:cuenta_j2|count_o[3] ; pll25mhz:mi_pll|r_c0 ; pll25mhz:mi_pll|r_c0 ; 0.000        ; 0.081      ; 1.075      ;
; 0.783 ; pulsecounter:cuenta_j2|count_o[0] ; pulsecounter:cuenta_j2|count_o[2] ; pll25mhz:mi_pll|r_c0 ; pll25mhz:mi_pll|r_c0 ; 0.000        ; 0.081      ; 1.076      ;
; 0.787 ; pad:raqueta_izq|pady_o[1]         ; pad:raqueta_izq|pady_o[1]         ; pll25mhz:mi_pll|r_c0 ; pll25mhz:mi_pll|r_c0 ; 0.000        ; 0.081      ; 1.080      ;
; 0.790 ; pad:raqueta_der|pady_o[2]         ; pad:raqueta_der|pady_o[2]         ; pll25mhz:mi_pll|r_c0 ; pll25mhz:mi_pll|r_c0 ; 0.000        ; 0.080      ; 1.082      ;
; 0.792 ; vga:vga_principal|pixelx_o[7]     ; vga:vga_principal|pixelx_o[7]     ; pll25mhz:mi_pll|r_c0 ; pll25mhz:mi_pll|r_c0 ; 0.000        ; 0.082      ; 1.086      ;
; 0.794 ; vga:vga_principal|pixely_o[8]     ; vga:vga_principal|pixely_o[8]     ; pll25mhz:mi_pll|r_c0 ; pll25mhz:mi_pll|r_c0 ; 0.000        ; 0.081      ; 1.087      ;
; 0.794 ; vga:vga_principal|pixely_o[7]     ; vga:vga_principal|pixely_o[7]     ; pll25mhz:mi_pll|r_c0 ; pll25mhz:mi_pll|r_c0 ; 0.000        ; 0.081      ; 1.087      ;
; 0.794 ; ballhitbox:pelota|ballx_o[5]      ; ballhitbox:pelota|ballx_o[5]      ; pll25mhz:mi_pll|r_c0 ; pll25mhz:mi_pll|r_c0 ; 0.000        ; 0.082      ; 1.088      ;
; 0.794 ; pad:raqueta_izq|pady_o[5]         ; pad:raqueta_izq|pady_o[5]         ; pll25mhz:mi_pll|r_c0 ; pll25mhz:mi_pll|r_c0 ; 0.000        ; 0.081      ; 1.087      ;
; 0.795 ; vga:vga_principal|pixely_o[5]     ; vga:vga_principal|pixely_o[5]     ; pll25mhz:mi_pll|r_c0 ; pll25mhz:mi_pll|r_c0 ; 0.000        ; 0.081      ; 1.088      ;
; 0.795 ; pad:raqueta_izq|pady_o[4]         ; pad:raqueta_izq|pady_o[4]         ; pll25mhz:mi_pll|r_c0 ; pll25mhz:mi_pll|r_c0 ; 0.000        ; 0.081      ; 1.088      ;
; 0.795 ; pulsecounter:cuenta_j2|count_o[3] ; pulsecounter:cuenta_j2|count_o[1] ; pll25mhz:mi_pll|r_c0 ; pll25mhz:mi_pll|r_c0 ; 0.000        ; 0.081      ; 1.088      ;
; 0.796 ; vga:vga_principal|pixelx_o[6]     ; vga:vga_principal|pixelx_o[6]     ; pll25mhz:mi_pll|r_c0 ; pll25mhz:mi_pll|r_c0 ; 0.000        ; 0.082      ; 1.090      ;
; 0.800 ; vga:vga_principal|pixelx_o[1]     ; vga:vga_principal|pixelx_o[1]     ; pll25mhz:mi_pll|r_c0 ; pll25mhz:mi_pll|r_c0 ; 0.000        ; 0.082      ; 1.094      ;
; 0.801 ; vga:vga_principal|pixely_o[1]     ; vga:vga_principal|pixely_o[1]     ; pll25mhz:mi_pll|r_c0 ; pll25mhz:mi_pll|r_c0 ; 0.000        ; 0.081      ; 1.094      ;
; 0.802 ; vga:vga_principal|pixely_o[6]     ; vga:vga_principal|pixely_o[6]     ; pll25mhz:mi_pll|r_c0 ; pll25mhz:mi_pll|r_c0 ; 0.000        ; 0.081      ; 1.095      ;
; 0.802 ; vga:vga_principal|pixelx_o[0]     ; vga:vga_principal|pixelx_o[0]     ; pll25mhz:mi_pll|r_c0 ; pll25mhz:mi_pll|r_c0 ; 0.000        ; 0.082      ; 1.096      ;
; 0.802 ; ballhitbox:pelota|vx[2]           ; ballhitbox:pelota|ballx_o[3]      ; pll25mhz:mi_pll|r_c0 ; pll25mhz:mi_pll|r_c0 ; 0.000        ; 0.082      ; 1.096      ;
+-------+-----------------------------------+-----------------------------------+----------------------+----------------------+--------------+------------+------------+


-----------------------------------------------
; Slow 1200mV 85C Model Metastability Summary ;
-----------------------------------------------
Design MTBF is not calculated because the design doesn't meet its timing requirements.



+---------------------------------------------------------------------------------------------------------------------+
; Slow 1200mV 0C Model Fmax Summary                                                                                   ;
+------------+-----------------+----------------------+---------------------------------------------------------------+
; Fmax       ; Restricted Fmax ; Clock Name           ; Note                                                          ;
+------------+-----------------+----------------------+---------------------------------------------------------------+
; 130.16 MHz ; 130.16 MHz      ; pll25mhz:mi_pll|r_c0 ;                                                               ;
; 253.04 MHz ; 250.0 MHz       ; clk                  ; limit due to minimum period restriction (max I/O toggle rate) ;
+------------+-----------------+----------------------+---------------------------------------------------------------+
This panel reports FMAX for every clock in the design, regardless of the user-specified clock periods.  FMAX is only computed for paths where the source and destination registers or ports are driven by the same clock.  Paths of different clocks, including generated clocks, are ignored.  For paths between a clock and its inversion, FMAX is computed as if the rising and falling edges are scaled along with FMAX, such that the duty cycle (in terms of a percentage) is maintained. Altera recommends that you always use clock constraints and other slack reports for sign-off analysis.


+-----------------------------------------------+
; Slow 1200mV 0C Model Setup Summary            ;
+----------------------+--------+---------------+
; Clock                ; Slack  ; End Point TNS ;
+----------------------+--------+---------------+
; pll25mhz:mi_pll|r_c0 ; -6.683 ; -448.281      ;
; clk                  ; -2.952 ; -77.048       ;
+----------------------+--------+---------------+


+----------------------------------------------+
; Slow 1200mV 0C Model Hold Summary            ;
+----------------------+-------+---------------+
; Clock                ; Slack ; End Point TNS ;
+----------------------+-------+---------------+
; clk                  ; 0.383 ; 0.000         ;
; pll25mhz:mi_pll|r_c0 ; 0.401 ; 0.000         ;
+----------------------+-------+---------------+


-----------------------------------------
; Slow 1200mV 0C Model Recovery Summary ;
-----------------------------------------
No paths to report.


----------------------------------------
; Slow 1200mV 0C Model Removal Summary ;
----------------------------------------
No paths to report.


+--------------------------------------------------+
; Slow 1200mV 0C Model Minimum Pulse Width Summary ;
+----------------------+--------+------------------+
; Clock                ; Slack  ; End Point TNS    ;
+----------------------+--------+------------------+
; clk                  ; -3.000 ; -56.532          ;
; pll25mhz:mi_pll|r_c0 ; -1.487 ; -212.641         ;
+----------------------+--------+------------------+


+--------------------------------------------------------------------------------------------------------------------------------------------------------+
; Slow 1200mV 0C Model Setup: 'pll25mhz:mi_pll|r_c0'                                                                                                     ;
+--------+-------------------------------+------------------------+----------------------+----------------------+--------------+------------+------------+
; Slack  ; From Node                     ; To Node                ; Launch Clock         ; Latch Clock          ; Relationship ; Clock Skew ; Data Delay ;
+--------+-------------------------------+------------------------+----------------------+----------------------+--------------+------------+------------+
; -6.683 ; vga:vga_principal|pixely_o[3] ; flipflop:flip_g|dato_o ; pll25mhz:mi_pll|r_c0 ; pll25mhz:mi_pll|r_c0 ; 1.000        ; 0.346      ; 8.031      ;
; -6.682 ; vga:vga_principal|pixely_o[3] ; flipflop:flip_r|dato_o ; pll25mhz:mi_pll|r_c0 ; pll25mhz:mi_pll|r_c0 ; 1.000        ; 0.346      ; 8.030      ;
; -6.630 ; vga:vga_principal|pixely_o[2] ; flipflop:flip_g|dato_o ; pll25mhz:mi_pll|r_c0 ; pll25mhz:mi_pll|r_c0 ; 1.000        ; 0.346      ; 7.978      ;
; -6.629 ; vga:vga_principal|pixely_o[2] ; flipflop:flip_r|dato_o ; pll25mhz:mi_pll|r_c0 ; pll25mhz:mi_pll|r_c0 ; 1.000        ; 0.346      ; 7.977      ;
; -6.603 ; vga:vga_principal|pixelx_o[3] ; flipflop:flip_g|dato_o ; pll25mhz:mi_pll|r_c0 ; pll25mhz:mi_pll|r_c0 ; 1.000        ; 0.338      ; 7.943      ;
; -6.602 ; vga:vga_principal|pixelx_o[3] ; flipflop:flip_r|dato_o ; pll25mhz:mi_pll|r_c0 ; pll25mhz:mi_pll|r_c0 ; 1.000        ; 0.338      ; 7.942      ;
; -6.549 ; vga:vga_principal|pixely_o[6] ; flipflop:flip_g|dato_o ; pll25mhz:mi_pll|r_c0 ; pll25mhz:mi_pll|r_c0 ; 1.000        ; 0.347      ; 7.898      ;
; -6.548 ; vga:vga_principal|pixely_o[6] ; flipflop:flip_r|dato_o ; pll25mhz:mi_pll|r_c0 ; pll25mhz:mi_pll|r_c0 ; 1.000        ; 0.347      ; 7.897      ;
; -6.488 ; vga:vga_principal|pixely_o[0] ; flipflop:flip_g|dato_o ; pll25mhz:mi_pll|r_c0 ; pll25mhz:mi_pll|r_c0 ; 1.000        ; 0.325      ; 7.815      ;
; -6.487 ; vga:vga_principal|pixely_o[0] ; flipflop:flip_r|dato_o ; pll25mhz:mi_pll|r_c0 ; pll25mhz:mi_pll|r_c0 ; 1.000        ; 0.325      ; 7.814      ;
; -6.444 ; vga:vga_principal|pixely_o[8] ; flipflop:flip_g|dato_o ; pll25mhz:mi_pll|r_c0 ; pll25mhz:mi_pll|r_c0 ; 1.000        ; 0.347      ; 7.793      ;
; -6.443 ; vga:vga_principal|pixely_o[8] ; flipflop:flip_r|dato_o ; pll25mhz:mi_pll|r_c0 ; pll25mhz:mi_pll|r_c0 ; 1.000        ; 0.347      ; 7.792      ;
; -6.403 ; vga:vga_principal|pixelx_o[2] ; flipflop:flip_g|dato_o ; pll25mhz:mi_pll|r_c0 ; pll25mhz:mi_pll|r_c0 ; 1.000        ; 0.338      ; 7.743      ;
; -6.402 ; vga:vga_principal|pixelx_o[2] ; flipflop:flip_r|dato_o ; pll25mhz:mi_pll|r_c0 ; pll25mhz:mi_pll|r_c0 ; 1.000        ; 0.338      ; 7.742      ;
; -6.339 ; vga:vga_principal|pixelx_o[4] ; flipflop:flip_g|dato_o ; pll25mhz:mi_pll|r_c0 ; pll25mhz:mi_pll|r_c0 ; 1.000        ; 0.338      ; 7.679      ;
; -6.338 ; vga:vga_principal|pixelx_o[4] ; flipflop:flip_r|dato_o ; pll25mhz:mi_pll|r_c0 ; pll25mhz:mi_pll|r_c0 ; 1.000        ; 0.338      ; 7.678      ;
; -6.314 ; vga:vga_principal|pixely_o[1] ; flipflop:flip_g|dato_o ; pll25mhz:mi_pll|r_c0 ; pll25mhz:mi_pll|r_c0 ; 1.000        ; 0.347      ; 7.663      ;
; -6.313 ; vga:vga_principal|pixely_o[1] ; flipflop:flip_r|dato_o ; pll25mhz:mi_pll|r_c0 ; pll25mhz:mi_pll|r_c0 ; 1.000        ; 0.347      ; 7.662      ;
; -6.288 ; vga:vga_principal|pixely_o[9] ; flipflop:flip_g|dato_o ; pll25mhz:mi_pll|r_c0 ; pll25mhz:mi_pll|r_c0 ; 1.000        ; 0.347      ; 7.637      ;
; -6.287 ; vga:vga_principal|pixely_o[9] ; flipflop:flip_r|dato_o ; pll25mhz:mi_pll|r_c0 ; pll25mhz:mi_pll|r_c0 ; 1.000        ; 0.347      ; 7.636      ;
; -6.257 ; vga:vga_principal|pixely_o[7] ; flipflop:flip_g|dato_o ; pll25mhz:mi_pll|r_c0 ; pll25mhz:mi_pll|r_c0 ; 1.000        ; 0.347      ; 7.606      ;
; -6.256 ; vga:vga_principal|pixely_o[7] ; flipflop:flip_r|dato_o ; pll25mhz:mi_pll|r_c0 ; pll25mhz:mi_pll|r_c0 ; 1.000        ; 0.347      ; 7.605      ;
; -6.243 ; vga:vga_principal|pixelx_o[8] ; flipflop:flip_g|dato_o ; pll25mhz:mi_pll|r_c0 ; pll25mhz:mi_pll|r_c0 ; 1.000        ; 0.362      ; 7.607      ;
; -6.242 ; vga:vga_principal|pixelx_o[8] ; flipflop:flip_r|dato_o ; pll25mhz:mi_pll|r_c0 ; pll25mhz:mi_pll|r_c0 ; 1.000        ; 0.362      ; 7.606      ;
; -6.237 ; pad:raqueta_der|pady_o[6]     ; flipflop:flip_r|dato_o ; pll25mhz:mi_pll|r_c0 ; pll25mhz:mi_pll|r_c0 ; 1.000        ; 0.358      ; 7.597      ;
; -6.237 ; pad:raqueta_der|pady_o[6]     ; flipflop:flip_g|dato_o ; pll25mhz:mi_pll|r_c0 ; pll25mhz:mi_pll|r_c0 ; 1.000        ; 0.358      ; 7.597      ;
; -6.168 ; vga:vga_principal|pixelx_o[7] ; flipflop:flip_g|dato_o ; pll25mhz:mi_pll|r_c0 ; pll25mhz:mi_pll|r_c0 ; 1.000        ; 0.338      ; 7.508      ;
; -6.167 ; vga:vga_principal|pixelx_o[7] ; flipflop:flip_r|dato_o ; pll25mhz:mi_pll|r_c0 ; pll25mhz:mi_pll|r_c0 ; 1.000        ; 0.338      ; 7.507      ;
; -6.144 ; vga:vga_principal|pixelx_o[1] ; flipflop:flip_g|dato_o ; pll25mhz:mi_pll|r_c0 ; pll25mhz:mi_pll|r_c0 ; 1.000        ; 0.338      ; 7.484      ;
; -6.143 ; vga:vga_principal|pixelx_o[1] ; flipflop:flip_r|dato_o ; pll25mhz:mi_pll|r_c0 ; pll25mhz:mi_pll|r_c0 ; 1.000        ; 0.338      ; 7.483      ;
; -6.125 ; pad:raqueta_der|pady_o[4]     ; flipflop:flip_r|dato_o ; pll25mhz:mi_pll|r_c0 ; pll25mhz:mi_pll|r_c0 ; 1.000        ; 0.358      ; 7.485      ;
; -6.125 ; pad:raqueta_der|pady_o[4]     ; flipflop:flip_g|dato_o ; pll25mhz:mi_pll|r_c0 ; pll25mhz:mi_pll|r_c0 ; 1.000        ; 0.358      ; 7.485      ;
; -6.114 ; vga:vga_principal|pixely_o[3] ; flipflop:flip_b|dato_o ; pll25mhz:mi_pll|r_c0 ; pll25mhz:mi_pll|r_c0 ; 1.000        ; 0.346      ; 7.462      ;
; -6.101 ; vga:vga_principal|pixely_o[5] ; flipflop:flip_g|dato_o ; pll25mhz:mi_pll|r_c0 ; pll25mhz:mi_pll|r_c0 ; 1.000        ; 0.347      ; 7.450      ;
; -6.100 ; vga:vga_principal|pixely_o[5] ; flipflop:flip_r|dato_o ; pll25mhz:mi_pll|r_c0 ; pll25mhz:mi_pll|r_c0 ; 1.000        ; 0.347      ; 7.449      ;
; -6.094 ; vga:vga_principal|pixelx_o[0] ; flipflop:flip_g|dato_o ; pll25mhz:mi_pll|r_c0 ; pll25mhz:mi_pll|r_c0 ; 1.000        ; 0.338      ; 7.434      ;
; -6.093 ; vga:vga_principal|pixelx_o[0] ; flipflop:flip_r|dato_o ; pll25mhz:mi_pll|r_c0 ; pll25mhz:mi_pll|r_c0 ; 1.000        ; 0.338      ; 7.433      ;
; -6.064 ; vga:vga_principal|pixelx_o[9] ; flipflop:flip_g|dato_o ; pll25mhz:mi_pll|r_c0 ; pll25mhz:mi_pll|r_c0 ; 1.000        ; 0.362      ; 7.428      ;
; -6.063 ; vga:vga_principal|pixelx_o[9] ; flipflop:flip_r|dato_o ; pll25mhz:mi_pll|r_c0 ; pll25mhz:mi_pll|r_c0 ; 1.000        ; 0.362      ; 7.427      ;
; -6.061 ; vga:vga_principal|pixely_o[2] ; flipflop:flip_b|dato_o ; pll25mhz:mi_pll|r_c0 ; pll25mhz:mi_pll|r_c0 ; 1.000        ; 0.346      ; 7.409      ;
; -6.045 ; vga:vga_principal|pixelx_o[5] ; flipflop:flip_g|dato_o ; pll25mhz:mi_pll|r_c0 ; pll25mhz:mi_pll|r_c0 ; 1.000        ; 0.362      ; 7.409      ;
; -6.044 ; vga:vga_principal|pixelx_o[5] ; flipflop:flip_r|dato_o ; pll25mhz:mi_pll|r_c0 ; pll25mhz:mi_pll|r_c0 ; 1.000        ; 0.362      ; 7.408      ;
; -6.034 ; vga:vga_principal|pixelx_o[3] ; flipflop:flip_b|dato_o ; pll25mhz:mi_pll|r_c0 ; pll25mhz:mi_pll|r_c0 ; 1.000        ; 0.338      ; 7.374      ;
; -6.026 ; vga:vga_principal|pixely_o[4] ; flipflop:flip_g|dato_o ; pll25mhz:mi_pll|r_c0 ; pll25mhz:mi_pll|r_c0 ; 1.000        ; 0.347      ; 7.375      ;
; -6.025 ; vga:vga_principal|pixely_o[4] ; flipflop:flip_r|dato_o ; pll25mhz:mi_pll|r_c0 ; pll25mhz:mi_pll|r_c0 ; 1.000        ; 0.347      ; 7.374      ;
; -5.998 ; pad:raqueta_der|pady_o[5]     ; flipflop:flip_r|dato_o ; pll25mhz:mi_pll|r_c0 ; pll25mhz:mi_pll|r_c0 ; 1.000        ; 0.358      ; 7.358      ;
; -5.998 ; pad:raqueta_der|pady_o[5]     ; flipflop:flip_g|dato_o ; pll25mhz:mi_pll|r_c0 ; pll25mhz:mi_pll|r_c0 ; 1.000        ; 0.358      ; 7.358      ;
; -5.980 ; vga:vga_principal|pixely_o[6] ; flipflop:flip_b|dato_o ; pll25mhz:mi_pll|r_c0 ; pll25mhz:mi_pll|r_c0 ; 1.000        ; 0.347      ; 7.329      ;
; -5.954 ; pad:raqueta_der|pady_o[2]     ; flipflop:flip_g|dato_o ; pll25mhz:mi_pll|r_c0 ; pll25mhz:mi_pll|r_c0 ; 1.000        ; 0.358      ; 7.314      ;
; -5.953 ; pad:raqueta_der|pady_o[2]     ; flipflop:flip_r|dato_o ; pll25mhz:mi_pll|r_c0 ; pll25mhz:mi_pll|r_c0 ; 1.000        ; 0.358      ; 7.313      ;
; -5.951 ; pad:raqueta_der|pady_o[3]     ; flipflop:flip_g|dato_o ; pll25mhz:mi_pll|r_c0 ; pll25mhz:mi_pll|r_c0 ; 1.000        ; 0.358      ; 7.311      ;
; -5.950 ; pad:raqueta_der|pady_o[3]     ; flipflop:flip_r|dato_o ; pll25mhz:mi_pll|r_c0 ; pll25mhz:mi_pll|r_c0 ; 1.000        ; 0.358      ; 7.310      ;
; -5.925 ; ballhitbox:pelota|ballx_o[2]  ; flipflop:flip_g|dato_o ; pll25mhz:mi_pll|r_c0 ; pll25mhz:mi_pll|r_c0 ; 1.000        ; 0.330      ; 7.257      ;
; -5.924 ; ballhitbox:pelota|ballx_o[2]  ; flipflop:flip_r|dato_o ; pll25mhz:mi_pll|r_c0 ; pll25mhz:mi_pll|r_c0 ; 1.000        ; 0.330      ; 7.256      ;
; -5.919 ; vga:vga_principal|pixely_o[0] ; flipflop:flip_b|dato_o ; pll25mhz:mi_pll|r_c0 ; pll25mhz:mi_pll|r_c0 ; 1.000        ; 0.325      ; 7.246      ;
; -5.884 ; vga:vga_principal|pixelx_o[6] ; flipflop:flip_g|dato_o ; pll25mhz:mi_pll|r_c0 ; pll25mhz:mi_pll|r_c0 ; 1.000        ; 0.338      ; 7.224      ;
; -5.883 ; vga:vga_principal|pixelx_o[6] ; flipflop:flip_r|dato_o ; pll25mhz:mi_pll|r_c0 ; pll25mhz:mi_pll|r_c0 ; 1.000        ; 0.338      ; 7.223      ;
; -5.883 ; ballhitbox:pelota|ballx_o[4]  ; flipflop:flip_g|dato_o ; pll25mhz:mi_pll|r_c0 ; pll25mhz:mi_pll|r_c0 ; 1.000        ; 0.330      ; 7.215      ;
; -5.882 ; ballhitbox:pelota|ballx_o[4]  ; flipflop:flip_r|dato_o ; pll25mhz:mi_pll|r_c0 ; pll25mhz:mi_pll|r_c0 ; 1.000        ; 0.330      ; 7.214      ;
; -5.877 ; pad:raqueta_der|pady_o[7]     ; flipflop:flip_r|dato_o ; pll25mhz:mi_pll|r_c0 ; pll25mhz:mi_pll|r_c0 ; 1.000        ; 0.358      ; 7.237      ;
; -5.877 ; pad:raqueta_der|pady_o[7]     ; flipflop:flip_g|dato_o ; pll25mhz:mi_pll|r_c0 ; pll25mhz:mi_pll|r_c0 ; 1.000        ; 0.358      ; 7.237      ;
; -5.875 ; vga:vga_principal|pixely_o[8] ; flipflop:flip_b|dato_o ; pll25mhz:mi_pll|r_c0 ; pll25mhz:mi_pll|r_c0 ; 1.000        ; 0.347      ; 7.224      ;
; -5.844 ; pad:raqueta_der|pady_o[1]     ; flipflop:flip_g|dato_o ; pll25mhz:mi_pll|r_c0 ; pll25mhz:mi_pll|r_c0 ; 1.000        ; 0.358      ; 7.204      ;
; -5.843 ; pad:raqueta_der|pady_o[1]     ; flipflop:flip_r|dato_o ; pll25mhz:mi_pll|r_c0 ; pll25mhz:mi_pll|r_c0 ; 1.000        ; 0.358      ; 7.203      ;
; -5.834 ; vga:vga_principal|pixelx_o[2] ; flipflop:flip_b|dato_o ; pll25mhz:mi_pll|r_c0 ; pll25mhz:mi_pll|r_c0 ; 1.000        ; 0.338      ; 7.174      ;
; -5.807 ; ballhitbox:pelota|bally_o[2]  ; flipflop:flip_r|dato_o ; pll25mhz:mi_pll|r_c0 ; pll25mhz:mi_pll|r_c0 ; 1.000        ; 0.362      ; 7.171      ;
; -5.807 ; ballhitbox:pelota|bally_o[2]  ; flipflop:flip_g|dato_o ; pll25mhz:mi_pll|r_c0 ; pll25mhz:mi_pll|r_c0 ; 1.000        ; 0.362      ; 7.171      ;
; -5.770 ; vga:vga_principal|pixelx_o[4] ; flipflop:flip_b|dato_o ; pll25mhz:mi_pll|r_c0 ; pll25mhz:mi_pll|r_c0 ; 1.000        ; 0.338      ; 7.110      ;
; -5.745 ; vga:vga_principal|pixely_o[1] ; flipflop:flip_b|dato_o ; pll25mhz:mi_pll|r_c0 ; pll25mhz:mi_pll|r_c0 ; 1.000        ; 0.347      ; 7.094      ;
; -5.731 ; ballhitbox:pelota|ballx_o[1]  ; flipflop:flip_g|dato_o ; pll25mhz:mi_pll|r_c0 ; pll25mhz:mi_pll|r_c0 ; 1.000        ; 0.330      ; 7.063      ;
; -5.730 ; ballhitbox:pelota|ballx_o[1]  ; flipflop:flip_r|dato_o ; pll25mhz:mi_pll|r_c0 ; pll25mhz:mi_pll|r_c0 ; 1.000        ; 0.330      ; 7.062      ;
; -5.720 ; ballhitbox:pelota|bally_o[1]  ; flipflop:flip_r|dato_o ; pll25mhz:mi_pll|r_c0 ; pll25mhz:mi_pll|r_c0 ; 1.000        ; 0.364      ; 7.086      ;
; -5.720 ; ballhitbox:pelota|bally_o[1]  ; flipflop:flip_g|dato_o ; pll25mhz:mi_pll|r_c0 ; pll25mhz:mi_pll|r_c0 ; 1.000        ; 0.364      ; 7.086      ;
; -5.719 ; vga:vga_principal|pixely_o[9] ; flipflop:flip_b|dato_o ; pll25mhz:mi_pll|r_c0 ; pll25mhz:mi_pll|r_c0 ; 1.000        ; 0.347      ; 7.068      ;
; -5.688 ; vga:vga_principal|pixely_o[7] ; flipflop:flip_b|dato_o ; pll25mhz:mi_pll|r_c0 ; pll25mhz:mi_pll|r_c0 ; 1.000        ; 0.347      ; 7.037      ;
; -5.674 ; vga:vga_principal|pixelx_o[8] ; flipflop:flip_b|dato_o ; pll25mhz:mi_pll|r_c0 ; pll25mhz:mi_pll|r_c0 ; 1.000        ; 0.362      ; 7.038      ;
; -5.672 ; ballhitbox:pelota|ballx_o[6]  ; flipflop:flip_r|dato_o ; pll25mhz:mi_pll|r_c0 ; pll25mhz:mi_pll|r_c0 ; 1.000        ; 0.330      ; 7.004      ;
; -5.672 ; ballhitbox:pelota|ballx_o[6]  ; flipflop:flip_g|dato_o ; pll25mhz:mi_pll|r_c0 ; pll25mhz:mi_pll|r_c0 ; 1.000        ; 0.330      ; 7.004      ;
; -5.663 ; pad:raqueta_der|pady_o[6]     ; flipflop:flip_b|dato_o ; pll25mhz:mi_pll|r_c0 ; pll25mhz:mi_pll|r_c0 ; 1.000        ; 0.358      ; 7.023      ;
; -5.659 ; pad:raqueta_izq|pady_o[7]     ; flipflop:flip_g|dato_o ; pll25mhz:mi_pll|r_c0 ; pll25mhz:mi_pll|r_c0 ; 1.000        ; 0.356      ; 7.017      ;
; -5.658 ; pad:raqueta_izq|pady_o[7]     ; flipflop:flip_r|dato_o ; pll25mhz:mi_pll|r_c0 ; pll25mhz:mi_pll|r_c0 ; 1.000        ; 0.356      ; 7.016      ;
; -5.643 ; pad:raqueta_izq|pady_o[4]     ; flipflop:flip_g|dato_o ; pll25mhz:mi_pll|r_c0 ; pll25mhz:mi_pll|r_c0 ; 1.000        ; 0.356      ; 7.001      ;
; -5.642 ; pad:raqueta_izq|pady_o[4]     ; flipflop:flip_r|dato_o ; pll25mhz:mi_pll|r_c0 ; pll25mhz:mi_pll|r_c0 ; 1.000        ; 0.356      ; 7.000      ;
; -5.634 ; ballhitbox:pelota|bally_o[3]  ; flipflop:flip_r|dato_o ; pll25mhz:mi_pll|r_c0 ; pll25mhz:mi_pll|r_c0 ; 1.000        ; 0.364      ; 7.000      ;
; -5.634 ; ballhitbox:pelota|bally_o[3]  ; flipflop:flip_g|dato_o ; pll25mhz:mi_pll|r_c0 ; pll25mhz:mi_pll|r_c0 ; 1.000        ; 0.364      ; 7.000      ;
; -5.634 ; pad:raqueta_izq|pady_o[5]     ; flipflop:flip_g|dato_o ; pll25mhz:mi_pll|r_c0 ; pll25mhz:mi_pll|r_c0 ; 1.000        ; 0.356      ; 6.992      ;
; -5.633 ; pad:raqueta_izq|pady_o[5]     ; flipflop:flip_r|dato_o ; pll25mhz:mi_pll|r_c0 ; pll25mhz:mi_pll|r_c0 ; 1.000        ; 0.356      ; 6.991      ;
; -5.620 ; pad:raqueta_der|pady_o[8]     ; flipflop:flip_g|dato_o ; pll25mhz:mi_pll|r_c0 ; pll25mhz:mi_pll|r_c0 ; 1.000        ; 0.358      ; 6.980      ;
; -5.619 ; pad:raqueta_der|pady_o[8]     ; flipflop:flip_r|dato_o ; pll25mhz:mi_pll|r_c0 ; pll25mhz:mi_pll|r_c0 ; 1.000        ; 0.358      ; 6.979      ;
; -5.599 ; vga:vga_principal|pixelx_o[7] ; flipflop:flip_b|dato_o ; pll25mhz:mi_pll|r_c0 ; pll25mhz:mi_pll|r_c0 ; 1.000        ; 0.338      ; 6.939      ;
; -5.575 ; vga:vga_principal|pixelx_o[1] ; flipflop:flip_b|dato_o ; pll25mhz:mi_pll|r_c0 ; pll25mhz:mi_pll|r_c0 ; 1.000        ; 0.338      ; 6.915      ;
; -5.567 ; ballhitbox:pelota|ballx_o[3]  ; flipflop:flip_g|dato_o ; pll25mhz:mi_pll|r_c0 ; pll25mhz:mi_pll|r_c0 ; 1.000        ; 0.330      ; 6.899      ;
; -5.566 ; ballhitbox:pelota|ballx_o[3]  ; flipflop:flip_r|dato_o ; pll25mhz:mi_pll|r_c0 ; pll25mhz:mi_pll|r_c0 ; 1.000        ; 0.330      ; 6.898      ;
; -5.551 ; pad:raqueta_der|pady_o[4]     ; flipflop:flip_b|dato_o ; pll25mhz:mi_pll|r_c0 ; pll25mhz:mi_pll|r_c0 ; 1.000        ; 0.358      ; 6.911      ;
; -5.532 ; vga:vga_principal|pixely_o[5] ; flipflop:flip_b|dato_o ; pll25mhz:mi_pll|r_c0 ; pll25mhz:mi_pll|r_c0 ; 1.000        ; 0.347      ; 6.881      ;
; -5.525 ; vga:vga_principal|pixelx_o[0] ; flipflop:flip_b|dato_o ; pll25mhz:mi_pll|r_c0 ; pll25mhz:mi_pll|r_c0 ; 1.000        ; 0.338      ; 6.865      ;
; -5.495 ; vga:vga_principal|pixelx_o[9] ; flipflop:flip_b|dato_o ; pll25mhz:mi_pll|r_c0 ; pll25mhz:mi_pll|r_c0 ; 1.000        ; 0.362      ; 6.859      ;
; -5.476 ; vga:vga_principal|pixelx_o[5] ; flipflop:flip_b|dato_o ; pll25mhz:mi_pll|r_c0 ; pll25mhz:mi_pll|r_c0 ; 1.000        ; 0.362      ; 6.840      ;
; -5.457 ; vga:vga_principal|pixely_o[4] ; flipflop:flip_b|dato_o ; pll25mhz:mi_pll|r_c0 ; pll25mhz:mi_pll|r_c0 ; 1.000        ; 0.347      ; 6.806      ;
; -5.452 ; ballhitbox:pelota|ballx_o[5]  ; flipflop:flip_r|dato_o ; pll25mhz:mi_pll|r_c0 ; pll25mhz:mi_pll|r_c0 ; 1.000        ; 0.330      ; 6.784      ;
+--------+-------------------------------+------------------------+----------------------+----------------------+--------------+------------+------------+


+-----------------------------------------------------------------------------------------------------------------------------------------+
; Slow 1200mV 0C Model Setup: 'clk'                                                                                                       ;
+--------+--------------------------------+-------------------------+--------------+-------------+--------------+------------+------------+
; Slack  ; From Node                      ; To Node                 ; Launch Clock ; Latch Clock ; Relationship ; Clock Skew ; Data Delay ;
+--------+--------------------------------+-------------------------+--------------+-------------+--------------+------------+------------+
; -2.952 ; uart_rx:uart0|baud_counter[9]  ; uart_rx:uart0|o_data[0] ; clk          ; clk         ; 1.000        ; -0.075     ; 3.879      ;
; -2.952 ; uart_rx:uart0|baud_counter[9]  ; uart_rx:uart0|o_data[1] ; clk          ; clk         ; 1.000        ; -0.075     ; 3.879      ;
; -2.952 ; uart_rx:uart0|baud_counter[9]  ; uart_rx:uart0|o_data[2] ; clk          ; clk         ; 1.000        ; -0.075     ; 3.879      ;
; -2.952 ; uart_rx:uart0|baud_counter[9]  ; uart_rx:uart0|o_data[3] ; clk          ; clk         ; 1.000        ; -0.075     ; 3.879      ;
; -2.952 ; uart_rx:uart0|baud_counter[9]  ; uart_rx:uart0|o_data[4] ; clk          ; clk         ; 1.000        ; -0.075     ; 3.879      ;
; -2.952 ; uart_rx:uart0|baud_counter[9]  ; uart_rx:uart0|o_data[5] ; clk          ; clk         ; 1.000        ; -0.075     ; 3.879      ;
; -2.952 ; uart_rx:uart0|baud_counter[9]  ; uart_rx:uart0|o_data[6] ; clk          ; clk         ; 1.000        ; -0.075     ; 3.879      ;
; -2.952 ; uart_rx:uart0|baud_counter[9]  ; uart_rx:uart0|o_data[7] ; clk          ; clk         ; 1.000        ; -0.075     ; 3.879      ;
; -2.951 ; uart_rx:uart0|baud_counter[6]  ; uart_rx:uart0|o_data[0] ; clk          ; clk         ; 1.000        ; -0.075     ; 3.878      ;
; -2.951 ; uart_rx:uart0|baud_counter[6]  ; uart_rx:uart0|o_data[1] ; clk          ; clk         ; 1.000        ; -0.075     ; 3.878      ;
; -2.951 ; uart_rx:uart0|baud_counter[6]  ; uart_rx:uart0|o_data[2] ; clk          ; clk         ; 1.000        ; -0.075     ; 3.878      ;
; -2.951 ; uart_rx:uart0|baud_counter[6]  ; uart_rx:uart0|o_data[3] ; clk          ; clk         ; 1.000        ; -0.075     ; 3.878      ;
; -2.951 ; uart_rx:uart0|baud_counter[6]  ; uart_rx:uart0|o_data[4] ; clk          ; clk         ; 1.000        ; -0.075     ; 3.878      ;
; -2.951 ; uart_rx:uart0|baud_counter[6]  ; uart_rx:uart0|o_data[5] ; clk          ; clk         ; 1.000        ; -0.075     ; 3.878      ;
; -2.951 ; uart_rx:uart0|baud_counter[6]  ; uart_rx:uart0|o_data[6] ; clk          ; clk         ; 1.000        ; -0.075     ; 3.878      ;
; -2.951 ; uart_rx:uart0|baud_counter[6]  ; uart_rx:uart0|o_data[7] ; clk          ; clk         ; 1.000        ; -0.075     ; 3.878      ;
; -2.791 ; uart_rx:uart0|baud_counter[3]  ; uart_rx:uart0|o_data[0] ; clk          ; clk         ; 1.000        ; -0.076     ; 3.717      ;
; -2.791 ; uart_rx:uart0|baud_counter[3]  ; uart_rx:uart0|o_data[1] ; clk          ; clk         ; 1.000        ; -0.076     ; 3.717      ;
; -2.791 ; uart_rx:uart0|baud_counter[3]  ; uart_rx:uart0|o_data[2] ; clk          ; clk         ; 1.000        ; -0.076     ; 3.717      ;
; -2.791 ; uart_rx:uart0|baud_counter[3]  ; uart_rx:uart0|o_data[3] ; clk          ; clk         ; 1.000        ; -0.076     ; 3.717      ;
; -2.791 ; uart_rx:uart0|baud_counter[3]  ; uart_rx:uart0|o_data[4] ; clk          ; clk         ; 1.000        ; -0.076     ; 3.717      ;
; -2.791 ; uart_rx:uart0|baud_counter[3]  ; uart_rx:uart0|o_data[5] ; clk          ; clk         ; 1.000        ; -0.076     ; 3.717      ;
; -2.791 ; uart_rx:uart0|baud_counter[3]  ; uart_rx:uart0|o_data[6] ; clk          ; clk         ; 1.000        ; -0.076     ; 3.717      ;
; -2.791 ; uart_rx:uart0|baud_counter[3]  ; uart_rx:uart0|o_data[7] ; clk          ; clk         ; 1.000        ; -0.076     ; 3.717      ;
; -2.790 ; uart_rx:uart0|baud_counter[1]  ; uart_rx:uart0|o_data[0] ; clk          ; clk         ; 1.000        ; -0.076     ; 3.716      ;
; -2.790 ; uart_rx:uart0|baud_counter[1]  ; uart_rx:uart0|o_data[1] ; clk          ; clk         ; 1.000        ; -0.076     ; 3.716      ;
; -2.790 ; uart_rx:uart0|baud_counter[1]  ; uart_rx:uart0|o_data[2] ; clk          ; clk         ; 1.000        ; -0.076     ; 3.716      ;
; -2.790 ; uart_rx:uart0|baud_counter[1]  ; uart_rx:uart0|o_data[3] ; clk          ; clk         ; 1.000        ; -0.076     ; 3.716      ;
; -2.790 ; uart_rx:uart0|baud_counter[1]  ; uart_rx:uart0|o_data[4] ; clk          ; clk         ; 1.000        ; -0.076     ; 3.716      ;
; -2.790 ; uart_rx:uart0|baud_counter[1]  ; uart_rx:uart0|o_data[5] ; clk          ; clk         ; 1.000        ; -0.076     ; 3.716      ;
; -2.790 ; uart_rx:uart0|baud_counter[1]  ; uart_rx:uart0|o_data[6] ; clk          ; clk         ; 1.000        ; -0.076     ; 3.716      ;
; -2.790 ; uart_rx:uart0|baud_counter[1]  ; uart_rx:uart0|o_data[7] ; clk          ; clk         ; 1.000        ; -0.076     ; 3.716      ;
; -2.790 ; uart_rx:uart0|baud_counter[2]  ; uart_rx:uart0|o_data[0] ; clk          ; clk         ; 1.000        ; -0.076     ; 3.716      ;
; -2.790 ; uart_rx:uart0|baud_counter[2]  ; uart_rx:uart0|o_data[1] ; clk          ; clk         ; 1.000        ; -0.076     ; 3.716      ;
; -2.790 ; uart_rx:uart0|baud_counter[2]  ; uart_rx:uart0|o_data[2] ; clk          ; clk         ; 1.000        ; -0.076     ; 3.716      ;
; -2.790 ; uart_rx:uart0|baud_counter[2]  ; uart_rx:uart0|o_data[3] ; clk          ; clk         ; 1.000        ; -0.076     ; 3.716      ;
; -2.790 ; uart_rx:uart0|baud_counter[2]  ; uart_rx:uart0|o_data[4] ; clk          ; clk         ; 1.000        ; -0.076     ; 3.716      ;
; -2.790 ; uart_rx:uart0|baud_counter[2]  ; uart_rx:uart0|o_data[5] ; clk          ; clk         ; 1.000        ; -0.076     ; 3.716      ;
; -2.790 ; uart_rx:uart0|baud_counter[2]  ; uart_rx:uart0|o_data[6] ; clk          ; clk         ; 1.000        ; -0.076     ; 3.716      ;
; -2.790 ; uart_rx:uart0|baud_counter[2]  ; uart_rx:uart0|o_data[7] ; clk          ; clk         ; 1.000        ; -0.076     ; 3.716      ;
; -2.790 ; uart_rx:uart0|baud_counter[0]  ; uart_rx:uart0|o_data[0] ; clk          ; clk         ; 1.000        ; -0.076     ; 3.716      ;
; -2.790 ; uart_rx:uart0|baud_counter[0]  ; uart_rx:uart0|o_data[1] ; clk          ; clk         ; 1.000        ; -0.076     ; 3.716      ;
; -2.790 ; uart_rx:uart0|baud_counter[0]  ; uart_rx:uart0|o_data[2] ; clk          ; clk         ; 1.000        ; -0.076     ; 3.716      ;
; -2.790 ; uart_rx:uart0|baud_counter[0]  ; uart_rx:uart0|o_data[3] ; clk          ; clk         ; 1.000        ; -0.076     ; 3.716      ;
; -2.790 ; uart_rx:uart0|baud_counter[0]  ; uart_rx:uart0|o_data[4] ; clk          ; clk         ; 1.000        ; -0.076     ; 3.716      ;
; -2.790 ; uart_rx:uart0|baud_counter[0]  ; uart_rx:uart0|o_data[5] ; clk          ; clk         ; 1.000        ; -0.076     ; 3.716      ;
; -2.790 ; uart_rx:uart0|baud_counter[0]  ; uart_rx:uart0|o_data[6] ; clk          ; clk         ; 1.000        ; -0.076     ; 3.716      ;
; -2.790 ; uart_rx:uart0|baud_counter[0]  ; uart_rx:uart0|o_data[7] ; clk          ; clk         ; 1.000        ; -0.076     ; 3.716      ;
; -2.779 ; uart_rx:uart0|state[2]         ; uart_rx:uart0|o_data[0] ; clk          ; clk         ; 1.000        ; -0.543     ; 3.238      ;
; -2.779 ; uart_rx:uart0|state[2]         ; uart_rx:uart0|o_data[1] ; clk          ; clk         ; 1.000        ; -0.543     ; 3.238      ;
; -2.779 ; uart_rx:uart0|state[2]         ; uart_rx:uart0|o_data[2] ; clk          ; clk         ; 1.000        ; -0.543     ; 3.238      ;
; -2.779 ; uart_rx:uart0|state[2]         ; uart_rx:uart0|o_data[3] ; clk          ; clk         ; 1.000        ; -0.543     ; 3.238      ;
; -2.779 ; uart_rx:uart0|state[2]         ; uart_rx:uart0|o_data[4] ; clk          ; clk         ; 1.000        ; -0.543     ; 3.238      ;
; -2.779 ; uart_rx:uart0|state[2]         ; uart_rx:uart0|o_data[5] ; clk          ; clk         ; 1.000        ; -0.543     ; 3.238      ;
; -2.779 ; uart_rx:uart0|state[2]         ; uart_rx:uart0|o_data[6] ; clk          ; clk         ; 1.000        ; -0.543     ; 3.238      ;
; -2.779 ; uart_rx:uart0|state[2]         ; uart_rx:uart0|o_data[7] ; clk          ; clk         ; 1.000        ; -0.543     ; 3.238      ;
; -2.778 ; uart_rx:uart0|baud_counter[7]  ; uart_rx:uart0|o_data[0] ; clk          ; clk         ; 1.000        ; -0.075     ; 3.705      ;
; -2.778 ; uart_rx:uart0|baud_counter[7]  ; uart_rx:uart0|o_data[1] ; clk          ; clk         ; 1.000        ; -0.075     ; 3.705      ;
; -2.778 ; uart_rx:uart0|baud_counter[7]  ; uart_rx:uart0|o_data[2] ; clk          ; clk         ; 1.000        ; -0.075     ; 3.705      ;
; -2.778 ; uart_rx:uart0|baud_counter[7]  ; uart_rx:uart0|o_data[3] ; clk          ; clk         ; 1.000        ; -0.075     ; 3.705      ;
; -2.778 ; uart_rx:uart0|baud_counter[7]  ; uart_rx:uart0|o_data[4] ; clk          ; clk         ; 1.000        ; -0.075     ; 3.705      ;
; -2.778 ; uart_rx:uart0|baud_counter[7]  ; uart_rx:uart0|o_data[5] ; clk          ; clk         ; 1.000        ; -0.075     ; 3.705      ;
; -2.778 ; uart_rx:uart0|baud_counter[7]  ; uart_rx:uart0|o_data[6] ; clk          ; clk         ; 1.000        ; -0.075     ; 3.705      ;
; -2.778 ; uart_rx:uart0|baud_counter[7]  ; uart_rx:uart0|o_data[7] ; clk          ; clk         ; 1.000        ; -0.075     ; 3.705      ;
; -2.734 ; uart_rx:uart0|baud_counter[9]  ; uart_rx:uart0|state[1]  ; clk          ; clk         ; 1.000        ; -0.072     ; 3.664      ;
; -2.733 ; uart_rx:uart0|baud_counter[6]  ; uart_rx:uart0|state[1]  ; clk          ; clk         ; 1.000        ; -0.072     ; 3.663      ;
; -2.724 ; uart_rx:uart0|baud_counter[9]  ; uart_rx:uart0|state[3]  ; clk          ; clk         ; 1.000        ; -0.072     ; 3.654      ;
; -2.723 ; uart_rx:uart0|baud_counter[6]  ; uart_rx:uart0|state[3]  ; clk          ; clk         ; 1.000        ; -0.072     ; 3.653      ;
; -2.641 ; uart_rx:uart0|baud_counter[8]  ; uart_rx:uart0|o_data[0] ; clk          ; clk         ; 1.000        ; -0.075     ; 3.568      ;
; -2.641 ; uart_rx:uart0|baud_counter[8]  ; uart_rx:uart0|o_data[1] ; clk          ; clk         ; 1.000        ; -0.075     ; 3.568      ;
; -2.641 ; uart_rx:uart0|baud_counter[8]  ; uart_rx:uart0|o_data[2] ; clk          ; clk         ; 1.000        ; -0.075     ; 3.568      ;
; -2.641 ; uart_rx:uart0|baud_counter[8]  ; uart_rx:uart0|o_data[3] ; clk          ; clk         ; 1.000        ; -0.075     ; 3.568      ;
; -2.641 ; uart_rx:uart0|baud_counter[8]  ; uart_rx:uart0|o_data[4] ; clk          ; clk         ; 1.000        ; -0.075     ; 3.568      ;
; -2.641 ; uart_rx:uart0|baud_counter[8]  ; uart_rx:uart0|o_data[5] ; clk          ; clk         ; 1.000        ; -0.075     ; 3.568      ;
; -2.641 ; uart_rx:uart0|baud_counter[8]  ; uart_rx:uart0|o_data[6] ; clk          ; clk         ; 1.000        ; -0.075     ; 3.568      ;
; -2.641 ; uart_rx:uart0|baud_counter[8]  ; uart_rx:uart0|o_data[7] ; clk          ; clk         ; 1.000        ; -0.075     ; 3.568      ;
; -2.617 ; uart_rx:uart0|baud_counter[11] ; uart_rx:uart0|o_data[0] ; clk          ; clk         ; 1.000        ; -0.076     ; 3.543      ;
; -2.617 ; uart_rx:uart0|baud_counter[11] ; uart_rx:uart0|o_data[1] ; clk          ; clk         ; 1.000        ; -0.076     ; 3.543      ;
; -2.617 ; uart_rx:uart0|baud_counter[11] ; uart_rx:uart0|o_data[2] ; clk          ; clk         ; 1.000        ; -0.076     ; 3.543      ;
; -2.617 ; uart_rx:uart0|baud_counter[11] ; uart_rx:uart0|o_data[3] ; clk          ; clk         ; 1.000        ; -0.076     ; 3.543      ;
; -2.617 ; uart_rx:uart0|baud_counter[11] ; uart_rx:uart0|o_data[4] ; clk          ; clk         ; 1.000        ; -0.076     ; 3.543      ;
; -2.617 ; uart_rx:uart0|baud_counter[11] ; uart_rx:uart0|o_data[5] ; clk          ; clk         ; 1.000        ; -0.076     ; 3.543      ;
; -2.617 ; uart_rx:uart0|baud_counter[11] ; uart_rx:uart0|o_data[6] ; clk          ; clk         ; 1.000        ; -0.076     ; 3.543      ;
; -2.617 ; uart_rx:uart0|baud_counter[11] ; uart_rx:uart0|o_data[7] ; clk          ; clk         ; 1.000        ; -0.076     ; 3.543      ;
; -2.616 ; uart_rx:uart0|baud_counter[12] ; uart_rx:uart0|o_data[0] ; clk          ; clk         ; 1.000        ; -0.076     ; 3.542      ;
; -2.616 ; uart_rx:uart0|baud_counter[12] ; uart_rx:uart0|o_data[1] ; clk          ; clk         ; 1.000        ; -0.076     ; 3.542      ;
; -2.616 ; uart_rx:uart0|baud_counter[12] ; uart_rx:uart0|o_data[2] ; clk          ; clk         ; 1.000        ; -0.076     ; 3.542      ;
; -2.616 ; uart_rx:uart0|baud_counter[12] ; uart_rx:uart0|o_data[3] ; clk          ; clk         ; 1.000        ; -0.076     ; 3.542      ;
; -2.616 ; uart_rx:uart0|baud_counter[12] ; uart_rx:uart0|o_data[4] ; clk          ; clk         ; 1.000        ; -0.076     ; 3.542      ;
; -2.616 ; uart_rx:uart0|baud_counter[12] ; uart_rx:uart0|o_data[5] ; clk          ; clk         ; 1.000        ; -0.076     ; 3.542      ;
; -2.616 ; uart_rx:uart0|baud_counter[12] ; uart_rx:uart0|o_data[6] ; clk          ; clk         ; 1.000        ; -0.076     ; 3.542      ;
; -2.616 ; uart_rx:uart0|baud_counter[12] ; uart_rx:uart0|o_data[7] ; clk          ; clk         ; 1.000        ; -0.076     ; 3.542      ;
; -2.614 ; uart_rx:uart0|baud_counter[5]  ; uart_rx:uart0|o_data[0] ; clk          ; clk         ; 1.000        ; -0.076     ; 3.540      ;
; -2.614 ; uart_rx:uart0|baud_counter[5]  ; uart_rx:uart0|o_data[1] ; clk          ; clk         ; 1.000        ; -0.076     ; 3.540      ;
; -2.614 ; uart_rx:uart0|baud_counter[5]  ; uart_rx:uart0|o_data[2] ; clk          ; clk         ; 1.000        ; -0.076     ; 3.540      ;
; -2.614 ; uart_rx:uart0|baud_counter[5]  ; uart_rx:uart0|o_data[3] ; clk          ; clk         ; 1.000        ; -0.076     ; 3.540      ;
; -2.614 ; uart_rx:uart0|baud_counter[5]  ; uart_rx:uart0|o_data[4] ; clk          ; clk         ; 1.000        ; -0.076     ; 3.540      ;
; -2.614 ; uart_rx:uart0|baud_counter[5]  ; uart_rx:uart0|o_data[5] ; clk          ; clk         ; 1.000        ; -0.076     ; 3.540      ;
; -2.614 ; uart_rx:uart0|baud_counter[5]  ; uart_rx:uart0|o_data[6] ; clk          ; clk         ; 1.000        ; -0.076     ; 3.540      ;
; -2.614 ; uart_rx:uart0|baud_counter[5]  ; uart_rx:uart0|o_data[7] ; clk          ; clk         ; 1.000        ; -0.076     ; 3.540      ;
+--------+--------------------------------+-------------------------+--------------+-------------+--------------+------------+------------+


+-------------------------------------------------------------------------------------------------------------------------------------------------------+
; Slow 1200mV 0C Model Hold: 'clk'                                                                                                                      ;
+-------+--------------------------------+--------------------------------+----------------------+-------------+--------------+------------+------------+
; Slack ; From Node                      ; To Node                        ; Launch Clock         ; Latch Clock ; Relationship ; Clock Skew ; Data Delay ;
+-------+--------------------------------+--------------------------------+----------------------+-------------+--------------+------------+------------+
; 0.383 ; uart_rx:uart0|state[2]         ; uart_rx:uart0|state[2]         ; clk                  ; clk         ; 0.000        ; 0.091      ; 0.669      ;
; 0.402 ; btn_up2                        ; btn_up2                        ; clk                  ; clk         ; 0.000        ; 0.072      ; 0.669      ;
; 0.402 ; uart_rx:uart0|state[3]         ; uart_rx:uart0|state[3]         ; clk                  ; clk         ; 0.000        ; 0.072      ; 0.669      ;
; 0.402 ; uart_rx:uart0|state[1]         ; uart_rx:uart0|state[1]         ; clk                  ; clk         ; 0.000        ; 0.072      ; 0.669      ;
; 0.402 ; uart_rx:uart0|state[0]         ; uart_rx:uart0|state[0]         ; clk                  ; clk         ; 0.000        ; 0.072      ; 0.669      ;
; 0.472 ; uart_rx:uart0|q_uart           ; uart_rx:uart0|ck_uart          ; clk                  ; clk         ; 0.000        ; 0.072      ; 0.739      ;
; 0.613 ; uart_rx:uart0|o_data[1]        ; btn_up1                        ; clk                  ; clk         ; 0.000        ; 0.073      ; 0.881      ;
; 0.618 ; uart_rx:uart0|state[1]         ; uart_rx:uart0|state[2]         ; clk                  ; clk         ; 0.000        ; 0.540      ; 1.353      ;
; 0.648 ; uart_rx:uart0|o_data[3]        ; uart_rx:uart0|o_data[2]        ; clk                  ; clk         ; 0.000        ; 0.072      ; 0.915      ;
; 0.654 ; uart_rx:uart0|o_data[5]        ; uart_rx:uart0|o_data[4]        ; clk                  ; clk         ; 0.000        ; 0.072      ; 0.921      ;
; 0.677 ; uart_rx:uart0|o_data[2]        ; uart_rx:uart0|o_data[1]        ; clk                  ; clk         ; 0.000        ; 0.072      ; 0.944      ;
; 0.764 ; uart_rx:uart0|state[0]         ; uart_rx:uart0|state[2]         ; clk                  ; clk         ; 0.000        ; 0.540      ; 1.499      ;
; 0.833 ; pll25mhz:mi_pll|r_c0           ; pll25mhz:mi_pll|r_c0           ; pll25mhz:mi_pll|r_c0 ; clk         ; 0.000        ; 2.391      ; 3.689      ;
; 0.944 ; uart_rx:uart0|o_data[3]        ; btn_up2                        ; clk                  ; clk         ; 0.000        ; 0.072      ; 1.211      ;
; 0.946 ; uart_rx:uart0|o_data[3]        ; btn_down2                      ; clk                  ; clk         ; 0.000        ; 0.072      ; 1.213      ;
; 0.952 ; uart_rx:uart0|o_data[2]        ; btn_down1                      ; clk                  ; clk         ; 0.000        ; 0.072      ; 1.219      ;
; 0.995 ; uart_rx:uart0|o_data[4]        ; btn_up2                        ; clk                  ; clk         ; 0.000        ; 0.072      ; 1.262      ;
; 1.000 ; uart_rx:uart0|o_data[6]        ; uart_rx:uart0|o_data[5]        ; clk                  ; clk         ; 0.000        ; 0.072      ; 1.267      ;
; 1.003 ; uart_rx:uart0|ck_uart          ; uart_rx:uart0|o_data[7]        ; clk                  ; clk         ; 0.000        ; 0.070      ; 1.268      ;
; 1.007 ; uart_rx:uart0|o_data[1]        ; btn_down2                      ; clk                  ; clk         ; 0.000        ; 0.072      ; 1.274      ;
; 1.013 ; uart_rx:uart0|o_data[1]        ; btn_up2                        ; clk                  ; clk         ; 0.000        ; 0.072      ; 1.280      ;
; 1.067 ; btn_down1                      ; btn_down1                      ; clk                  ; clk         ; 0.000        ; 0.072      ; 1.334      ;
; 1.069 ; uart_rx:uart0|state[1]         ; uart_rx:uart0|state[3]         ; clk                  ; clk         ; 0.000        ; 0.072      ; 1.336      ;
; 1.085 ; uart_rx:uart0|state[3]         ; uart_rx:uart0|baud_counter[6]  ; clk                  ; clk         ; 0.000        ; 0.072      ; 1.352      ;
; 1.086 ; uart_rx:uart0|o_data[4]        ; btn_up1                        ; clk                  ; clk         ; 0.000        ; 0.073      ; 1.354      ;
; 1.088 ; uart_rx:uart0|o_data[1]        ; uart_rx:uart0|o_data[0]        ; clk                  ; clk         ; 0.000        ; 0.072      ; 1.355      ;
; 1.093 ; uart_rx:uart0|o_data[4]        ; uart_rx:uart0|o_data[3]        ; clk                  ; clk         ; 0.000        ; 0.072      ; 1.360      ;
; 1.100 ; uart_rx:uart0|o_data[3]        ; btn_up1                        ; clk                  ; clk         ; 0.000        ; 0.073      ; 1.368      ;
; 1.103 ; uart_rx:uart0|o_data[0]        ; btn_up2                        ; clk                  ; clk         ; 0.000        ; 0.072      ; 1.370      ;
; 1.136 ; uart_rx:uart0|baud_counter[15] ; uart_rx:uart0|baud_counter[15] ; clk                  ; clk         ; 0.000        ; 0.071      ; 1.402      ;
; 1.136 ; uart_rx:uart0|o_data[4]        ; btn_down2                      ; clk                  ; clk         ; 0.000        ; 0.072      ; 1.403      ;
; 1.148 ; uart_rx:uart0|o_data[0]        ; btn_up1                        ; clk                  ; clk         ; 0.000        ; 0.073      ; 1.416      ;
; 1.173 ; uart_rx:uart0|o_data[3]        ; btn_down1                      ; clk                  ; clk         ; 0.000        ; 0.072      ; 1.440      ;
; 1.187 ; uart_rx:uart0|state[1]         ; uart_rx:uart0|o_wr             ; clk                  ; clk         ; 0.000        ; 0.072      ; 1.454      ;
; 1.194 ; uart_rx:uart0|o_data[2]        ; btn_down2                      ; clk                  ; clk         ; 0.000        ; 0.072      ; 1.461      ;
; 1.263 ; uart_rx:uart0|o_data[7]        ; uart_rx:uart0|o_data[6]        ; clk                  ; clk         ; 0.000        ; 0.072      ; 1.530      ;
; 1.286 ; uart_rx:uart0|o_data[0]        ; btn_down1                      ; clk                  ; clk         ; 0.000        ; 0.072      ; 1.553      ;
; 1.287 ; uart_rx:uart0|state[3]         ; uart_rx:uart0|baud_counter[2]  ; clk                  ; clk         ; 0.000        ; 0.073      ; 1.555      ;
; 1.287 ; uart_rx:uart0|state[3]         ; uart_rx:uart0|baud_counter[3]  ; clk                  ; clk         ; 0.000        ; 0.073      ; 1.555      ;
; 1.287 ; uart_rx:uart0|state[3]         ; uart_rx:uart0|baud_counter[13] ; clk                  ; clk         ; 0.000        ; 0.073      ; 1.555      ;
; 1.296 ; uart_rx:uart0|o_data[5]        ; btn_up2                        ; clk                  ; clk         ; 0.000        ; 0.072      ; 1.563      ;
; 1.298 ; uart_rx:uart0|o_data[5]        ; btn_down2                      ; clk                  ; clk         ; 0.000        ; 0.072      ; 1.565      ;
; 1.311 ; btn_down2                      ; btn_down2                      ; clk                  ; clk         ; 0.000        ; 0.072      ; 1.578      ;
; 1.313 ; uart_rx:uart0|o_data[0]        ; btn_down2                      ; clk                  ; clk         ; 0.000        ; 0.072      ; 1.580      ;
; 1.341 ; uart_rx:uart0|state[1]         ; uart_rx:uart0|baud_counter[6]  ; clk                  ; clk         ; 0.000        ; 0.072      ; 1.608      ;
; 1.346 ; uart_rx:uart0|o_data[4]        ; btn_down1                      ; clk                  ; clk         ; 0.000        ; 0.072      ; 1.613      ;
; 1.347 ; uart_rx:uart0|baud_counter[4]  ; uart_rx:uart0|baud_counter[4]  ; clk                  ; clk         ; 0.000        ; 0.071      ; 1.613      ;
; 1.353 ; uart_rx:uart0|baud_counter[11] ; uart_rx:uart0|baud_counter[11] ; clk                  ; clk         ; 0.000        ; 0.071      ; 1.619      ;
; 1.358 ; uart_rx:uart0|baud_counter[9]  ; uart_rx:uart0|baud_counter[9]  ; clk                  ; clk         ; 0.000        ; 0.072      ; 1.625      ;
; 1.358 ; uart_rx:uart0|state[0]         ; uart_rx:uart0|state[3]         ; clk                  ; clk         ; 0.000        ; 0.072      ; 1.625      ;
; 1.360 ; uart_rx:uart0|baud_counter[1]  ; uart_rx:uart0|baud_counter[1]  ; clk                  ; clk         ; 0.000        ; 0.071      ; 1.626      ;
; 1.362 ; uart_rx:uart0|ck_uart          ; uart_rx:uart0|baud_counter[11] ; clk                  ; clk         ; 0.000        ; 0.074      ; 1.631      ;
; 1.366 ; uart_rx:uart0|baud_counter[8]  ; uart_rx:uart0|baud_counter[8]  ; clk                  ; clk         ; 0.000        ; 0.072      ; 1.633      ;
; 1.375 ; uart_rx:uart0|baud_counter[10] ; uart_rx:uart0|baud_counter[10] ; clk                  ; clk         ; 0.000        ; 0.071      ; 1.641      ;
; 1.385 ; uart_rx:uart0|baud_counter[5]  ; uart_rx:uart0|baud_counter[5]  ; clk                  ; clk         ; 0.000        ; 0.071      ; 1.651      ;
; 1.392 ; uart_rx:uart0|baud_counter[14] ; uart_rx:uart0|baud_counter[14] ; clk                  ; clk         ; 0.000        ; 0.071      ; 1.658      ;
; 1.396 ; uart_rx:uart0|baud_counter[12] ; uart_rx:uart0|baud_counter[12] ; clk                  ; clk         ; 0.000        ; 0.071      ; 1.662      ;
; 1.410 ; btn_up1                        ; btn_up1                        ; clk                  ; clk         ; 0.000        ; 0.072      ; 1.677      ;
; 1.413 ; uart_rx:uart0|state[3]         ; uart_rx:uart0|state[2]         ; clk                  ; clk         ; 0.000        ; 0.540      ; 2.148      ;
; 1.425 ; uart_rx:uart0|ck_uart          ; uart_rx:uart0|baud_counter[1]  ; clk                  ; clk         ; 0.000        ; 0.074      ; 1.694      ;
; 1.426 ; uart_rx:uart0|ck_uart          ; uart_rx:uart0|baud_counter[9]  ; clk                  ; clk         ; 0.000        ; 0.073      ; 1.694      ;
; 1.427 ; uart_rx:uart0|ck_uart          ; uart_rx:uart0|state[0]         ; clk                  ; clk         ; 0.000        ; 0.073      ; 1.695      ;
; 1.428 ; uart_rx:uart0|ck_uart          ; uart_rx:uart0|baud_counter[12] ; clk                  ; clk         ; 0.000        ; 0.074      ; 1.697      ;
; 1.429 ; uart_rx:uart0|ck_uart          ; uart_rx:uart0|baud_counter[7]  ; clk                  ; clk         ; 0.000        ; 0.073      ; 1.697      ;
; 1.429 ; uart_rx:uart0|ck_uart          ; uart_rx:uart0|baud_counter[10] ; clk                  ; clk         ; 0.000        ; 0.074      ; 1.698      ;
; 1.430 ; uart_rx:uart0|ck_uart          ; uart_rx:uart0|baud_counter[0]  ; clk                  ; clk         ; 0.000        ; 0.074      ; 1.699      ;
; 1.452 ; uart_rx:uart0|o_data[5]        ; btn_up1                        ; clk                  ; clk         ; 0.000        ; 0.073      ; 1.720      ;
; 1.454 ; uart_rx:uart0|state[0]         ; uart_rx:uart0|baud_counter[6]  ; clk                  ; clk         ; 0.000        ; 0.072      ; 1.721      ;
; 1.459 ; pll25mhz:mi_pll|r_c0           ; pll25mhz:mi_pll|r_c0           ; pll25mhz:mi_pll|r_c0 ; clk         ; -0.500       ; 2.391      ; 3.815      ;
; 1.466 ; uart_rx:uart0|state[3]         ; uart_rx:uart0|o_wr             ; clk                  ; clk         ; 0.000        ; 0.072      ; 1.733      ;
; 1.470 ; uart_rx:uart0|state[3]         ; uart_rx:uart0|baud_counter[11] ; clk                  ; clk         ; 0.000        ; 0.073      ; 1.738      ;
; 1.485 ; uart_rx:uart0|state[3]         ; uart_rx:uart0|baud_counter[8]  ; clk                  ; clk         ; 0.000        ; 0.072      ; 1.752      ;
; 1.485 ; uart_rx:uart0|state[3]         ; uart_rx:uart0|baud_counter[9]  ; clk                  ; clk         ; 0.000        ; 0.072      ; 1.752      ;
; 1.486 ; uart_rx:uart0|state[3]         ; uart_rx:uart0|state[0]         ; clk                  ; clk         ; 0.000        ; 0.072      ; 1.753      ;
; 1.486 ; uart_rx:uart0|o_data[7]        ; btn_up2                        ; clk                  ; clk         ; 0.000        ; 0.072      ; 1.753      ;
; 1.488 ; uart_rx:uart0|state[3]         ; uart_rx:uart0|baud_counter[7]  ; clk                  ; clk         ; 0.000        ; 0.072      ; 1.755      ;
; 1.488 ; uart_rx:uart0|o_data[7]        ; btn_down2                      ; clk                  ; clk         ; 0.000        ; 0.072      ; 1.755      ;
; 1.495 ; uart_rx:uart0|o_data[2]        ; btn_up1                        ; clk                  ; clk         ; 0.000        ; 0.073      ; 1.763      ;
; 1.497 ; uart_rx:uart0|state[3]         ; uart_rx:uart0|baud_counter[4]  ; clk                  ; clk         ; 0.000        ; 0.073      ; 1.765      ;
; 1.498 ; uart_rx:uart0|baud_counter[3]  ; uart_rx:uart0|baud_counter[3]  ; clk                  ; clk         ; 0.000        ; 0.071      ; 1.764      ;
; 1.499 ; uart_rx:uart0|state[0]         ; uart_rx:uart0|o_wr             ; clk                  ; clk         ; 0.000        ; 0.072      ; 1.766      ;
; 1.525 ; uart_rx:uart0|o_data[5]        ; btn_down1                      ; clk                  ; clk         ; 0.000        ; 0.072      ; 1.792      ;
; 1.525 ; uart_rx:uart0|state[3]         ; uart_rx:uart0|baud_counter[15] ; clk                  ; clk         ; 0.000        ; 0.073      ; 1.793      ;
; 1.527 ; uart_rx:uart0|state[3]         ; uart_rx:uart0|baud_counter[5]  ; clk                  ; clk         ; 0.000        ; 0.073      ; 1.795      ;
; 1.527 ; uart_rx:uart0|state[3]         ; uart_rx:uart0|baud_counter[14] ; clk                  ; clk         ; 0.000        ; 0.073      ; 1.795      ;
; 1.527 ; uart_rx:uart0|baud_counter[7]  ; uart_rx:uart0|baud_counter[7]  ; clk                  ; clk         ; 0.000        ; 0.072      ; 1.794      ;
; 1.528 ; uart_rx:uart0|baud_counter[2]  ; uart_rx:uart0|baud_counter[2]  ; clk                  ; clk         ; 0.000        ; 0.071      ; 1.794      ;
; 1.532 ; uart_rx:uart0|state[1]         ; uart_rx:uart0|baud_counter[1]  ; clk                  ; clk         ; 0.000        ; 0.073      ; 1.800      ;
; 1.534 ; uart_rx:uart0|state[1]         ; uart_rx:uart0|baud_counter[12] ; clk                  ; clk         ; 0.000        ; 0.073      ; 1.802      ;
; 1.536 ; uart_rx:uart0|state[1]         ; uart_rx:uart0|baud_counter[10] ; clk                  ; clk         ; 0.000        ; 0.073      ; 1.804      ;
; 1.537 ; uart_rx:uart0|state[1]         ; uart_rx:uart0|baud_counter[0]  ; clk                  ; clk         ; 0.000        ; 0.073      ; 1.805      ;
; 1.546 ; uart_rx:uart0|state[1]         ; uart_rx:uart0|baud_counter[4]  ; clk                  ; clk         ; 0.000        ; 0.073      ; 1.814      ;
; 1.553 ; uart_rx:uart0|o_wr             ; btn_up2                        ; clk                  ; clk         ; 0.000        ; 0.069      ; 1.817      ;
; 1.553 ; uart_rx:uart0|o_wr             ; btn_down2                      ; clk                  ; clk         ; 0.000        ; 0.069      ; 1.817      ;
; 1.553 ; uart_rx:uart0|o_wr             ; btn_down1                      ; clk                  ; clk         ; 0.000        ; 0.069      ; 1.817      ;
; 1.562 ; uart_rx:uart0|baud_counter[13] ; uart_rx:uart0|baud_counter[13] ; clk                  ; clk         ; 0.000        ; 0.071      ; 1.828      ;
; 1.573 ; uart_rx:uart0|baud_counter[6]  ; uart_rx:uart0|baud_counter[6]  ; clk                  ; clk         ; 0.000        ; 0.072      ; 1.840      ;
; 1.578 ; uart_rx:uart0|state[1]         ; uart_rx:uart0|baud_counter[2]  ; clk                  ; clk         ; 0.000        ; 0.073      ; 1.846      ;
; 1.625 ; uart_rx:uart0|baud_counter[0]  ; uart_rx:uart0|baud_counter[0]  ; clk                  ; clk         ; 0.000        ; 0.071      ; 1.891      ;
; 1.635 ; uart_rx:uart0|o_data[7]        ; btn_up1                        ; clk                  ; clk         ; 0.000        ; 0.073      ; 1.903      ;
+-------+--------------------------------+--------------------------------+----------------------+-------------+--------------+------------+------------+


+----------------------------------------------------------------------------------------------------------------------------------------------------------------------+
; Slow 1200mV 0C Model Hold: 'pll25mhz:mi_pll|r_c0'                                                                                                                    ;
+-------+-----------------------------------+-----------------------------------+----------------------+----------------------+--------------+------------+------------+
; Slack ; From Node                         ; To Node                           ; Launch Clock         ; Latch Clock          ; Relationship ; Clock Skew ; Data Delay ;
+-------+-----------------------------------+-----------------------------------+----------------------+----------------------+--------------+------------+------------+
; 0.401 ; pulsecounter:cuenta_j1|count_o[1] ; pulsecounter:cuenta_j1|count_o[1] ; pll25mhz:mi_pll|r_c0 ; pll25mhz:mi_pll|r_c0 ; 0.000        ; 0.073      ; 0.669      ;
; 0.401 ; pulsecounter:cuenta_j1|count_o[2] ; pulsecounter:cuenta_j1|count_o[2] ; pll25mhz:mi_pll|r_c0 ; pll25mhz:mi_pll|r_c0 ; 0.000        ; 0.073      ; 0.669      ;
; 0.401 ; pulsecounter:cuenta_j1|count_o[3] ; pulsecounter:cuenta_j1|count_o[3] ; pll25mhz:mi_pll|r_c0 ; pll25mhz:mi_pll|r_c0 ; 0.000        ; 0.073      ; 0.669      ;
; 0.402 ; pulsecounter:cuenta_j2|count_o[3] ; pulsecounter:cuenta_j2|count_o[3] ; pll25mhz:mi_pll|r_c0 ; pll25mhz:mi_pll|r_c0 ; 0.000        ; 0.072      ; 0.669      ;
; 0.402 ; pulsecounter:cuenta_j2|count_o[2] ; pulsecounter:cuenta_j2|count_o[2] ; pll25mhz:mi_pll|r_c0 ; pll25mhz:mi_pll|r_c0 ; 0.000        ; 0.072      ; 0.669      ;
; 0.402 ; pulsecounter:cuenta_j2|count_o[1] ; pulsecounter:cuenta_j2|count_o[1] ; pll25mhz:mi_pll|r_c0 ; pll25mhz:mi_pll|r_c0 ; 0.000        ; 0.072      ; 0.669      ;
; 0.416 ; pulsecounter:cuenta_j1|count_o[0] ; pulsecounter:cuenta_j1|count_o[0] ; pll25mhz:mi_pll|r_c0 ; pll25mhz:mi_pll|r_c0 ; 0.000        ; 0.073      ; 0.684      ;
; 0.417 ; pulsecounter:cuenta_j2|count_o[0] ; pulsecounter:cuenta_j2|count_o[0] ; pll25mhz:mi_pll|r_c0 ; pll25mhz:mi_pll|r_c0 ; 0.000        ; 0.072      ; 0.684      ;
; 0.469 ; ballhitbox:pelota|pausa_count[24] ; ballhitbox:pelota|pausa_count[24] ; pll25mhz:mi_pll|r_c0 ; pll25mhz:mi_pll|r_c0 ; 0.000        ; 0.073      ; 0.737      ;
; 0.470 ; ballhitbox:pelota|speed_cnt[21]   ; ballhitbox:pelota|speed_cnt[21]   ; pll25mhz:mi_pll|r_c0 ; pll25mhz:mi_pll|r_c0 ; 0.000        ; 0.072      ; 0.737      ;
; 0.478 ; pulsecounter:cuenta_j1|count_o[3] ; pulsecounter:cuenta_j1|count_o[1] ; pll25mhz:mi_pll|r_c0 ; pll25mhz:mi_pll|r_c0 ; 0.000        ; 0.073      ; 0.746      ;
; 0.480 ; pulsecounter:cuenta_j2|count_o[2] ; pulsecounter:cuenta_j2|count_o[3] ; pll25mhz:mi_pll|r_c0 ; pll25mhz:mi_pll|r_c0 ; 0.000        ; 0.072      ; 0.747      ;
; 0.484 ; pad:raqueta_izq|pady_o[9]         ; pad:raqueta_izq|pady_o[9]         ; pll25mhz:mi_pll|r_c0 ; pll25mhz:mi_pll|r_c0 ; 0.000        ; 0.072      ; 0.751      ;
; 0.484 ; pulsecounter:cuenta_j1|count_o[1] ; pulsecounter:cuenta_j1|count_o[2] ; pll25mhz:mi_pll|r_c0 ; pll25mhz:mi_pll|r_c0 ; 0.000        ; 0.073      ; 0.752      ;
; 0.484 ; pulsecounter:cuenta_j1|count_o[1] ; pulsecounter:cuenta_j1|count_o[3] ; pll25mhz:mi_pll|r_c0 ; pll25mhz:mi_pll|r_c0 ; 0.000        ; 0.073      ; 0.752      ;
; 0.486 ; pulsecounter:cuenta_j2|count_o[0] ; pulsecounter:cuenta_j2|count_o[1] ; pll25mhz:mi_pll|r_c0 ; pll25mhz:mi_pll|r_c0 ; 0.000        ; 0.072      ; 0.753      ;
; 0.538 ; vga:vga_principal|pixelx_o[8]     ; flipflop:flip_hsync|dato_o        ; pll25mhz:mi_pll|r_c0 ; pll25mhz:mi_pll|r_c0 ; 0.000        ; 0.072      ; 0.805      ;
; 0.690 ; ballhitbox:pelota|pausa_count[7]  ; ballhitbox:pelota|pausa_count[7]  ; pll25mhz:mi_pll|r_c0 ; pll25mhz:mi_pll|r_c0 ; 0.000        ; 0.073      ; 0.958      ;
; 0.690 ; ballhitbox:pelota|pausa_count[9]  ; ballhitbox:pelota|pausa_count[9]  ; pll25mhz:mi_pll|r_c0 ; pll25mhz:mi_pll|r_c0 ; 0.000        ; 0.073      ; 0.958      ;
; 0.690 ; ballhitbox:pelota|pausa_count[11] ; ballhitbox:pelota|pausa_count[11] ; pll25mhz:mi_pll|r_c0 ; pll25mhz:mi_pll|r_c0 ; 0.000        ; 0.073      ; 0.958      ;
; 0.690 ; pad:raqueta_der|contador[13]      ; pad:raqueta_der|contador[13]      ; pll25mhz:mi_pll|r_c0 ; pll25mhz:mi_pll|r_c0 ; 0.000        ; 0.072      ; 0.957      ;
; 0.690 ; pad:raqueta_der|contador[7]       ; pad:raqueta_der|contador[7]       ; pll25mhz:mi_pll|r_c0 ; pll25mhz:mi_pll|r_c0 ; 0.000        ; 0.073      ; 0.958      ;
; 0.690 ; pad:raqueta_der|contador[5]       ; pad:raqueta_der|contador[5]       ; pll25mhz:mi_pll|r_c0 ; pll25mhz:mi_pll|r_c0 ; 0.000        ; 0.073      ; 0.958      ;
; 0.691 ; ballhitbox:pelota|pausa_count[17] ; ballhitbox:pelota|pausa_count[17] ; pll25mhz:mi_pll|r_c0 ; pll25mhz:mi_pll|r_c0 ; 0.000        ; 0.073      ; 0.959      ;
; 0.691 ; ballhitbox:pelota|pausa_count[15] ; ballhitbox:pelota|pausa_count[15] ; pll25mhz:mi_pll|r_c0 ; pll25mhz:mi_pll|r_c0 ; 0.000        ; 0.073      ; 0.959      ;
; 0.692 ; ballhitbox:pelota|pausa_count[1]  ; ballhitbox:pelota|pausa_count[1]  ; pll25mhz:mi_pll|r_c0 ; pll25mhz:mi_pll|r_c0 ; 0.000        ; 0.073      ; 0.960      ;
; 0.692 ; ballhitbox:pelota|pausa_count[2]  ; ballhitbox:pelota|pausa_count[2]  ; pll25mhz:mi_pll|r_c0 ; pll25mhz:mi_pll|r_c0 ; 0.000        ; 0.073      ; 0.960      ;
; 0.692 ; ballhitbox:pelota|pausa_count[13] ; ballhitbox:pelota|pausa_count[13] ; pll25mhz:mi_pll|r_c0 ; pll25mhz:mi_pll|r_c0 ; 0.000        ; 0.073      ; 0.960      ;
; 0.692 ; ballhitbox:pelota|speed_cnt[9]    ; ballhitbox:pelota|speed_cnt[9]    ; pll25mhz:mi_pll|r_c0 ; pll25mhz:mi_pll|r_c0 ; 0.000        ; 0.072      ; 0.959      ;
; 0.693 ; ballhitbox:pelota|pausa_count[5]  ; ballhitbox:pelota|pausa_count[5]  ; pll25mhz:mi_pll|r_c0 ; pll25mhz:mi_pll|r_c0 ; 0.000        ; 0.073      ; 0.961      ;
; 0.693 ; pad:raqueta_der|contador[15]      ; pad:raqueta_der|contador[15]      ; pll25mhz:mi_pll|r_c0 ; pll25mhz:mi_pll|r_c0 ; 0.000        ; 0.072      ; 0.960      ;
; 0.693 ; pad:raqueta_der|contador[11]      ; pad:raqueta_der|contador[11]      ; pll25mhz:mi_pll|r_c0 ; pll25mhz:mi_pll|r_c0 ; 0.000        ; 0.072      ; 0.960      ;
; 0.694 ; ballhitbox:pelota|pausa_count[3]  ; ballhitbox:pelota|pausa_count[3]  ; pll25mhz:mi_pll|r_c0 ; pll25mhz:mi_pll|r_c0 ; 0.000        ; 0.073      ; 0.962      ;
; 0.694 ; ballhitbox:pelota|pausa_count[10] ; ballhitbox:pelota|pausa_count[10] ; pll25mhz:mi_pll|r_c0 ; pll25mhz:mi_pll|r_c0 ; 0.000        ; 0.073      ; 0.962      ;
; 0.694 ; ballhitbox:pelota|pausa_count[12] ; ballhitbox:pelota|pausa_count[12] ; pll25mhz:mi_pll|r_c0 ; pll25mhz:mi_pll|r_c0 ; 0.000        ; 0.073      ; 0.962      ;
; 0.694 ; ballhitbox:pelota|speed_cnt[7]    ; ballhitbox:pelota|speed_cnt[7]    ; pll25mhz:mi_pll|r_c0 ; pll25mhz:mi_pll|r_c0 ; 0.000        ; 0.072      ; 0.961      ;
; 0.694 ; ballhitbox:pelota|speed_cnt[6]    ; ballhitbox:pelota|speed_cnt[6]    ; pll25mhz:mi_pll|r_c0 ; pll25mhz:mi_pll|r_c0 ; 0.000        ; 0.072      ; 0.961      ;
; 0.694 ; ballhitbox:pelota|speed_cnt[3]    ; ballhitbox:pelota|speed_cnt[3]    ; pll25mhz:mi_pll|r_c0 ; pll25mhz:mi_pll|r_c0 ; 0.000        ; 0.072      ; 0.961      ;
; 0.694 ; pad:raqueta_der|contador[1]       ; pad:raqueta_der|contador[1]       ; pll25mhz:mi_pll|r_c0 ; pll25mhz:mi_pll|r_c0 ; 0.000        ; 0.073      ; 0.962      ;
; 0.695 ; ballhitbox:pelota|pausa_count[19] ; ballhitbox:pelota|pausa_count[19] ; pll25mhz:mi_pll|r_c0 ; pll25mhz:mi_pll|r_c0 ; 0.000        ; 0.073      ; 0.963      ;
; 0.695 ; ballhitbox:pelota|pausa_count[18] ; ballhitbox:pelota|pausa_count[18] ; pll25mhz:mi_pll|r_c0 ; pll25mhz:mi_pll|r_c0 ; 0.000        ; 0.073      ; 0.963      ;
; 0.695 ; pad:raqueta_der|contador[10]      ; pad:raqueta_der|contador[10]      ; pll25mhz:mi_pll|r_c0 ; pll25mhz:mi_pll|r_c0 ; 0.000        ; 0.072      ; 0.962      ;
; 0.695 ; pad:raqueta_der|contador[8]       ; pad:raqueta_der|contador[8]       ; pll25mhz:mi_pll|r_c0 ; pll25mhz:mi_pll|r_c0 ; 0.000        ; 0.073      ; 0.963      ;
; 0.695 ; pad:raqueta_der|contador[4]       ; pad:raqueta_der|contador[4]       ; pll25mhz:mi_pll|r_c0 ; pll25mhz:mi_pll|r_c0 ; 0.000        ; 0.073      ; 0.963      ;
; 0.696 ; ballhitbox:pelota|pausa_count[8]  ; ballhitbox:pelota|pausa_count[8]  ; pll25mhz:mi_pll|r_c0 ; pll25mhz:mi_pll|r_c0 ; 0.000        ; 0.073      ; 0.964      ;
; 0.696 ; ballhitbox:pelota|pausa_count[14] ; ballhitbox:pelota|pausa_count[14] ; pll25mhz:mi_pll|r_c0 ; pll25mhz:mi_pll|r_c0 ; 0.000        ; 0.073      ; 0.964      ;
; 0.696 ; ballhitbox:pelota|pausa_count[21] ; ballhitbox:pelota|pausa_count[21] ; pll25mhz:mi_pll|r_c0 ; pll25mhz:mi_pll|r_c0 ; 0.000        ; 0.073      ; 0.964      ;
; 0.696 ; ballhitbox:pelota|speed_cnt[19]   ; ballhitbox:pelota|speed_cnt[19]   ; pll25mhz:mi_pll|r_c0 ; pll25mhz:mi_pll|r_c0 ; 0.000        ; 0.072      ; 0.963      ;
; 0.696 ; pad:raqueta_der|contador[12]      ; pad:raqueta_der|contador[12]      ; pll25mhz:mi_pll|r_c0 ; pll25mhz:mi_pll|r_c0 ; 0.000        ; 0.072      ; 0.963      ;
; 0.697 ; ballhitbox:pelota|pausa_count[6]  ; ballhitbox:pelota|pausa_count[6]  ; pll25mhz:mi_pll|r_c0 ; pll25mhz:mi_pll|r_c0 ; 0.000        ; 0.073      ; 0.965      ;
; 0.697 ; ballhitbox:pelota|pausa_count[16] ; ballhitbox:pelota|pausa_count[16] ; pll25mhz:mi_pll|r_c0 ; pll25mhz:mi_pll|r_c0 ; 0.000        ; 0.073      ; 0.965      ;
; 0.697 ; pad:raqueta_der|contador[2]       ; pad:raqueta_der|contador[2]       ; pll25mhz:mi_pll|r_c0 ; pll25mhz:mi_pll|r_c0 ; 0.000        ; 0.073      ; 0.965      ;
; 0.698 ; ballhitbox:pelota|pausa_count[20] ; ballhitbox:pelota|pausa_count[20] ; pll25mhz:mi_pll|r_c0 ; pll25mhz:mi_pll|r_c0 ; 0.000        ; 0.073      ; 0.966      ;
; 0.698 ; ballhitbox:pelota|speed_cnt[4]    ; ballhitbox:pelota|speed_cnt[4]    ; pll25mhz:mi_pll|r_c0 ; pll25mhz:mi_pll|r_c0 ; 0.000        ; 0.072      ; 0.965      ;
; 0.700 ; ballhitbox:pelota|speed_cnt[20]   ; ballhitbox:pelota|speed_cnt[20]   ; pll25mhz:mi_pll|r_c0 ; pll25mhz:mi_pll|r_c0 ; 0.000        ; 0.072      ; 0.967      ;
; 0.705 ; ballhitbox:pelota|speed_cnt[1]    ; ballhitbox:pelota|speed_cnt[1]    ; pll25mhz:mi_pll|r_c0 ; pll25mhz:mi_pll|r_c0 ; 0.000        ; 0.072      ; 0.972      ;
; 0.706 ; ballhitbox:pelota|pausa_count[23] ; ballhitbox:pelota|pausa_count[23] ; pll25mhz:mi_pll|r_c0 ; pll25mhz:mi_pll|r_c0 ; 0.000        ; 0.073      ; 0.974      ;
; 0.706 ; ballhitbox:pelota|speed_cnt[10]   ; ballhitbox:pelota|speed_cnt[10]   ; pll25mhz:mi_pll|r_c0 ; pll25mhz:mi_pll|r_c0 ; 0.000        ; 0.072      ; 0.973      ;
; 0.707 ; ballhitbox:pelota|speed_cnt[11]   ; ballhitbox:pelota|speed_cnt[11]   ; pll25mhz:mi_pll|r_c0 ; pll25mhz:mi_pll|r_c0 ; 0.000        ; 0.072      ; 0.974      ;
; 0.707 ; pad:raqueta_der|contador[3]       ; pad:raqueta_der|contador[3]       ; pll25mhz:mi_pll|r_c0 ; pll25mhz:mi_pll|r_c0 ; 0.000        ; 0.073      ; 0.975      ;
; 0.708 ; ballhitbox:pelota|speed_cnt[14]   ; ballhitbox:pelota|speed_cnt[14]   ; pll25mhz:mi_pll|r_c0 ; pll25mhz:mi_pll|r_c0 ; 0.000        ; 0.072      ; 0.975      ;
; 0.710 ; ballhitbox:pelota|speed_cnt[12]   ; ballhitbox:pelota|speed_cnt[12]   ; pll25mhz:mi_pll|r_c0 ; pll25mhz:mi_pll|r_c0 ; 0.000        ; 0.072      ; 0.977      ;
; 0.711 ; ballhitbox:pelota|pausa_count[4]  ; ballhitbox:pelota|pausa_count[4]  ; pll25mhz:mi_pll|r_c0 ; pll25mhz:mi_pll|r_c0 ; 0.000        ; 0.073      ; 0.979      ;
; 0.711 ; ballhitbox:pelota|speed_cnt[2]    ; ballhitbox:pelota|speed_cnt[2]    ; pll25mhz:mi_pll|r_c0 ; pll25mhz:mi_pll|r_c0 ; 0.000        ; 0.072      ; 0.978      ;
; 0.712 ; ballhitbox:pelota|pausa_count[22] ; ballhitbox:pelota|pausa_count[22] ; pll25mhz:mi_pll|r_c0 ; pll25mhz:mi_pll|r_c0 ; 0.000        ; 0.073      ; 0.980      ;
; 0.712 ; ballhitbox:pelota|ballx_o[7]      ; ballhitbox:pelota|ballx_o[7]      ; pll25mhz:mi_pll|r_c0 ; pll25mhz:mi_pll|r_c0 ; 0.000        ; 0.074      ; 0.981      ;
; 0.713 ; ballhitbox:pelota|ballx_o[9]      ; ballhitbox:pelota|ballx_o[9]      ; pll25mhz:mi_pll|r_c0 ; pll25mhz:mi_pll|r_c0 ; 0.000        ; 0.074      ; 0.982      ;
; 0.715 ; pad:raqueta_izq|pady_o[6]         ; pad:raqueta_izq|pady_o[6]         ; pll25mhz:mi_pll|r_c0 ; pll25mhz:mi_pll|r_c0 ; 0.000        ; 0.072      ; 0.982      ;
; 0.716 ; ballhitbox:pelota|ballx_o[8]      ; ballhitbox:pelota|ballx_o[8]      ; pll25mhz:mi_pll|r_c0 ; pll25mhz:mi_pll|r_c0 ; 0.000        ; 0.074      ; 0.985      ;
; 0.717 ; pulsecounter:cuenta_j2|count_o[2] ; pulsecounter:cuenta_j2|count_o[1] ; pll25mhz:mi_pll|r_c0 ; pll25mhz:mi_pll|r_c0 ; 0.000        ; 0.072      ; 0.984      ;
; 0.718 ; ballhitbox:pelota|ballx_o[6]      ; ballhitbox:pelota|ballx_o[6]      ; pll25mhz:mi_pll|r_c0 ; pll25mhz:mi_pll|r_c0 ; 0.000        ; 0.074      ; 0.987      ;
; 0.718 ; pulsecounter:cuenta_j2|count_o[1] ; pulsecounter:cuenta_j2|count_o[3] ; pll25mhz:mi_pll|r_c0 ; pll25mhz:mi_pll|r_c0 ; 0.000        ; 0.072      ; 0.985      ;
; 0.719 ; pulsecounter:cuenta_j1|count_o[0] ; pulsecounter:cuenta_j1|count_o[3] ; pll25mhz:mi_pll|r_c0 ; pll25mhz:mi_pll|r_c0 ; 0.000        ; 0.073      ; 0.987      ;
; 0.719 ; pulsecounter:cuenta_j2|count_o[1] ; pulsecounter:cuenta_j2|count_o[2] ; pll25mhz:mi_pll|r_c0 ; pll25mhz:mi_pll|r_c0 ; 0.000        ; 0.072      ; 0.986      ;
; 0.720 ; pulsecounter:cuenta_j1|count_o[0] ; pulsecounter:cuenta_j1|count_o[1] ; pll25mhz:mi_pll|r_c0 ; pll25mhz:mi_pll|r_c0 ; 0.000        ; 0.073      ; 0.988      ;
; 0.721 ; ballhitbox:pelota|pausa_count[0]  ; ballhitbox:pelota|pausa_count[0]  ; pll25mhz:mi_pll|r_c0 ; pll25mhz:mi_pll|r_c0 ; 0.000        ; 0.073      ; 0.989      ;
; 0.721 ; pad:raqueta_der|pady_o[8]         ; pad:raqueta_der|pady_o[8]         ; pll25mhz:mi_pll|r_c0 ; pll25mhz:mi_pll|r_c0 ; 0.000        ; 0.072      ; 0.988      ;
; 0.723 ; pulsecounter:cuenta_j1|count_o[2] ; pulsecounter:cuenta_j1|count_o[3] ; pll25mhz:mi_pll|r_c0 ; pll25mhz:mi_pll|r_c0 ; 0.000        ; 0.073      ; 0.991      ;
; 0.724 ; ballhitbox:pelota|ballx_o[2]      ; ballhitbox:pelota|ballx_o[2]      ; pll25mhz:mi_pll|r_c0 ; pll25mhz:mi_pll|r_c0 ; 0.000        ; 0.074      ; 0.993      ;
; 0.724 ; pad:raqueta_der|pady_o[7]         ; pad:raqueta_der|pady_o[7]         ; pll25mhz:mi_pll|r_c0 ; pll25mhz:mi_pll|r_c0 ; 0.000        ; 0.072      ; 0.991      ;
; 0.724 ; pulsecounter:cuenta_j1|count_o[2] ; pulsecounter:cuenta_j1|count_o[1] ; pll25mhz:mi_pll|r_c0 ; pll25mhz:mi_pll|r_c0 ; 0.000        ; 0.073      ; 0.992      ;
; 0.725 ; pad:raqueta_der|pady_o[9]         ; pad:raqueta_der|pady_o[9]         ; pll25mhz:mi_pll|r_c0 ; pll25mhz:mi_pll|r_c0 ; 0.000        ; 0.072      ; 0.992      ;
; 0.727 ; pulsecounter:cuenta_j2|count_o[0] ; pulsecounter:cuenta_j2|count_o[3] ; pll25mhz:mi_pll|r_c0 ; pll25mhz:mi_pll|r_c0 ; 0.000        ; 0.072      ; 0.994      ;
; 0.728 ; pulsecounter:cuenta_j2|count_o[0] ; pulsecounter:cuenta_j2|count_o[2] ; pll25mhz:mi_pll|r_c0 ; pll25mhz:mi_pll|r_c0 ; 0.000        ; 0.072      ; 0.995      ;
; 0.734 ; pad:raqueta_der|pady_o[2]         ; pad:raqueta_der|pady_o[2]         ; pll25mhz:mi_pll|r_c0 ; pll25mhz:mi_pll|r_c0 ; 0.000        ; 0.072      ; 1.001      ;
; 0.735 ; pad:raqueta_izq|pady_o[1]         ; pad:raqueta_izq|pady_o[1]         ; pll25mhz:mi_pll|r_c0 ; pll25mhz:mi_pll|r_c0 ; 0.000        ; 0.072      ; 1.002      ;
; 0.736 ; vga:vga_principal|pixely_o[7]     ; vga:vga_principal|pixely_o[7]     ; pll25mhz:mi_pll|r_c0 ; pll25mhz:mi_pll|r_c0 ; 0.000        ; 0.072      ; 1.003      ;
; 0.736 ; vga:vga_principal|pixelx_o[7]     ; vga:vga_principal|pixelx_o[7]     ; pll25mhz:mi_pll|r_c0 ; pll25mhz:mi_pll|r_c0 ; 0.000        ; 0.073      ; 1.004      ;
; 0.737 ; vga:vga_principal|pixely_o[8]     ; vga:vga_principal|pixely_o[8]     ; pll25mhz:mi_pll|r_c0 ; pll25mhz:mi_pll|r_c0 ; 0.000        ; 0.072      ; 1.004      ;
; 0.737 ; vga:vga_principal|pixely_o[5]     ; vga:vga_principal|pixely_o[5]     ; pll25mhz:mi_pll|r_c0 ; pll25mhz:mi_pll|r_c0 ; 0.000        ; 0.072      ; 1.004      ;
; 0.738 ; ballhitbox:pelota|ballx_o[5]      ; ballhitbox:pelota|ballx_o[5]      ; pll25mhz:mi_pll|r_c0 ; pll25mhz:mi_pll|r_c0 ; 0.000        ; 0.074      ; 1.007      ;
; 0.738 ; pad:raqueta_izq|pady_o[4]         ; pad:raqueta_izq|pady_o[4]         ; pll25mhz:mi_pll|r_c0 ; pll25mhz:mi_pll|r_c0 ; 0.000        ; 0.072      ; 1.005      ;
; 0.739 ; pad:raqueta_izq|pady_o[5]         ; pad:raqueta_izq|pady_o[5]         ; pll25mhz:mi_pll|r_c0 ; pll25mhz:mi_pll|r_c0 ; 0.000        ; 0.072      ; 1.006      ;
; 0.739 ; pulsecounter:cuenta_j2|count_o[3] ; pulsecounter:cuenta_j2|count_o[1] ; pll25mhz:mi_pll|r_c0 ; pll25mhz:mi_pll|r_c0 ; 0.000        ; 0.072      ; 1.006      ;
; 0.740 ; vga:vga_principal|pixelx_o[6]     ; vga:vga_principal|pixelx_o[6]     ; pll25mhz:mi_pll|r_c0 ; pll25mhz:mi_pll|r_c0 ; 0.000        ; 0.073      ; 1.008      ;
; 0.744 ; vga:vga_principal|pixelx_o[1]     ; vga:vga_principal|pixelx_o[1]     ; pll25mhz:mi_pll|r_c0 ; pll25mhz:mi_pll|r_c0 ; 0.000        ; 0.073      ; 1.012      ;
; 0.745 ; vga:vga_principal|pixely_o[1]     ; vga:vga_principal|pixely_o[1]     ; pll25mhz:mi_pll|r_c0 ; pll25mhz:mi_pll|r_c0 ; 0.000        ; 0.072      ; 1.012      ;
; 0.746 ; vga:vga_principal|pixely_o[6]     ; vga:vga_principal|pixely_o[6]     ; pll25mhz:mi_pll|r_c0 ; pll25mhz:mi_pll|r_c0 ; 0.000        ; 0.072      ; 1.013      ;
; 0.749 ; vga:vga_principal|pixelx_o[4]     ; vga:vga_principal|pixelx_o[4]     ; pll25mhz:mi_pll|r_c0 ; pll25mhz:mi_pll|r_c0 ; 0.000        ; 0.073      ; 1.017      ;
; 0.749 ; ballhitbox:pelota|vx[2]           ; ballhitbox:pelota|ballx_o[3]      ; pll25mhz:mi_pll|r_c0 ; pll25mhz:mi_pll|r_c0 ; 0.000        ; 0.074      ; 1.018      ;
+-------+-----------------------------------+-----------------------------------+----------------------+----------------------+--------------+------------+------------+


----------------------------------------------
; Slow 1200mV 0C Model Metastability Summary ;
----------------------------------------------
Design MTBF is not calculated because the design doesn't meet its timing requirements.



+-----------------------------------------------+
; Fast 1200mV 0C Model Setup Summary            ;
+----------------------+--------+---------------+
; Clock                ; Slack  ; End Point TNS ;
+----------------------+--------+---------------+
; pll25mhz:mi_pll|r_c0 ; -2.618 ; -135.410      ;
; clk                  ; -0.821 ; -17.545       ;
+----------------------+--------+---------------+


+----------------------------------------------+
; Fast 1200mV 0C Model Hold Summary            ;
+----------------------+-------+---------------+
; Clock                ; Slack ; End Point TNS ;
+----------------------+-------+---------------+
; clk                  ; 0.179 ; 0.000         ;
; pll25mhz:mi_pll|r_c0 ; 0.187 ; 0.000         ;
+----------------------+-------+---------------+


-----------------------------------------
; Fast 1200mV 0C Model Recovery Summary ;
-----------------------------------------
No paths to report.


----------------------------------------
; Fast 1200mV 0C Model Removal Summary ;
----------------------------------------
No paths to report.


+--------------------------------------------------+
; Fast 1200mV 0C Model Minimum Pulse Width Summary ;
+----------------------+--------+------------------+
; Clock                ; Slack  ; End Point TNS    ;
+----------------------+--------+------------------+
; clk                  ; -3.000 ; -41.365          ;
; pll25mhz:mi_pll|r_c0 ; -1.000 ; -143.000         ;
+----------------------+--------+------------------+


+--------------------------------------------------------------------------------------------------------------------------------------------------------+
; Fast 1200mV 0C Model Setup: 'pll25mhz:mi_pll|r_c0'                                                                                                     ;
+--------+-------------------------------+------------------------+----------------------+----------------------+--------------+------------+------------+
; Slack  ; From Node                     ; To Node                ; Launch Clock         ; Latch Clock          ; Relationship ; Clock Skew ; Data Delay ;
+--------+-------------------------------+------------------------+----------------------+----------------------+--------------+------------+------------+
; -2.618 ; vga:vga_principal|pixelx_o[3] ; flipflop:flip_r|dato_o ; pll25mhz:mi_pll|r_c0 ; pll25mhz:mi_pll|r_c0 ; 1.000        ; 0.134      ; 3.739      ;
; -2.618 ; vga:vga_principal|pixelx_o[3] ; flipflop:flip_g|dato_o ; pll25mhz:mi_pll|r_c0 ; pll25mhz:mi_pll|r_c0 ; 1.000        ; 0.134      ; 3.739      ;
; -2.595 ; vga:vga_principal|pixely_o[3] ; flipflop:flip_r|dato_o ; pll25mhz:mi_pll|r_c0 ; pll25mhz:mi_pll|r_c0 ; 1.000        ; 0.138      ; 3.720      ;
; -2.595 ; vga:vga_principal|pixely_o[3] ; flipflop:flip_g|dato_o ; pll25mhz:mi_pll|r_c0 ; pll25mhz:mi_pll|r_c0 ; 1.000        ; 0.138      ; 3.720      ;
; -2.573 ; vga:vga_principal|pixely_o[2] ; flipflop:flip_r|dato_o ; pll25mhz:mi_pll|r_c0 ; pll25mhz:mi_pll|r_c0 ; 1.000        ; 0.138      ; 3.698      ;
; -2.573 ; vga:vga_principal|pixely_o[2] ; flipflop:flip_g|dato_o ; pll25mhz:mi_pll|r_c0 ; pll25mhz:mi_pll|r_c0 ; 1.000        ; 0.138      ; 3.698      ;
; -2.535 ; vga:vga_principal|pixelx_o[2] ; flipflop:flip_r|dato_o ; pll25mhz:mi_pll|r_c0 ; pll25mhz:mi_pll|r_c0 ; 1.000        ; 0.134      ; 3.656      ;
; -2.535 ; vga:vga_principal|pixelx_o[2] ; flipflop:flip_g|dato_o ; pll25mhz:mi_pll|r_c0 ; pll25mhz:mi_pll|r_c0 ; 1.000        ; 0.134      ; 3.656      ;
; -2.495 ; vga:vga_principal|pixely_o[0] ; flipflop:flip_r|dato_o ; pll25mhz:mi_pll|r_c0 ; pll25mhz:mi_pll|r_c0 ; 1.000        ; 0.127      ; 3.609      ;
; -2.495 ; vga:vga_principal|pixely_o[0] ; flipflop:flip_g|dato_o ; pll25mhz:mi_pll|r_c0 ; pll25mhz:mi_pll|r_c0 ; 1.000        ; 0.127      ; 3.609      ;
; -2.494 ; vga:vga_principal|pixely_o[6] ; flipflop:flip_r|dato_o ; pll25mhz:mi_pll|r_c0 ; pll25mhz:mi_pll|r_c0 ; 1.000        ; 0.140      ; 3.621      ;
; -2.494 ; vga:vga_principal|pixely_o[6] ; flipflop:flip_g|dato_o ; pll25mhz:mi_pll|r_c0 ; pll25mhz:mi_pll|r_c0 ; 1.000        ; 0.140      ; 3.621      ;
; -2.466 ; vga:vga_principal|pixelx_o[4] ; flipflop:flip_r|dato_o ; pll25mhz:mi_pll|r_c0 ; pll25mhz:mi_pll|r_c0 ; 1.000        ; 0.134      ; 3.587      ;
; -2.466 ; vga:vga_principal|pixelx_o[4] ; flipflop:flip_g|dato_o ; pll25mhz:mi_pll|r_c0 ; pll25mhz:mi_pll|r_c0 ; 1.000        ; 0.134      ; 3.587      ;
; -2.462 ; vga:vga_principal|pixely_o[8] ; flipflop:flip_r|dato_o ; pll25mhz:mi_pll|r_c0 ; pll25mhz:mi_pll|r_c0 ; 1.000        ; 0.140      ; 3.589      ;
; -2.462 ; vga:vga_principal|pixely_o[8] ; flipflop:flip_g|dato_o ; pll25mhz:mi_pll|r_c0 ; pll25mhz:mi_pll|r_c0 ; 1.000        ; 0.140      ; 3.589      ;
; -2.450 ; vga:vga_principal|pixelx_o[8] ; flipflop:flip_r|dato_o ; pll25mhz:mi_pll|r_c0 ; pll25mhz:mi_pll|r_c0 ; 1.000        ; 0.148      ; 3.585      ;
; -2.450 ; vga:vga_principal|pixelx_o[8] ; flipflop:flip_g|dato_o ; pll25mhz:mi_pll|r_c0 ; pll25mhz:mi_pll|r_c0 ; 1.000        ; 0.148      ; 3.585      ;
; -2.392 ; vga:vga_principal|pixely_o[1] ; flipflop:flip_r|dato_o ; pll25mhz:mi_pll|r_c0 ; pll25mhz:mi_pll|r_c0 ; 1.000        ; 0.140      ; 3.519      ;
; -2.392 ; vga:vga_principal|pixely_o[1] ; flipflop:flip_g|dato_o ; pll25mhz:mi_pll|r_c0 ; pll25mhz:mi_pll|r_c0 ; 1.000        ; 0.140      ; 3.519      ;
; -2.380 ; vga:vga_principal|pixelx_o[5] ; flipflop:flip_r|dato_o ; pll25mhz:mi_pll|r_c0 ; pll25mhz:mi_pll|r_c0 ; 1.000        ; 0.148      ; 3.515      ;
; -2.380 ; vga:vga_principal|pixelx_o[5] ; flipflop:flip_g|dato_o ; pll25mhz:mi_pll|r_c0 ; pll25mhz:mi_pll|r_c0 ; 1.000        ; 0.148      ; 3.515      ;
; -2.375 ; vga:vga_principal|pixelx_o[3] ; flipflop:flip_b|dato_o ; pll25mhz:mi_pll|r_c0 ; pll25mhz:mi_pll|r_c0 ; 1.000        ; 0.134      ; 3.496      ;
; -2.372 ; vga:vga_principal|pixely_o[9] ; flipflop:flip_r|dato_o ; pll25mhz:mi_pll|r_c0 ; pll25mhz:mi_pll|r_c0 ; 1.000        ; 0.140      ; 3.499      ;
; -2.372 ; vga:vga_principal|pixely_o[9] ; flipflop:flip_g|dato_o ; pll25mhz:mi_pll|r_c0 ; pll25mhz:mi_pll|r_c0 ; 1.000        ; 0.140      ; 3.499      ;
; -2.371 ; vga:vga_principal|pixelx_o[1] ; flipflop:flip_r|dato_o ; pll25mhz:mi_pll|r_c0 ; pll25mhz:mi_pll|r_c0 ; 1.000        ; 0.134      ; 3.492      ;
; -2.371 ; vga:vga_principal|pixelx_o[1] ; flipflop:flip_g|dato_o ; pll25mhz:mi_pll|r_c0 ; pll25mhz:mi_pll|r_c0 ; 1.000        ; 0.134      ; 3.492      ;
; -2.367 ; pad:raqueta_der|pady_o[4]     ; flipflop:flip_r|dato_o ; pll25mhz:mi_pll|r_c0 ; pll25mhz:mi_pll|r_c0 ; 1.000        ; 0.143      ; 3.497      ;
; -2.367 ; pad:raqueta_der|pady_o[4]     ; flipflop:flip_g|dato_o ; pll25mhz:mi_pll|r_c0 ; pll25mhz:mi_pll|r_c0 ; 1.000        ; 0.143      ; 3.497      ;
; -2.364 ; vga:vga_principal|pixely_o[7] ; flipflop:flip_r|dato_o ; pll25mhz:mi_pll|r_c0 ; pll25mhz:mi_pll|r_c0 ; 1.000        ; 0.140      ; 3.491      ;
; -2.364 ; vga:vga_principal|pixely_o[7] ; flipflop:flip_g|dato_o ; pll25mhz:mi_pll|r_c0 ; pll25mhz:mi_pll|r_c0 ; 1.000        ; 0.140      ; 3.491      ;
; -2.352 ; vga:vga_principal|pixely_o[3] ; flipflop:flip_b|dato_o ; pll25mhz:mi_pll|r_c0 ; pll25mhz:mi_pll|r_c0 ; 1.000        ; 0.138      ; 3.477      ;
; -2.339 ; vga:vga_principal|pixely_o[5] ; flipflop:flip_r|dato_o ; pll25mhz:mi_pll|r_c0 ; pll25mhz:mi_pll|r_c0 ; 1.000        ; 0.140      ; 3.466      ;
; -2.339 ; vga:vga_principal|pixely_o[5] ; flipflop:flip_g|dato_o ; pll25mhz:mi_pll|r_c0 ; pll25mhz:mi_pll|r_c0 ; 1.000        ; 0.140      ; 3.466      ;
; -2.334 ; vga:vga_principal|pixelx_o[7] ; flipflop:flip_r|dato_o ; pll25mhz:mi_pll|r_c0 ; pll25mhz:mi_pll|r_c0 ; 1.000        ; 0.134      ; 3.455      ;
; -2.334 ; vga:vga_principal|pixelx_o[7] ; flipflop:flip_g|dato_o ; pll25mhz:mi_pll|r_c0 ; pll25mhz:mi_pll|r_c0 ; 1.000        ; 0.134      ; 3.455      ;
; -2.333 ; pad:raqueta_der|pady_o[6]     ; flipflop:flip_r|dato_o ; pll25mhz:mi_pll|r_c0 ; pll25mhz:mi_pll|r_c0 ; 1.000        ; 0.143      ; 3.463      ;
; -2.333 ; pad:raqueta_der|pady_o[6]     ; flipflop:flip_g|dato_o ; pll25mhz:mi_pll|r_c0 ; pll25mhz:mi_pll|r_c0 ; 1.000        ; 0.143      ; 3.463      ;
; -2.330 ; vga:vga_principal|pixely_o[2] ; flipflop:flip_b|dato_o ; pll25mhz:mi_pll|r_c0 ; pll25mhz:mi_pll|r_c0 ; 1.000        ; 0.138      ; 3.455      ;
; -2.321 ; vga:vga_principal|pixelx_o[9] ; flipflop:flip_r|dato_o ; pll25mhz:mi_pll|r_c0 ; pll25mhz:mi_pll|r_c0 ; 1.000        ; 0.148      ; 3.456      ;
; -2.321 ; vga:vga_principal|pixelx_o[9] ; flipflop:flip_g|dato_o ; pll25mhz:mi_pll|r_c0 ; pll25mhz:mi_pll|r_c0 ; 1.000        ; 0.148      ; 3.456      ;
; -2.317 ; ballhitbox:pelota|bally_o[2]  ; flipflop:flip_r|dato_o ; pll25mhz:mi_pll|r_c0 ; pll25mhz:mi_pll|r_c0 ; 1.000        ; 0.148      ; 3.452      ;
; -2.317 ; ballhitbox:pelota|bally_o[2]  ; flipflop:flip_g|dato_o ; pll25mhz:mi_pll|r_c0 ; pll25mhz:mi_pll|r_c0 ; 1.000        ; 0.148      ; 3.452      ;
; -2.300 ; vga:vga_principal|pixely_o[4] ; flipflop:flip_r|dato_o ; pll25mhz:mi_pll|r_c0 ; pll25mhz:mi_pll|r_c0 ; 1.000        ; 0.140      ; 3.427      ;
; -2.300 ; vga:vga_principal|pixely_o[4] ; flipflop:flip_g|dato_o ; pll25mhz:mi_pll|r_c0 ; pll25mhz:mi_pll|r_c0 ; 1.000        ; 0.140      ; 3.427      ;
; -2.299 ; vga:vga_principal|pixelx_o[0] ; flipflop:flip_r|dato_o ; pll25mhz:mi_pll|r_c0 ; pll25mhz:mi_pll|r_c0 ; 1.000        ; 0.134      ; 3.420      ;
; -2.299 ; vga:vga_principal|pixelx_o[0] ; flipflop:flip_g|dato_o ; pll25mhz:mi_pll|r_c0 ; pll25mhz:mi_pll|r_c0 ; 1.000        ; 0.134      ; 3.420      ;
; -2.295 ; ballhitbox:pelota|bally_o[1]  ; flipflop:flip_r|dato_o ; pll25mhz:mi_pll|r_c0 ; pll25mhz:mi_pll|r_c0 ; 1.000        ; 0.149      ; 3.431      ;
; -2.295 ; ballhitbox:pelota|bally_o[1]  ; flipflop:flip_g|dato_o ; pll25mhz:mi_pll|r_c0 ; pll25mhz:mi_pll|r_c0 ; 1.000        ; 0.149      ; 3.431      ;
; -2.292 ; vga:vga_principal|pixelx_o[2] ; flipflop:flip_b|dato_o ; pll25mhz:mi_pll|r_c0 ; pll25mhz:mi_pll|r_c0 ; 1.000        ; 0.134      ; 3.413      ;
; -2.289 ; pad:raqueta_der|pady_o[5]     ; flipflop:flip_r|dato_o ; pll25mhz:mi_pll|r_c0 ; pll25mhz:mi_pll|r_c0 ; 1.000        ; 0.143      ; 3.419      ;
; -2.289 ; pad:raqueta_der|pady_o[5]     ; flipflop:flip_g|dato_o ; pll25mhz:mi_pll|r_c0 ; pll25mhz:mi_pll|r_c0 ; 1.000        ; 0.143      ; 3.419      ;
; -2.278 ; vga:vga_principal|pixelx_o[6] ; flipflop:flip_r|dato_o ; pll25mhz:mi_pll|r_c0 ; pll25mhz:mi_pll|r_c0 ; 1.000        ; 0.134      ; 3.399      ;
; -2.278 ; vga:vga_principal|pixelx_o[6] ; flipflop:flip_g|dato_o ; pll25mhz:mi_pll|r_c0 ; pll25mhz:mi_pll|r_c0 ; 1.000        ; 0.134      ; 3.399      ;
; -2.268 ; ballhitbox:pelota|bally_o[3]  ; flipflop:flip_r|dato_o ; pll25mhz:mi_pll|r_c0 ; pll25mhz:mi_pll|r_c0 ; 1.000        ; 0.149      ; 3.404      ;
; -2.268 ; ballhitbox:pelota|bally_o[3]  ; flipflop:flip_g|dato_o ; pll25mhz:mi_pll|r_c0 ; pll25mhz:mi_pll|r_c0 ; 1.000        ; 0.149      ; 3.404      ;
; -2.252 ; vga:vga_principal|pixely_o[0] ; flipflop:flip_b|dato_o ; pll25mhz:mi_pll|r_c0 ; pll25mhz:mi_pll|r_c0 ; 1.000        ; 0.127      ; 3.366      ;
; -2.251 ; vga:vga_principal|pixely_o[6] ; flipflop:flip_b|dato_o ; pll25mhz:mi_pll|r_c0 ; pll25mhz:mi_pll|r_c0 ; 1.000        ; 0.140      ; 3.378      ;
; -2.251 ; ballhitbox:pelota|ballx_o[2]  ; flipflop:flip_r|dato_o ; pll25mhz:mi_pll|r_c0 ; pll25mhz:mi_pll|r_c0 ; 1.000        ; 0.125      ; 3.363      ;
; -2.251 ; ballhitbox:pelota|ballx_o[2]  ; flipflop:flip_g|dato_o ; pll25mhz:mi_pll|r_c0 ; pll25mhz:mi_pll|r_c0 ; 1.000        ; 0.125      ; 3.363      ;
; -2.223 ; vga:vga_principal|pixelx_o[4] ; flipflop:flip_b|dato_o ; pll25mhz:mi_pll|r_c0 ; pll25mhz:mi_pll|r_c0 ; 1.000        ; 0.134      ; 3.344      ;
; -2.219 ; pad:raqueta_der|pady_o[3]     ; flipflop:flip_r|dato_o ; pll25mhz:mi_pll|r_c0 ; pll25mhz:mi_pll|r_c0 ; 1.000        ; 0.143      ; 3.349      ;
; -2.219 ; pad:raqueta_der|pady_o[3]     ; flipflop:flip_g|dato_o ; pll25mhz:mi_pll|r_c0 ; pll25mhz:mi_pll|r_c0 ; 1.000        ; 0.143      ; 3.349      ;
; -2.219 ; vga:vga_principal|pixely_o[8] ; flipflop:flip_b|dato_o ; pll25mhz:mi_pll|r_c0 ; pll25mhz:mi_pll|r_c0 ; 1.000        ; 0.140      ; 3.346      ;
; -2.210 ; ballhitbox:pelota|ballx_o[4]  ; flipflop:flip_r|dato_o ; pll25mhz:mi_pll|r_c0 ; pll25mhz:mi_pll|r_c0 ; 1.000        ; 0.125      ; 3.322      ;
; -2.210 ; ballhitbox:pelota|ballx_o[4]  ; flipflop:flip_g|dato_o ; pll25mhz:mi_pll|r_c0 ; pll25mhz:mi_pll|r_c0 ; 1.000        ; 0.125      ; 3.322      ;
; -2.207 ; vga:vga_principal|pixelx_o[8] ; flipflop:flip_b|dato_o ; pll25mhz:mi_pll|r_c0 ; pll25mhz:mi_pll|r_c0 ; 1.000        ; 0.148      ; 3.342      ;
; -2.192 ; ballhitbox:pelota|ballx_o[6]  ; flipflop:flip_r|dato_o ; pll25mhz:mi_pll|r_c0 ; pll25mhz:mi_pll|r_c0 ; 1.000        ; 0.125      ; 3.304      ;
; -2.192 ; ballhitbox:pelota|ballx_o[6]  ; flipflop:flip_g|dato_o ; pll25mhz:mi_pll|r_c0 ; pll25mhz:mi_pll|r_c0 ; 1.000        ; 0.125      ; 3.304      ;
; -2.177 ; ballhitbox:pelota|ballx_o[3]  ; flipflop:flip_r|dato_o ; pll25mhz:mi_pll|r_c0 ; pll25mhz:mi_pll|r_c0 ; 1.000        ; 0.125      ; 3.289      ;
; -2.177 ; ballhitbox:pelota|ballx_o[3]  ; flipflop:flip_g|dato_o ; pll25mhz:mi_pll|r_c0 ; pll25mhz:mi_pll|r_c0 ; 1.000        ; 0.125      ; 3.289      ;
; -2.176 ; ballhitbox:pelota|ballx_o[1]  ; flipflop:flip_r|dato_o ; pll25mhz:mi_pll|r_c0 ; pll25mhz:mi_pll|r_c0 ; 1.000        ; 0.125      ; 3.288      ;
; -2.176 ; ballhitbox:pelota|ballx_o[1]  ; flipflop:flip_g|dato_o ; pll25mhz:mi_pll|r_c0 ; pll25mhz:mi_pll|r_c0 ; 1.000        ; 0.125      ; 3.288      ;
; -2.160 ; pad:raqueta_der|pady_o[7]     ; flipflop:flip_r|dato_o ; pll25mhz:mi_pll|r_c0 ; pll25mhz:mi_pll|r_c0 ; 1.000        ; 0.143      ; 3.290      ;
; -2.160 ; pad:raqueta_der|pady_o[7]     ; flipflop:flip_g|dato_o ; pll25mhz:mi_pll|r_c0 ; pll25mhz:mi_pll|r_c0 ; 1.000        ; 0.143      ; 3.290      ;
; -2.157 ; pad:raqueta_izq|pady_o[4]     ; flipflop:flip_r|dato_o ; pll25mhz:mi_pll|r_c0 ; pll25mhz:mi_pll|r_c0 ; 1.000        ; 0.141      ; 3.285      ;
; -2.157 ; pad:raqueta_izq|pady_o[4]     ; flipflop:flip_g|dato_o ; pll25mhz:mi_pll|r_c0 ; pll25mhz:mi_pll|r_c0 ; 1.000        ; 0.141      ; 3.285      ;
; -2.156 ; pad:raqueta_izq|pady_o[5]     ; flipflop:flip_r|dato_o ; pll25mhz:mi_pll|r_c0 ; pll25mhz:mi_pll|r_c0 ; 1.000        ; 0.141      ; 3.284      ;
; -2.156 ; pad:raqueta_izq|pady_o[5]     ; flipflop:flip_g|dato_o ; pll25mhz:mi_pll|r_c0 ; pll25mhz:mi_pll|r_c0 ; 1.000        ; 0.141      ; 3.284      ;
; -2.149 ; vga:vga_principal|pixely_o[1] ; flipflop:flip_b|dato_o ; pll25mhz:mi_pll|r_c0 ; pll25mhz:mi_pll|r_c0 ; 1.000        ; 0.140      ; 3.276      ;
; -2.145 ; pad:raqueta_der|pady_o[1]     ; flipflop:flip_r|dato_o ; pll25mhz:mi_pll|r_c0 ; pll25mhz:mi_pll|r_c0 ; 1.000        ; 0.143      ; 3.275      ;
; -2.145 ; pad:raqueta_der|pady_o[1]     ; flipflop:flip_g|dato_o ; pll25mhz:mi_pll|r_c0 ; pll25mhz:mi_pll|r_c0 ; 1.000        ; 0.143      ; 3.275      ;
; -2.139 ; pad:raqueta_izq|pady_o[7]     ; flipflop:flip_r|dato_o ; pll25mhz:mi_pll|r_c0 ; pll25mhz:mi_pll|r_c0 ; 1.000        ; 0.141      ; 3.267      ;
; -2.139 ; pad:raqueta_izq|pady_o[7]     ; flipflop:flip_g|dato_o ; pll25mhz:mi_pll|r_c0 ; pll25mhz:mi_pll|r_c0 ; 1.000        ; 0.141      ; 3.267      ;
; -2.137 ; vga:vga_principal|pixelx_o[5] ; flipflop:flip_b|dato_o ; pll25mhz:mi_pll|r_c0 ; pll25mhz:mi_pll|r_c0 ; 1.000        ; 0.148      ; 3.272      ;
; -2.130 ; pad:raqueta_der|pady_o[2]     ; flipflop:flip_r|dato_o ; pll25mhz:mi_pll|r_c0 ; pll25mhz:mi_pll|r_c0 ; 1.000        ; 0.143      ; 3.260      ;
; -2.130 ; pad:raqueta_der|pady_o[2]     ; flipflop:flip_g|dato_o ; pll25mhz:mi_pll|r_c0 ; pll25mhz:mi_pll|r_c0 ; 1.000        ; 0.143      ; 3.260      ;
; -2.129 ; vga:vga_principal|pixely_o[9] ; flipflop:flip_b|dato_o ; pll25mhz:mi_pll|r_c0 ; pll25mhz:mi_pll|r_c0 ; 1.000        ; 0.140      ; 3.256      ;
; -2.128 ; vga:vga_principal|pixelx_o[1] ; flipflop:flip_b|dato_o ; pll25mhz:mi_pll|r_c0 ; pll25mhz:mi_pll|r_c0 ; 1.000        ; 0.134      ; 3.249      ;
; -2.124 ; pad:raqueta_der|pady_o[4]     ; flipflop:flip_b|dato_o ; pll25mhz:mi_pll|r_c0 ; pll25mhz:mi_pll|r_c0 ; 1.000        ; 0.143      ; 3.254      ;
; -2.123 ; ballhitbox:pelota|ballx_o[5]  ; flipflop:flip_r|dato_o ; pll25mhz:mi_pll|r_c0 ; pll25mhz:mi_pll|r_c0 ; 1.000        ; 0.125      ; 3.235      ;
; -2.123 ; ballhitbox:pelota|ballx_o[5]  ; flipflop:flip_g|dato_o ; pll25mhz:mi_pll|r_c0 ; pll25mhz:mi_pll|r_c0 ; 1.000        ; 0.125      ; 3.235      ;
; -2.121 ; vga:vga_principal|pixely_o[7] ; flipflop:flip_b|dato_o ; pll25mhz:mi_pll|r_c0 ; pll25mhz:mi_pll|r_c0 ; 1.000        ; 0.140      ; 3.248      ;
; -2.096 ; vga:vga_principal|pixely_o[5] ; flipflop:flip_b|dato_o ; pll25mhz:mi_pll|r_c0 ; pll25mhz:mi_pll|r_c0 ; 1.000        ; 0.140      ; 3.223      ;
; -2.091 ; vga:vga_principal|pixelx_o[7] ; flipflop:flip_b|dato_o ; pll25mhz:mi_pll|r_c0 ; pll25mhz:mi_pll|r_c0 ; 1.000        ; 0.134      ; 3.212      ;
; -2.090 ; pad:raqueta_der|pady_o[6]     ; flipflop:flip_b|dato_o ; pll25mhz:mi_pll|r_c0 ; pll25mhz:mi_pll|r_c0 ; 1.000        ; 0.143      ; 3.220      ;
; -2.078 ; vga:vga_principal|pixelx_o[9] ; flipflop:flip_b|dato_o ; pll25mhz:mi_pll|r_c0 ; pll25mhz:mi_pll|r_c0 ; 1.000        ; 0.148      ; 3.213      ;
; -2.074 ; ballhitbox:pelota|bally_o[2]  ; flipflop:flip_b|dato_o ; pll25mhz:mi_pll|r_c0 ; pll25mhz:mi_pll|r_c0 ; 1.000        ; 0.148      ; 3.209      ;
; -2.057 ; vga:vga_principal|pixely_o[4] ; flipflop:flip_b|dato_o ; pll25mhz:mi_pll|r_c0 ; pll25mhz:mi_pll|r_c0 ; 1.000        ; 0.140      ; 3.184      ;
; -2.056 ; vga:vga_principal|pixelx_o[0] ; flipflop:flip_b|dato_o ; pll25mhz:mi_pll|r_c0 ; pll25mhz:mi_pll|r_c0 ; 1.000        ; 0.134      ; 3.177      ;
+--------+-------------------------------+------------------------+----------------------+----------------------+--------------+------------+------------+


+-----------------------------------------------------------------------------------------------------------------------------------------+
; Fast 1200mV 0C Model Setup: 'clk'                                                                                                       ;
+--------+--------------------------------+-------------------------+--------------+-------------+--------------+------------+------------+
; Slack  ; From Node                      ; To Node                 ; Launch Clock ; Latch Clock ; Relationship ; Clock Skew ; Data Delay ;
+--------+--------------------------------+-------------------------+--------------+-------------+--------------+------------+------------+
; -0.821 ; uart_rx:uart0|baud_counter[6]  ; uart_rx:uart0|o_data[0] ; clk          ; clk         ; 1.000        ; -0.037     ; 1.771      ;
; -0.821 ; uart_rx:uart0|baud_counter[6]  ; uart_rx:uart0|o_data[1] ; clk          ; clk         ; 1.000        ; -0.037     ; 1.771      ;
; -0.821 ; uart_rx:uart0|baud_counter[6]  ; uart_rx:uart0|o_data[2] ; clk          ; clk         ; 1.000        ; -0.037     ; 1.771      ;
; -0.821 ; uart_rx:uart0|baud_counter[6]  ; uart_rx:uart0|o_data[3] ; clk          ; clk         ; 1.000        ; -0.037     ; 1.771      ;
; -0.821 ; uart_rx:uart0|baud_counter[6]  ; uart_rx:uart0|o_data[4] ; clk          ; clk         ; 1.000        ; -0.037     ; 1.771      ;
; -0.821 ; uart_rx:uart0|baud_counter[6]  ; uart_rx:uart0|o_data[5] ; clk          ; clk         ; 1.000        ; -0.037     ; 1.771      ;
; -0.821 ; uart_rx:uart0|baud_counter[6]  ; uart_rx:uart0|o_data[6] ; clk          ; clk         ; 1.000        ; -0.037     ; 1.771      ;
; -0.821 ; uart_rx:uart0|baud_counter[6]  ; uart_rx:uart0|o_data[7] ; clk          ; clk         ; 1.000        ; -0.037     ; 1.771      ;
; -0.819 ; uart_rx:uart0|baud_counter[9]  ; uart_rx:uart0|o_data[0] ; clk          ; clk         ; 1.000        ; -0.037     ; 1.769      ;
; -0.819 ; uart_rx:uart0|baud_counter[9]  ; uart_rx:uart0|o_data[1] ; clk          ; clk         ; 1.000        ; -0.037     ; 1.769      ;
; -0.819 ; uart_rx:uart0|baud_counter[9]  ; uart_rx:uart0|o_data[2] ; clk          ; clk         ; 1.000        ; -0.037     ; 1.769      ;
; -0.819 ; uart_rx:uart0|baud_counter[9]  ; uart_rx:uart0|o_data[3] ; clk          ; clk         ; 1.000        ; -0.037     ; 1.769      ;
; -0.819 ; uart_rx:uart0|baud_counter[9]  ; uart_rx:uart0|o_data[4] ; clk          ; clk         ; 1.000        ; -0.037     ; 1.769      ;
; -0.819 ; uart_rx:uart0|baud_counter[9]  ; uart_rx:uart0|o_data[5] ; clk          ; clk         ; 1.000        ; -0.037     ; 1.769      ;
; -0.819 ; uart_rx:uart0|baud_counter[9]  ; uart_rx:uart0|o_data[6] ; clk          ; clk         ; 1.000        ; -0.037     ; 1.769      ;
; -0.819 ; uart_rx:uart0|baud_counter[9]  ; uart_rx:uart0|o_data[7] ; clk          ; clk         ; 1.000        ; -0.037     ; 1.769      ;
; -0.794 ; uart_rx:uart0|baud_counter[1]  ; uart_rx:uart0|o_data[0] ; clk          ; clk         ; 1.000        ; -0.040     ; 1.741      ;
; -0.794 ; uart_rx:uart0|baud_counter[1]  ; uart_rx:uart0|o_data[1] ; clk          ; clk         ; 1.000        ; -0.040     ; 1.741      ;
; -0.794 ; uart_rx:uart0|baud_counter[1]  ; uart_rx:uart0|o_data[2] ; clk          ; clk         ; 1.000        ; -0.040     ; 1.741      ;
; -0.794 ; uart_rx:uart0|baud_counter[1]  ; uart_rx:uart0|o_data[3] ; clk          ; clk         ; 1.000        ; -0.040     ; 1.741      ;
; -0.794 ; uart_rx:uart0|baud_counter[1]  ; uart_rx:uart0|o_data[4] ; clk          ; clk         ; 1.000        ; -0.040     ; 1.741      ;
; -0.794 ; uart_rx:uart0|baud_counter[1]  ; uart_rx:uart0|o_data[5] ; clk          ; clk         ; 1.000        ; -0.040     ; 1.741      ;
; -0.794 ; uart_rx:uart0|baud_counter[1]  ; uart_rx:uart0|o_data[6] ; clk          ; clk         ; 1.000        ; -0.040     ; 1.741      ;
; -0.794 ; uart_rx:uart0|baud_counter[1]  ; uart_rx:uart0|o_data[7] ; clk          ; clk         ; 1.000        ; -0.040     ; 1.741      ;
; -0.791 ; uart_rx:uart0|baud_counter[3]  ; uart_rx:uart0|o_data[0] ; clk          ; clk         ; 1.000        ; -0.040     ; 1.738      ;
; -0.791 ; uart_rx:uart0|baud_counter[3]  ; uart_rx:uart0|o_data[1] ; clk          ; clk         ; 1.000        ; -0.040     ; 1.738      ;
; -0.791 ; uart_rx:uart0|baud_counter[3]  ; uart_rx:uart0|o_data[2] ; clk          ; clk         ; 1.000        ; -0.040     ; 1.738      ;
; -0.791 ; uart_rx:uart0|baud_counter[3]  ; uart_rx:uart0|o_data[3] ; clk          ; clk         ; 1.000        ; -0.040     ; 1.738      ;
; -0.791 ; uart_rx:uart0|baud_counter[3]  ; uart_rx:uart0|o_data[4] ; clk          ; clk         ; 1.000        ; -0.040     ; 1.738      ;
; -0.791 ; uart_rx:uart0|baud_counter[3]  ; uart_rx:uart0|o_data[5] ; clk          ; clk         ; 1.000        ; -0.040     ; 1.738      ;
; -0.791 ; uart_rx:uart0|baud_counter[3]  ; uart_rx:uart0|o_data[6] ; clk          ; clk         ; 1.000        ; -0.040     ; 1.738      ;
; -0.791 ; uart_rx:uart0|baud_counter[3]  ; uart_rx:uart0|o_data[7] ; clk          ; clk         ; 1.000        ; -0.040     ; 1.738      ;
; -0.791 ; uart_rx:uart0|baud_counter[0]  ; uart_rx:uart0|o_data[0] ; clk          ; clk         ; 1.000        ; -0.040     ; 1.738      ;
; -0.791 ; uart_rx:uart0|baud_counter[0]  ; uart_rx:uart0|o_data[1] ; clk          ; clk         ; 1.000        ; -0.040     ; 1.738      ;
; -0.791 ; uart_rx:uart0|baud_counter[0]  ; uart_rx:uart0|o_data[2] ; clk          ; clk         ; 1.000        ; -0.040     ; 1.738      ;
; -0.791 ; uart_rx:uart0|baud_counter[0]  ; uart_rx:uart0|o_data[3] ; clk          ; clk         ; 1.000        ; -0.040     ; 1.738      ;
; -0.791 ; uart_rx:uart0|baud_counter[0]  ; uart_rx:uart0|o_data[4] ; clk          ; clk         ; 1.000        ; -0.040     ; 1.738      ;
; -0.791 ; uart_rx:uart0|baud_counter[0]  ; uart_rx:uart0|o_data[5] ; clk          ; clk         ; 1.000        ; -0.040     ; 1.738      ;
; -0.791 ; uart_rx:uart0|baud_counter[0]  ; uart_rx:uart0|o_data[6] ; clk          ; clk         ; 1.000        ; -0.040     ; 1.738      ;
; -0.791 ; uart_rx:uart0|baud_counter[0]  ; uart_rx:uart0|o_data[7] ; clk          ; clk         ; 1.000        ; -0.040     ; 1.738      ;
; -0.787 ; uart_rx:uart0|baud_counter[2]  ; uart_rx:uart0|o_data[0] ; clk          ; clk         ; 1.000        ; -0.040     ; 1.734      ;
; -0.787 ; uart_rx:uart0|baud_counter[2]  ; uart_rx:uart0|o_data[1] ; clk          ; clk         ; 1.000        ; -0.040     ; 1.734      ;
; -0.787 ; uart_rx:uart0|baud_counter[2]  ; uart_rx:uart0|o_data[2] ; clk          ; clk         ; 1.000        ; -0.040     ; 1.734      ;
; -0.787 ; uart_rx:uart0|baud_counter[2]  ; uart_rx:uart0|o_data[3] ; clk          ; clk         ; 1.000        ; -0.040     ; 1.734      ;
; -0.787 ; uart_rx:uart0|baud_counter[2]  ; uart_rx:uart0|o_data[4] ; clk          ; clk         ; 1.000        ; -0.040     ; 1.734      ;
; -0.787 ; uart_rx:uart0|baud_counter[2]  ; uart_rx:uart0|o_data[5] ; clk          ; clk         ; 1.000        ; -0.040     ; 1.734      ;
; -0.787 ; uart_rx:uart0|baud_counter[2]  ; uart_rx:uart0|o_data[6] ; clk          ; clk         ; 1.000        ; -0.040     ; 1.734      ;
; -0.787 ; uart_rx:uart0|baud_counter[2]  ; uart_rx:uart0|o_data[7] ; clk          ; clk         ; 1.000        ; -0.040     ; 1.734      ;
; -0.763 ; uart_rx:uart0|state[2]         ; uart_rx:uart0|o_data[0] ; clk          ; clk         ; 1.000        ; -0.237     ; 1.513      ;
; -0.763 ; uart_rx:uart0|state[2]         ; uart_rx:uart0|o_data[1] ; clk          ; clk         ; 1.000        ; -0.237     ; 1.513      ;
; -0.763 ; uart_rx:uart0|state[2]         ; uart_rx:uart0|o_data[2] ; clk          ; clk         ; 1.000        ; -0.237     ; 1.513      ;
; -0.763 ; uart_rx:uart0|state[2]         ; uart_rx:uart0|o_data[3] ; clk          ; clk         ; 1.000        ; -0.237     ; 1.513      ;
; -0.763 ; uart_rx:uart0|state[2]         ; uart_rx:uart0|o_data[4] ; clk          ; clk         ; 1.000        ; -0.237     ; 1.513      ;
; -0.763 ; uart_rx:uart0|state[2]         ; uart_rx:uart0|o_data[5] ; clk          ; clk         ; 1.000        ; -0.237     ; 1.513      ;
; -0.763 ; uart_rx:uart0|state[2]         ; uart_rx:uart0|o_data[6] ; clk          ; clk         ; 1.000        ; -0.237     ; 1.513      ;
; -0.763 ; uart_rx:uart0|state[2]         ; uart_rx:uart0|o_data[7] ; clk          ; clk         ; 1.000        ; -0.237     ; 1.513      ;
; -0.741 ; uart_rx:uart0|baud_counter[7]  ; uart_rx:uart0|o_data[0] ; clk          ; clk         ; 1.000        ; -0.037     ; 1.691      ;
; -0.741 ; uart_rx:uart0|baud_counter[7]  ; uart_rx:uart0|o_data[1] ; clk          ; clk         ; 1.000        ; -0.037     ; 1.691      ;
; -0.741 ; uart_rx:uart0|baud_counter[7]  ; uart_rx:uart0|o_data[2] ; clk          ; clk         ; 1.000        ; -0.037     ; 1.691      ;
; -0.741 ; uart_rx:uart0|baud_counter[7]  ; uart_rx:uart0|o_data[3] ; clk          ; clk         ; 1.000        ; -0.037     ; 1.691      ;
; -0.741 ; uart_rx:uart0|baud_counter[7]  ; uart_rx:uart0|o_data[4] ; clk          ; clk         ; 1.000        ; -0.037     ; 1.691      ;
; -0.741 ; uart_rx:uart0|baud_counter[7]  ; uart_rx:uart0|o_data[5] ; clk          ; clk         ; 1.000        ; -0.037     ; 1.691      ;
; -0.741 ; uart_rx:uart0|baud_counter[7]  ; uart_rx:uart0|o_data[6] ; clk          ; clk         ; 1.000        ; -0.037     ; 1.691      ;
; -0.741 ; uart_rx:uart0|baud_counter[7]  ; uart_rx:uart0|o_data[7] ; clk          ; clk         ; 1.000        ; -0.037     ; 1.691      ;
; -0.712 ; uart_rx:uart0|baud_counter[6]  ; uart_rx:uart0|state[3]  ; clk          ; clk         ; 1.000        ; -0.036     ; 1.663      ;
; -0.710 ; uart_rx:uart0|baud_counter[14] ; uart_rx:uart0|o_data[0] ; clk          ; clk         ; 1.000        ; -0.040     ; 1.657      ;
; -0.710 ; uart_rx:uart0|baud_counter[14] ; uart_rx:uart0|o_data[1] ; clk          ; clk         ; 1.000        ; -0.040     ; 1.657      ;
; -0.710 ; uart_rx:uart0|baud_counter[14] ; uart_rx:uart0|o_data[2] ; clk          ; clk         ; 1.000        ; -0.040     ; 1.657      ;
; -0.710 ; uart_rx:uart0|baud_counter[14] ; uart_rx:uart0|o_data[3] ; clk          ; clk         ; 1.000        ; -0.040     ; 1.657      ;
; -0.710 ; uart_rx:uart0|baud_counter[14] ; uart_rx:uart0|o_data[4] ; clk          ; clk         ; 1.000        ; -0.040     ; 1.657      ;
; -0.710 ; uart_rx:uart0|baud_counter[14] ; uart_rx:uart0|o_data[5] ; clk          ; clk         ; 1.000        ; -0.040     ; 1.657      ;
; -0.710 ; uart_rx:uart0|baud_counter[14] ; uart_rx:uart0|o_data[6] ; clk          ; clk         ; 1.000        ; -0.040     ; 1.657      ;
; -0.710 ; uart_rx:uart0|baud_counter[14] ; uart_rx:uart0|o_data[7] ; clk          ; clk         ; 1.000        ; -0.040     ; 1.657      ;
; -0.710 ; uart_rx:uart0|baud_counter[9]  ; uart_rx:uart0|state[3]  ; clk          ; clk         ; 1.000        ; -0.036     ; 1.661      ;
; -0.710 ; uart_rx:uart0|baud_counter[11] ; uart_rx:uart0|o_data[0] ; clk          ; clk         ; 1.000        ; -0.040     ; 1.657      ;
; -0.710 ; uart_rx:uart0|baud_counter[11] ; uart_rx:uart0|o_data[1] ; clk          ; clk         ; 1.000        ; -0.040     ; 1.657      ;
; -0.710 ; uart_rx:uart0|baud_counter[11] ; uart_rx:uart0|o_data[2] ; clk          ; clk         ; 1.000        ; -0.040     ; 1.657      ;
; -0.710 ; uart_rx:uart0|baud_counter[11] ; uart_rx:uart0|o_data[3] ; clk          ; clk         ; 1.000        ; -0.040     ; 1.657      ;
; -0.710 ; uart_rx:uart0|baud_counter[11] ; uart_rx:uart0|o_data[4] ; clk          ; clk         ; 1.000        ; -0.040     ; 1.657      ;
; -0.710 ; uart_rx:uart0|baud_counter[11] ; uart_rx:uart0|o_data[5] ; clk          ; clk         ; 1.000        ; -0.040     ; 1.657      ;
; -0.710 ; uart_rx:uart0|baud_counter[11] ; uart_rx:uart0|o_data[6] ; clk          ; clk         ; 1.000        ; -0.040     ; 1.657      ;
; -0.710 ; uart_rx:uart0|baud_counter[11] ; uart_rx:uart0|o_data[7] ; clk          ; clk         ; 1.000        ; -0.040     ; 1.657      ;
; -0.709 ; uart_rx:uart0|baud_counter[12] ; uart_rx:uart0|o_data[0] ; clk          ; clk         ; 1.000        ; -0.040     ; 1.656      ;
; -0.709 ; uart_rx:uart0|baud_counter[12] ; uart_rx:uart0|o_data[1] ; clk          ; clk         ; 1.000        ; -0.040     ; 1.656      ;
; -0.709 ; uart_rx:uart0|baud_counter[12] ; uart_rx:uart0|o_data[2] ; clk          ; clk         ; 1.000        ; -0.040     ; 1.656      ;
; -0.709 ; uart_rx:uart0|baud_counter[12] ; uart_rx:uart0|o_data[3] ; clk          ; clk         ; 1.000        ; -0.040     ; 1.656      ;
; -0.709 ; uart_rx:uart0|baud_counter[12] ; uart_rx:uart0|o_data[4] ; clk          ; clk         ; 1.000        ; -0.040     ; 1.656      ;
; -0.709 ; uart_rx:uart0|baud_counter[12] ; uart_rx:uart0|o_data[5] ; clk          ; clk         ; 1.000        ; -0.040     ; 1.656      ;
; -0.709 ; uart_rx:uart0|baud_counter[12] ; uart_rx:uart0|o_data[6] ; clk          ; clk         ; 1.000        ; -0.040     ; 1.656      ;
; -0.709 ; uart_rx:uart0|baud_counter[12] ; uart_rx:uart0|o_data[7] ; clk          ; clk         ; 1.000        ; -0.040     ; 1.656      ;
; -0.704 ; uart_rx:uart0|baud_counter[5]  ; uart_rx:uart0|o_data[0] ; clk          ; clk         ; 1.000        ; -0.040     ; 1.651      ;
; -0.704 ; uart_rx:uart0|baud_counter[5]  ; uart_rx:uart0|o_data[1] ; clk          ; clk         ; 1.000        ; -0.040     ; 1.651      ;
; -0.704 ; uart_rx:uart0|baud_counter[5]  ; uart_rx:uart0|o_data[2] ; clk          ; clk         ; 1.000        ; -0.040     ; 1.651      ;
; -0.704 ; uart_rx:uart0|baud_counter[5]  ; uart_rx:uart0|o_data[3] ; clk          ; clk         ; 1.000        ; -0.040     ; 1.651      ;
; -0.704 ; uart_rx:uart0|baud_counter[5]  ; uart_rx:uart0|o_data[4] ; clk          ; clk         ; 1.000        ; -0.040     ; 1.651      ;
; -0.704 ; uart_rx:uart0|baud_counter[5]  ; uart_rx:uart0|o_data[5] ; clk          ; clk         ; 1.000        ; -0.040     ; 1.651      ;
; -0.704 ; uart_rx:uart0|baud_counter[5]  ; uart_rx:uart0|o_data[6] ; clk          ; clk         ; 1.000        ; -0.040     ; 1.651      ;
; -0.704 ; uart_rx:uart0|baud_counter[5]  ; uart_rx:uart0|o_data[7] ; clk          ; clk         ; 1.000        ; -0.040     ; 1.651      ;
; -0.685 ; uart_rx:uart0|baud_counter[1]  ; uart_rx:uart0|state[3]  ; clk          ; clk         ; 1.000        ; -0.039     ; 1.633      ;
; -0.682 ; uart_rx:uart0|baud_counter[3]  ; uart_rx:uart0|state[3]  ; clk          ; clk         ; 1.000        ; -0.039     ; 1.630      ;
+--------+--------------------------------+-------------------------+--------------+-------------+--------------+------------+------------+


+-------------------------------------------------------------------------------------------------------------------------------------------------------+
; Fast 1200mV 0C Model Hold: 'clk'                                                                                                                      ;
+-------+--------------------------------+--------------------------------+----------------------+-------------+--------------+------------+------------+
; Slack ; From Node                      ; To Node                        ; Launch Clock         ; Latch Clock ; Relationship ; Clock Skew ; Data Delay ;
+-------+--------------------------------+--------------------------------+----------------------+-------------+--------------+------------+------------+
; 0.179 ; uart_rx:uart0|state[2]         ; uart_rx:uart0|state[2]         ; clk                  ; clk         ; 0.000        ; 0.044      ; 0.307      ;
; 0.187 ; uart_rx:uart0|state[3]         ; uart_rx:uart0|state[3]         ; clk                  ; clk         ; 0.000        ; 0.036      ; 0.307      ;
; 0.187 ; uart_rx:uart0|state[1]         ; uart_rx:uart0|state[1]         ; clk                  ; clk         ; 0.000        ; 0.036      ; 0.307      ;
; 0.187 ; uart_rx:uart0|state[0]         ; uart_rx:uart0|state[0]         ; clk                  ; clk         ; 0.000        ; 0.036      ; 0.307      ;
; 0.188 ; btn_up2                        ; btn_up2                        ; clk                  ; clk         ; 0.000        ; 0.035      ; 0.307      ;
; 0.195 ; uart_rx:uart0|q_uart           ; uart_rx:uart0|ck_uart          ; clk                  ; clk         ; 0.000        ; 0.036      ; 0.315      ;
; 0.262 ; uart_rx:uart0|o_data[1]        ; btn_up1                        ; clk                  ; clk         ; 0.000        ; 0.037      ; 0.383      ;
; 0.268 ; uart_rx:uart0|state[1]         ; uart_rx:uart0|state[2]         ; clk                  ; clk         ; 0.000        ; 0.236      ; 0.588      ;
; 0.270 ; uart_rx:uart0|o_data[3]        ; uart_rx:uart0|o_data[2]        ; clk                  ; clk         ; 0.000        ; 0.035      ; 0.389      ;
; 0.273 ; uart_rx:uart0|o_data[5]        ; uart_rx:uart0|o_data[4]        ; clk                  ; clk         ; 0.000        ; 0.035      ; 0.392      ;
; 0.285 ; uart_rx:uart0|o_data[2]        ; uart_rx:uart0|o_data[1]        ; clk                  ; clk         ; 0.000        ; 0.035      ; 0.404      ;
; 0.318 ; pll25mhz:mi_pll|r_c0           ; pll25mhz:mi_pll|r_c0           ; pll25mhz:mi_pll|r_c0 ; clk         ; 0.000        ; 1.181      ; 1.718      ;
; 0.334 ; uart_rx:uart0|state[0]         ; uart_rx:uart0|state[2]         ; clk                  ; clk         ; 0.000        ; 0.236      ; 0.654      ;
; 0.427 ; uart_rx:uart0|o_data[3]        ; btn_up2                        ; clk                  ; clk         ; 0.000        ; 0.035      ; 0.546      ;
; 0.429 ; uart_rx:uart0|o_data[3]        ; btn_down2                      ; clk                  ; clk         ; 0.000        ; 0.035      ; 0.548      ;
; 0.438 ; uart_rx:uart0|o_data[2]        ; btn_down1                      ; clk                  ; clk         ; 0.000        ; 0.035      ; 0.557      ;
; 0.439 ; uart_rx:uart0|o_data[6]        ; uart_rx:uart0|o_data[5]        ; clk                  ; clk         ; 0.000        ; 0.035      ; 0.558      ;
; 0.443 ; uart_rx:uart0|o_data[1]        ; btn_down2                      ; clk                  ; clk         ; 0.000        ; 0.035      ; 0.562      ;
; 0.443 ; uart_rx:uart0|ck_uart          ; uart_rx:uart0|o_data[7]        ; clk                  ; clk         ; 0.000        ; 0.033      ; 0.560      ;
; 0.449 ; uart_rx:uart0|o_data[1]        ; btn_up2                        ; clk                  ; clk         ; 0.000        ; 0.035      ; 0.568      ;
; 0.454 ; uart_rx:uart0|o_data[4]        ; btn_up2                        ; clk                  ; clk         ; 0.000        ; 0.035      ; 0.573      ;
; 0.457 ; btn_down1                      ; btn_down1                      ; clk                  ; clk         ; 0.000        ; 0.035      ; 0.576      ;
; 0.459 ; uart_rx:uart0|o_data[1]        ; uart_rx:uart0|o_data[0]        ; clk                  ; clk         ; 0.000        ; 0.035      ; 0.578      ;
; 0.460 ; uart_rx:uart0|o_data[4]        ; uart_rx:uart0|o_data[3]        ; clk                  ; clk         ; 0.000        ; 0.035      ; 0.579      ;
; 0.465 ; uart_rx:uart0|o_data[4]        ; btn_up1                        ; clk                  ; clk         ; 0.000        ; 0.037      ; 0.586      ;
; 0.469 ; uart_rx:uart0|state[1]         ; uart_rx:uart0|state[3]         ; clk                  ; clk         ; 0.000        ; 0.036      ; 0.589      ;
; 0.472 ; uart_rx:uart0|o_data[0]        ; btn_up2                        ; clk                  ; clk         ; 0.000        ; 0.035      ; 0.591      ;
; 0.485 ; uart_rx:uart0|o_data[3]        ; btn_up1                        ; clk                  ; clk         ; 0.000        ; 0.037      ; 0.606      ;
; 0.492 ; uart_rx:uart0|o_data[4]        ; btn_down2                      ; clk                  ; clk         ; 0.000        ; 0.035      ; 0.611      ;
; 0.502 ; uart_rx:uart0|state[3]         ; uart_rx:uart0|baud_counter[6]  ; clk                  ; clk         ; 0.000        ; 0.036      ; 0.622      ;
; 0.504 ; uart_rx:uart0|baud_counter[15] ; uart_rx:uart0|baud_counter[15] ; clk                  ; clk         ; 0.000        ; 0.036      ; 0.624      ;
; 0.514 ; uart_rx:uart0|state[1]         ; uart_rx:uart0|o_wr             ; clk                  ; clk         ; 0.000        ; 0.036      ; 0.634      ;
; 0.520 ; uart_rx:uart0|o_data[0]        ; btn_up1                        ; clk                  ; clk         ; 0.000        ; 0.037      ; 0.641      ;
; 0.526 ; uart_rx:uart0|o_data[3]        ; btn_down1                      ; clk                  ; clk         ; 0.000        ; 0.035      ; 0.645      ;
; 0.530 ; uart_rx:uart0|o_data[2]        ; btn_down2                      ; clk                  ; clk         ; 0.000        ; 0.035      ; 0.649      ;
; 0.551 ; uart_rx:uart0|o_data[7]        ; uart_rx:uart0|o_data[6]        ; clk                  ; clk         ; 0.000        ; 0.035      ; 0.670      ;
; 0.563 ; btn_down2                      ; btn_down2                      ; clk                  ; clk         ; 0.000        ; 0.035      ; 0.682      ;
; 0.565 ; uart_rx:uart0|o_data[0]        ; btn_down2                      ; clk                  ; clk         ; 0.000        ; 0.035      ; 0.684      ;
; 0.580 ; uart_rx:uart0|o_data[0]        ; btn_down1                      ; clk                  ; clk         ; 0.000        ; 0.035      ; 0.699      ;
; 0.583 ; uart_rx:uart0|state[0]         ; uart_rx:uart0|state[3]         ; clk                  ; clk         ; 0.000        ; 0.036      ; 0.703      ;
; 0.595 ; uart_rx:uart0|baud_counter[4]  ; uart_rx:uart0|baud_counter[4]  ; clk                  ; clk         ; 0.000        ; 0.036      ; 0.715      ;
; 0.595 ; uart_rx:uart0|state[1]         ; uart_rx:uart0|baud_counter[6]  ; clk                  ; clk         ; 0.000        ; 0.036      ; 0.715      ;
; 0.596 ; uart_rx:uart0|baud_counter[11] ; uart_rx:uart0|baud_counter[11] ; clk                  ; clk         ; 0.000        ; 0.036      ; 0.716      ;
; 0.598 ; uart_rx:uart0|baud_counter[1]  ; uart_rx:uart0|baud_counter[1]  ; clk                  ; clk         ; 0.000        ; 0.036      ; 0.718      ;
; 0.602 ; uart_rx:uart0|baud_counter[9]  ; uart_rx:uart0|baud_counter[9]  ; clk                  ; clk         ; 0.000        ; 0.036      ; 0.722      ;
; 0.603 ; uart_rx:uart0|baud_counter[10] ; uart_rx:uart0|baud_counter[10] ; clk                  ; clk         ; 0.000        ; 0.036      ; 0.723      ;
; 0.605 ; uart_rx:uart0|baud_counter[8]  ; uart_rx:uart0|baud_counter[8]  ; clk                  ; clk         ; 0.000        ; 0.036      ; 0.725      ;
; 0.607 ; uart_rx:uart0|o_data[4]        ; btn_down1                      ; clk                  ; clk         ; 0.000        ; 0.035      ; 0.726      ;
; 0.610 ; uart_rx:uart0|o_data[5]        ; btn_up2                        ; clk                  ; clk         ; 0.000        ; 0.035      ; 0.729      ;
; 0.613 ; uart_rx:uart0|baud_counter[14] ; uart_rx:uart0|baud_counter[14] ; clk                  ; clk         ; 0.000        ; 0.036      ; 0.733      ;
; 0.613 ; uart_rx:uart0|o_data[5]        ; btn_down2                      ; clk                  ; clk         ; 0.000        ; 0.035      ; 0.732      ;
; 0.615 ; uart_rx:uart0|ck_uart          ; uart_rx:uart0|baud_counter[11] ; clk                  ; clk         ; 0.000        ; 0.038      ; 0.737      ;
; 0.616 ; uart_rx:uart0|baud_counter[12] ; uart_rx:uart0|baud_counter[12] ; clk                  ; clk         ; 0.000        ; 0.036      ; 0.736      ;
; 0.617 ; btn_up1                        ; btn_up1                        ; clk                  ; clk         ; 0.000        ; 0.036      ; 0.737      ;
; 0.618 ; uart_rx:uart0|baud_counter[5]  ; uart_rx:uart0|baud_counter[5]  ; clk                  ; clk         ; 0.000        ; 0.036      ; 0.738      ;
; 0.624 ; uart_rx:uart0|state[3]         ; uart_rx:uart0|baud_counter[2]  ; clk                  ; clk         ; 0.000        ; 0.039      ; 0.747      ;
; 0.624 ; uart_rx:uart0|state[3]         ; uart_rx:uart0|baud_counter[3]  ; clk                  ; clk         ; 0.000        ; 0.039      ; 0.747      ;
; 0.624 ; uart_rx:uart0|state[3]         ; uart_rx:uart0|baud_counter[13] ; clk                  ; clk         ; 0.000        ; 0.039      ; 0.747      ;
; 0.630 ; uart_rx:uart0|ck_uart          ; uart_rx:uart0|baud_counter[1]  ; clk                  ; clk         ; 0.000        ; 0.038      ; 0.752      ;
; 0.632 ; uart_rx:uart0|ck_uart          ; uart_rx:uart0|baud_counter[12] ; clk                  ; clk         ; 0.000        ; 0.038      ; 0.754      ;
; 0.633 ; uart_rx:uart0|ck_uart          ; uart_rx:uart0|baud_counter[10] ; clk                  ; clk         ; 0.000        ; 0.038      ; 0.755      ;
; 0.634 ; uart_rx:uart0|ck_uart          ; uart_rx:uart0|baud_counter[0]  ; clk                  ; clk         ; 0.000        ; 0.038      ; 0.756      ;
; 0.645 ; uart_rx:uart0|o_data[7]        ; btn_up2                        ; clk                  ; clk         ; 0.000        ; 0.035      ; 0.764      ;
; 0.648 ; uart_rx:uart0|o_data[7]        ; btn_down2                      ; clk                  ; clk         ; 0.000        ; 0.035      ; 0.767      ;
; 0.653 ; uart_rx:uart0|baud_counter[3]  ; uart_rx:uart0|baud_counter[3]  ; clk                  ; clk         ; 0.000        ; 0.036      ; 0.773      ;
; 0.654 ; uart_rx:uart0|ck_uart          ; uart_rx:uart0|baud_counter[9]  ; clk                  ; clk         ; 0.000        ; 0.035      ; 0.773      ;
; 0.655 ; uart_rx:uart0|ck_uart          ; uart_rx:uart0|state[0]         ; clk                  ; clk         ; 0.000        ; 0.035      ; 0.774      ;
; 0.656 ; uart_rx:uart0|o_data[2]        ; btn_up1                        ; clk                  ; clk         ; 0.000        ; 0.037      ; 0.777      ;
; 0.658 ; uart_rx:uart0|ck_uart          ; uart_rx:uart0|baud_counter[7]  ; clk                  ; clk         ; 0.000        ; 0.035      ; 0.777      ;
; 0.658 ; uart_rx:uart0|state[0]         ; uart_rx:uart0|baud_counter[6]  ; clk                  ; clk         ; 0.000        ; 0.036      ; 0.778      ;
; 0.664 ; uart_rx:uart0|baud_counter[2]  ; uart_rx:uart0|baud_counter[2]  ; clk                  ; clk         ; 0.000        ; 0.036      ; 0.784      ;
; 0.664 ; uart_rx:uart0|baud_counter[7]  ; uart_rx:uart0|baud_counter[7]  ; clk                  ; clk         ; 0.000        ; 0.036      ; 0.784      ;
; 0.672 ; uart_rx:uart0|state[3]         ; uart_rx:uart0|o_wr             ; clk                  ; clk         ; 0.000        ; 0.036      ; 0.792      ;
; 0.677 ; uart_rx:uart0|o_data[5]        ; btn_up1                        ; clk                  ; clk         ; 0.000        ; 0.037      ; 0.798      ;
; 0.680 ; uart_rx:uart0|baud_counter[6]  ; uart_rx:uart0|baud_counter[6]  ; clk                  ; clk         ; 0.000        ; 0.036      ; 0.800      ;
; 0.681 ; uart_rx:uart0|state[1]         ; uart_rx:uart0|baud_counter[1]  ; clk                  ; clk         ; 0.000        ; 0.039      ; 0.804      ;
; 0.683 ; uart_rx:uart0|state[1]         ; uart_rx:uart0|baud_counter[12] ; clk                  ; clk         ; 0.000        ; 0.039      ; 0.806      ;
; 0.684 ; uart_rx:uart0|state[1]         ; uart_rx:uart0|baud_counter[0]  ; clk                  ; clk         ; 0.000        ; 0.039      ; 0.807      ;
; 0.684 ; uart_rx:uart0|state[1]         ; uart_rx:uart0|baud_counter[10] ; clk                  ; clk         ; 0.000        ; 0.039      ; 0.807      ;
; 0.685 ; uart_rx:uart0|baud_counter[13] ; uart_rx:uart0|baud_counter[13] ; clk                  ; clk         ; 0.000        ; 0.036      ; 0.805      ;
; 0.686 ; uart_rx:uart0|state[1]         ; uart_rx:uart0|baud_counter[4]  ; clk                  ; clk         ; 0.000        ; 0.039      ; 0.809      ;
; 0.693 ; uart_rx:uart0|state[0]         ; uart_rx:uart0|o_wr             ; clk                  ; clk         ; 0.000        ; 0.036      ; 0.813      ;
; 0.697 ; uart_rx:uart0|state[3]         ; uart_rx:uart0|state[2]         ; clk                  ; clk         ; 0.000        ; 0.236      ; 1.017      ;
; 0.703 ; uart_rx:uart0|state[1]         ; uart_rx:uart0|baud_counter[2]  ; clk                  ; clk         ; 0.000        ; 0.039      ; 0.826      ;
; 0.710 ; uart_rx:uart0|state[3]         ; uart_rx:uart0|baud_counter[9]  ; clk                  ; clk         ; 0.000        ; 0.036      ; 0.830      ;
; 0.711 ; uart_rx:uart0|state[3]         ; uart_rx:uart0|state[0]         ; clk                  ; clk         ; 0.000        ; 0.036      ; 0.831      ;
; 0.712 ; uart_rx:uart0|o_data[7]        ; btn_up1                        ; clk                  ; clk         ; 0.000        ; 0.037      ; 0.833      ;
; 0.713 ; uart_rx:uart0|state[3]         ; uart_rx:uart0|baud_counter[7]  ; clk                  ; clk         ; 0.000        ; 0.036      ; 0.833      ;
; 0.716 ; uart_rx:uart0|state[2]         ; uart_rx:uart0|state[3]         ; clk                  ; clk         ; 0.000        ; -0.156     ; 0.644      ;
; 0.718 ; uart_rx:uart0|o_wr             ; btn_up2                        ; clk                  ; clk         ; 0.000        ; 0.034      ; 0.836      ;
; 0.718 ; uart_rx:uart0|o_wr             ; btn_down2                      ; clk                  ; clk         ; 0.000        ; 0.034      ; 0.836      ;
; 0.718 ; uart_rx:uart0|o_wr             ; btn_down1                      ; clk                  ; clk         ; 0.000        ; 0.034      ; 0.836      ;
; 0.719 ; uart_rx:uart0|o_data[5]        ; btn_down1                      ; clk                  ; clk         ; 0.000        ; 0.035      ; 0.838      ;
; 0.720 ; uart_rx:uart0|state[3]         ; uart_rx:uart0|baud_counter[8]  ; clk                  ; clk         ; 0.000        ; 0.036      ; 0.840      ;
; 0.723 ; uart_rx:uart0|state[3]         ; uart_rx:uart0|baud_counter[11] ; clk                  ; clk         ; 0.000        ; 0.039      ; 0.846      ;
; 0.728 ; uart_rx:uart0|baud_counter[0]  ; uart_rx:uart0|baud_counter[0]  ; clk                  ; clk         ; 0.000        ; 0.036      ; 0.848      ;
; 0.731 ; uart_rx:uart0|baud_counter[13] ; uart_rx:uart0|baud_counter[0]  ; clk                  ; clk         ; 0.000        ; 0.036      ; 0.851      ;
; 0.732 ; uart_rx:uart0|state[3]         ; uart_rx:uart0|baud_counter[4]  ; clk                  ; clk         ; 0.000        ; 0.039      ; 0.855      ;
; 0.732 ; uart_rx:uart0|baud_counter[13] ; uart_rx:uart0|baud_counter[10] ; clk                  ; clk         ; 0.000        ; 0.036      ; 0.852      ;
; 0.732 ; uart_rx:uart0|baud_counter[13] ; uart_rx:uart0|baud_counter[12] ; clk                  ; clk         ; 0.000        ; 0.036      ; 0.852      ;
+-------+--------------------------------+--------------------------------+----------------------+-------------+--------------+------------+------------+


+----------------------------------------------------------------------------------------------------------------------------------------------------------------------+
; Fast 1200mV 0C Model Hold: 'pll25mhz:mi_pll|r_c0'                                                                                                                    ;
+-------+-----------------------------------+-----------------------------------+----------------------+----------------------+--------------+------------+------------+
; Slack ; From Node                         ; To Node                           ; Launch Clock         ; Latch Clock          ; Relationship ; Clock Skew ; Data Delay ;
+-------+-----------------------------------+-----------------------------------+----------------------+----------------------+--------------+------------+------------+
; 0.187 ; pulsecounter:cuenta_j1|count_o[1] ; pulsecounter:cuenta_j1|count_o[1] ; pll25mhz:mi_pll|r_c0 ; pll25mhz:mi_pll|r_c0 ; 0.000        ; 0.036      ; 0.307      ;
; 0.187 ; pulsecounter:cuenta_j1|count_o[2] ; pulsecounter:cuenta_j1|count_o[2] ; pll25mhz:mi_pll|r_c0 ; pll25mhz:mi_pll|r_c0 ; 0.000        ; 0.036      ; 0.307      ;
; 0.187 ; pulsecounter:cuenta_j1|count_o[3] ; pulsecounter:cuenta_j1|count_o[3] ; pll25mhz:mi_pll|r_c0 ; pll25mhz:mi_pll|r_c0 ; 0.000        ; 0.036      ; 0.307      ;
; 0.187 ; pulsecounter:cuenta_j2|count_o[3] ; pulsecounter:cuenta_j2|count_o[3] ; pll25mhz:mi_pll|r_c0 ; pll25mhz:mi_pll|r_c0 ; 0.000        ; 0.036      ; 0.307      ;
; 0.187 ; pulsecounter:cuenta_j2|count_o[2] ; pulsecounter:cuenta_j2|count_o[2] ; pll25mhz:mi_pll|r_c0 ; pll25mhz:mi_pll|r_c0 ; 0.000        ; 0.036      ; 0.307      ;
; 0.187 ; pulsecounter:cuenta_j2|count_o[1] ; pulsecounter:cuenta_j2|count_o[1] ; pll25mhz:mi_pll|r_c0 ; pll25mhz:mi_pll|r_c0 ; 0.000        ; 0.036      ; 0.307      ;
; 0.194 ; pulsecounter:cuenta_j1|count_o[0] ; pulsecounter:cuenta_j1|count_o[0] ; pll25mhz:mi_pll|r_c0 ; pll25mhz:mi_pll|r_c0 ; 0.000        ; 0.036      ; 0.314      ;
; 0.194 ; pulsecounter:cuenta_j2|count_o[0] ; pulsecounter:cuenta_j2|count_o[0] ; pll25mhz:mi_pll|r_c0 ; pll25mhz:mi_pll|r_c0 ; 0.000        ; 0.036      ; 0.314      ;
; 0.205 ; ballhitbox:pelota|pausa_count[24] ; ballhitbox:pelota|pausa_count[24] ; pll25mhz:mi_pll|r_c0 ; pll25mhz:mi_pll|r_c0 ; 0.000        ; 0.036      ; 0.325      ;
; 0.205 ; ballhitbox:pelota|speed_cnt[21]   ; ballhitbox:pelota|speed_cnt[21]   ; pll25mhz:mi_pll|r_c0 ; pll25mhz:mi_pll|r_c0 ; 0.000        ; 0.036      ; 0.325      ;
; 0.210 ; pulsecounter:cuenta_j2|count_o[2] ; pulsecounter:cuenta_j2|count_o[3] ; pll25mhz:mi_pll|r_c0 ; pll25mhz:mi_pll|r_c0 ; 0.000        ; 0.036      ; 0.330      ;
; 0.211 ; pad:raqueta_izq|pady_o[9]         ; pad:raqueta_izq|pady_o[9]         ; pll25mhz:mi_pll|r_c0 ; pll25mhz:mi_pll|r_c0 ; 0.000        ; 0.037      ; 0.332      ;
; 0.213 ; pulsecounter:cuenta_j1|count_o[1] ; pulsecounter:cuenta_j1|count_o[2] ; pll25mhz:mi_pll|r_c0 ; pll25mhz:mi_pll|r_c0 ; 0.000        ; 0.036      ; 0.333      ;
; 0.213 ; pulsecounter:cuenta_j1|count_o[1] ; pulsecounter:cuenta_j1|count_o[3] ; pll25mhz:mi_pll|r_c0 ; pll25mhz:mi_pll|r_c0 ; 0.000        ; 0.036      ; 0.333      ;
; 0.214 ; pulsecounter:cuenta_j2|count_o[0] ; pulsecounter:cuenta_j2|count_o[1] ; pll25mhz:mi_pll|r_c0 ; pll25mhz:mi_pll|r_c0 ; 0.000        ; 0.036      ; 0.334      ;
; 0.214 ; pulsecounter:cuenta_j1|count_o[3] ; pulsecounter:cuenta_j1|count_o[1] ; pll25mhz:mi_pll|r_c0 ; pll25mhz:mi_pll|r_c0 ; 0.000        ; 0.036      ; 0.334      ;
; 0.230 ; vga:vga_principal|pixelx_o[8]     ; flipflop:flip_hsync|dato_o        ; pll25mhz:mi_pll|r_c0 ; pll25mhz:mi_pll|r_c0 ; 0.000        ; 0.036      ; 0.350      ;
; 0.295 ; ballhitbox:pelota|pausa_count[11] ; ballhitbox:pelota|pausa_count[11] ; pll25mhz:mi_pll|r_c0 ; pll25mhz:mi_pll|r_c0 ; 0.000        ; 0.037      ; 0.416      ;
; 0.296 ; ballhitbox:pelota|pausa_count[9]  ; ballhitbox:pelota|pausa_count[9]  ; pll25mhz:mi_pll|r_c0 ; pll25mhz:mi_pll|r_c0 ; 0.000        ; 0.037      ; 0.417      ;
; 0.296 ; pad:raqueta_der|contador[13]      ; pad:raqueta_der|contador[13]      ; pll25mhz:mi_pll|r_c0 ; pll25mhz:mi_pll|r_c0 ; 0.000        ; 0.037      ; 0.417      ;
; 0.296 ; pad:raqueta_der|contador[11]      ; pad:raqueta_der|contador[11]      ; pll25mhz:mi_pll|r_c0 ; pll25mhz:mi_pll|r_c0 ; 0.000        ; 0.037      ; 0.417      ;
; 0.296 ; pad:raqueta_der|contador[7]       ; pad:raqueta_der|contador[7]       ; pll25mhz:mi_pll|r_c0 ; pll25mhz:mi_pll|r_c0 ; 0.000        ; 0.037      ; 0.417      ;
; 0.296 ; pad:raqueta_der|contador[5]       ; pad:raqueta_der|contador[5]       ; pll25mhz:mi_pll|r_c0 ; pll25mhz:mi_pll|r_c0 ; 0.000        ; 0.037      ; 0.417      ;
; 0.297 ; ballhitbox:pelota|pausa_count[2]  ; ballhitbox:pelota|pausa_count[2]  ; pll25mhz:mi_pll|r_c0 ; pll25mhz:mi_pll|r_c0 ; 0.000        ; 0.037      ; 0.418      ;
; 0.297 ; ballhitbox:pelota|pausa_count[5]  ; ballhitbox:pelota|pausa_count[5]  ; pll25mhz:mi_pll|r_c0 ; pll25mhz:mi_pll|r_c0 ; 0.000        ; 0.037      ; 0.418      ;
; 0.297 ; ballhitbox:pelota|pausa_count[7]  ; ballhitbox:pelota|pausa_count[7]  ; pll25mhz:mi_pll|r_c0 ; pll25mhz:mi_pll|r_c0 ; 0.000        ; 0.037      ; 0.418      ;
; 0.297 ; ballhitbox:pelota|pausa_count[10] ; ballhitbox:pelota|pausa_count[10] ; pll25mhz:mi_pll|r_c0 ; pll25mhz:mi_pll|r_c0 ; 0.000        ; 0.037      ; 0.418      ;
; 0.297 ; ballhitbox:pelota|speed_cnt[9]    ; ballhitbox:pelota|speed_cnt[9]    ; pll25mhz:mi_pll|r_c0 ; pll25mhz:mi_pll|r_c0 ; 0.000        ; 0.036      ; 0.417      ;
; 0.297 ; pad:raqueta_der|contador[15]      ; pad:raqueta_der|contador[15]      ; pll25mhz:mi_pll|r_c0 ; pll25mhz:mi_pll|r_c0 ; 0.000        ; 0.037      ; 0.418      ;
; 0.297 ; pad:raqueta_der|contador[10]      ; pad:raqueta_der|contador[10]      ; pll25mhz:mi_pll|r_c0 ; pll25mhz:mi_pll|r_c0 ; 0.000        ; 0.037      ; 0.418      ;
; 0.297 ; pad:raqueta_der|contador[8]       ; pad:raqueta_der|contador[8]       ; pll25mhz:mi_pll|r_c0 ; pll25mhz:mi_pll|r_c0 ; 0.000        ; 0.037      ; 0.418      ;
; 0.298 ; ballhitbox:pelota|pausa_count[17] ; ballhitbox:pelota|pausa_count[17] ; pll25mhz:mi_pll|r_c0 ; pll25mhz:mi_pll|r_c0 ; 0.000        ; 0.036      ; 0.418      ;
; 0.298 ; ballhitbox:pelota|pausa_count[1]  ; ballhitbox:pelota|pausa_count[1]  ; pll25mhz:mi_pll|r_c0 ; pll25mhz:mi_pll|r_c0 ; 0.000        ; 0.037      ; 0.419      ;
; 0.298 ; ballhitbox:pelota|pausa_count[3]  ; ballhitbox:pelota|pausa_count[3]  ; pll25mhz:mi_pll|r_c0 ; pll25mhz:mi_pll|r_c0 ; 0.000        ; 0.037      ; 0.419      ;
; 0.298 ; ballhitbox:pelota|pausa_count[12] ; ballhitbox:pelota|pausa_count[12] ; pll25mhz:mi_pll|r_c0 ; pll25mhz:mi_pll|r_c0 ; 0.000        ; 0.036      ; 0.418      ;
; 0.298 ; ballhitbox:pelota|pausa_count[13] ; ballhitbox:pelota|pausa_count[13] ; pll25mhz:mi_pll|r_c0 ; pll25mhz:mi_pll|r_c0 ; 0.000        ; 0.036      ; 0.418      ;
; 0.298 ; ballhitbox:pelota|pausa_count[15] ; ballhitbox:pelota|pausa_count[15] ; pll25mhz:mi_pll|r_c0 ; pll25mhz:mi_pll|r_c0 ; 0.000        ; 0.036      ; 0.418      ;
; 0.298 ; ballhitbox:pelota|speed_cnt[7]    ; ballhitbox:pelota|speed_cnt[7]    ; pll25mhz:mi_pll|r_c0 ; pll25mhz:mi_pll|r_c0 ; 0.000        ; 0.036      ; 0.418      ;
; 0.298 ; ballhitbox:pelota|speed_cnt[3]    ; ballhitbox:pelota|speed_cnt[3]    ; pll25mhz:mi_pll|r_c0 ; pll25mhz:mi_pll|r_c0 ; 0.000        ; 0.036      ; 0.418      ;
; 0.298 ; pad:raqueta_der|contador[12]      ; pad:raqueta_der|contador[12]      ; pll25mhz:mi_pll|r_c0 ; pll25mhz:mi_pll|r_c0 ; 0.000        ; 0.037      ; 0.419      ;
; 0.298 ; pad:raqueta_der|contador[4]       ; pad:raqueta_der|contador[4]       ; pll25mhz:mi_pll|r_c0 ; pll25mhz:mi_pll|r_c0 ; 0.000        ; 0.037      ; 0.419      ;
; 0.298 ; pad:raqueta_der|contador[2]       ; pad:raqueta_der|contador[2]       ; pll25mhz:mi_pll|r_c0 ; pll25mhz:mi_pll|r_c0 ; 0.000        ; 0.037      ; 0.419      ;
; 0.298 ; pad:raqueta_der|contador[1]       ; pad:raqueta_der|contador[1]       ; pll25mhz:mi_pll|r_c0 ; pll25mhz:mi_pll|r_c0 ; 0.000        ; 0.037      ; 0.419      ;
; 0.299 ; ballhitbox:pelota|pausa_count[6]  ; ballhitbox:pelota|pausa_count[6]  ; pll25mhz:mi_pll|r_c0 ; pll25mhz:mi_pll|r_c0 ; 0.000        ; 0.037      ; 0.420      ;
; 0.299 ; ballhitbox:pelota|pausa_count[8]  ; ballhitbox:pelota|pausa_count[8]  ; pll25mhz:mi_pll|r_c0 ; pll25mhz:mi_pll|r_c0 ; 0.000        ; 0.037      ; 0.420      ;
; 0.299 ; ballhitbox:pelota|pausa_count[14] ; ballhitbox:pelota|pausa_count[14] ; pll25mhz:mi_pll|r_c0 ; pll25mhz:mi_pll|r_c0 ; 0.000        ; 0.036      ; 0.419      ;
; 0.299 ; ballhitbox:pelota|pausa_count[19] ; ballhitbox:pelota|pausa_count[19] ; pll25mhz:mi_pll|r_c0 ; pll25mhz:mi_pll|r_c0 ; 0.000        ; 0.036      ; 0.419      ;
; 0.299 ; ballhitbox:pelota|speed_cnt[19]   ; ballhitbox:pelota|speed_cnt[19]   ; pll25mhz:mi_pll|r_c0 ; pll25mhz:mi_pll|r_c0 ; 0.000        ; 0.036      ; 0.419      ;
; 0.299 ; ballhitbox:pelota|speed_cnt[6]    ; ballhitbox:pelota|speed_cnt[6]    ; pll25mhz:mi_pll|r_c0 ; pll25mhz:mi_pll|r_c0 ; 0.000        ; 0.036      ; 0.419      ;
; 0.300 ; ballhitbox:pelota|pausa_count[16] ; ballhitbox:pelota|pausa_count[16] ; pll25mhz:mi_pll|r_c0 ; pll25mhz:mi_pll|r_c0 ; 0.000        ; 0.036      ; 0.420      ;
; 0.300 ; ballhitbox:pelota|pausa_count[18] ; ballhitbox:pelota|pausa_count[18] ; pll25mhz:mi_pll|r_c0 ; pll25mhz:mi_pll|r_c0 ; 0.000        ; 0.036      ; 0.420      ;
; 0.300 ; ballhitbox:pelota|pausa_count[20] ; ballhitbox:pelota|pausa_count[20] ; pll25mhz:mi_pll|r_c0 ; pll25mhz:mi_pll|r_c0 ; 0.000        ; 0.036      ; 0.420      ;
; 0.300 ; ballhitbox:pelota|pausa_count[21] ; ballhitbox:pelota|pausa_count[21] ; pll25mhz:mi_pll|r_c0 ; pll25mhz:mi_pll|r_c0 ; 0.000        ; 0.036      ; 0.420      ;
; 0.300 ; ballhitbox:pelota|speed_cnt[4]    ; ballhitbox:pelota|speed_cnt[4]    ; pll25mhz:mi_pll|r_c0 ; pll25mhz:mi_pll|r_c0 ; 0.000        ; 0.036      ; 0.420      ;
; 0.301 ; ballhitbox:pelota|speed_cnt[20]   ; ballhitbox:pelota|speed_cnt[20]   ; pll25mhz:mi_pll|r_c0 ; pll25mhz:mi_pll|r_c0 ; 0.000        ; 0.036      ; 0.421      ;
; 0.304 ; ballhitbox:pelota|speed_cnt[10]   ; ballhitbox:pelota|speed_cnt[10]   ; pll25mhz:mi_pll|r_c0 ; pll25mhz:mi_pll|r_c0 ; 0.000        ; 0.036      ; 0.424      ;
; 0.304 ; ballhitbox:pelota|speed_cnt[1]    ; ballhitbox:pelota|speed_cnt[1]    ; pll25mhz:mi_pll|r_c0 ; pll25mhz:mi_pll|r_c0 ; 0.000        ; 0.036      ; 0.424      ;
; 0.304 ; pad:raqueta_der|contador[3]       ; pad:raqueta_der|contador[3]       ; pll25mhz:mi_pll|r_c0 ; pll25mhz:mi_pll|r_c0 ; 0.000        ; 0.037      ; 0.425      ;
; 0.305 ; ballhitbox:pelota|pausa_count[23] ; ballhitbox:pelota|pausa_count[23] ; pll25mhz:mi_pll|r_c0 ; pll25mhz:mi_pll|r_c0 ; 0.000        ; 0.036      ; 0.425      ;
; 0.305 ; ballhitbox:pelota|speed_cnt[11]   ; ballhitbox:pelota|speed_cnt[11]   ; pll25mhz:mi_pll|r_c0 ; pll25mhz:mi_pll|r_c0 ; 0.000        ; 0.036      ; 0.425      ;
; 0.306 ; ballhitbox:pelota|pausa_count[4]  ; ballhitbox:pelota|pausa_count[4]  ; pll25mhz:mi_pll|r_c0 ; pll25mhz:mi_pll|r_c0 ; 0.000        ; 0.037      ; 0.427      ;
; 0.306 ; ballhitbox:pelota|speed_cnt[14]   ; ballhitbox:pelota|speed_cnt[14]   ; pll25mhz:mi_pll|r_c0 ; pll25mhz:mi_pll|r_c0 ; 0.000        ; 0.036      ; 0.426      ;
; 0.306 ; ballhitbox:pelota|speed_cnt[12]   ; ballhitbox:pelota|speed_cnt[12]   ; pll25mhz:mi_pll|r_c0 ; pll25mhz:mi_pll|r_c0 ; 0.000        ; 0.036      ; 0.426      ;
; 0.306 ; ballhitbox:pelota|speed_cnt[2]    ; ballhitbox:pelota|speed_cnt[2]    ; pll25mhz:mi_pll|r_c0 ; pll25mhz:mi_pll|r_c0 ; 0.000        ; 0.036      ; 0.426      ;
; 0.308 ; ballhitbox:pelota|ballx_o[9]      ; ballhitbox:pelota|ballx_o[9]      ; pll25mhz:mi_pll|r_c0 ; pll25mhz:mi_pll|r_c0 ; 0.000        ; 0.037      ; 0.429      ;
; 0.308 ; ballhitbox:pelota|pausa_count[22] ; ballhitbox:pelota|pausa_count[22] ; pll25mhz:mi_pll|r_c0 ; pll25mhz:mi_pll|r_c0 ; 0.000        ; 0.036      ; 0.428      ;
; 0.309 ; ballhitbox:pelota|ballx_o[7]      ; ballhitbox:pelota|ballx_o[7]      ; pll25mhz:mi_pll|r_c0 ; pll25mhz:mi_pll|r_c0 ; 0.000        ; 0.037      ; 0.430      ;
; 0.309 ; pad:raqueta_izq|pady_o[6]         ; pad:raqueta_izq|pady_o[6]         ; pll25mhz:mi_pll|r_c0 ; pll25mhz:mi_pll|r_c0 ; 0.000        ; 0.037      ; 0.430      ;
; 0.310 ; ballhitbox:pelota|pausa_count[0]  ; ballhitbox:pelota|pausa_count[0]  ; pll25mhz:mi_pll|r_c0 ; pll25mhz:mi_pll|r_c0 ; 0.000        ; 0.037      ; 0.431      ;
; 0.310 ; ballhitbox:pelota|ballx_o[8]      ; ballhitbox:pelota|ballx_o[8]      ; pll25mhz:mi_pll|r_c0 ; pll25mhz:mi_pll|r_c0 ; 0.000        ; 0.037      ; 0.431      ;
; 0.310 ; pulsecounter:cuenta_j2|count_o[2] ; pulsecounter:cuenta_j2|count_o[1] ; pll25mhz:mi_pll|r_c0 ; pll25mhz:mi_pll|r_c0 ; 0.000        ; 0.036      ; 0.430      ;
; 0.311 ; ballhitbox:pelota|ballx_o[6]      ; ballhitbox:pelota|ballx_o[6]      ; pll25mhz:mi_pll|r_c0 ; pll25mhz:mi_pll|r_c0 ; 0.000        ; 0.037      ; 0.432      ;
; 0.311 ; pulsecounter:cuenta_j2|count_o[1] ; pulsecounter:cuenta_j2|count_o[3] ; pll25mhz:mi_pll|r_c0 ; pll25mhz:mi_pll|r_c0 ; 0.000        ; 0.036      ; 0.431      ;
; 0.312 ; pulsecounter:cuenta_j1|count_o[0] ; pulsecounter:cuenta_j1|count_o[3] ; pll25mhz:mi_pll|r_c0 ; pll25mhz:mi_pll|r_c0 ; 0.000        ; 0.036      ; 0.432      ;
; 0.312 ; pulsecounter:cuenta_j2|count_o[1] ; pulsecounter:cuenta_j2|count_o[2] ; pll25mhz:mi_pll|r_c0 ; pll25mhz:mi_pll|r_c0 ; 0.000        ; 0.036      ; 0.432      ;
; 0.313 ; pad:raqueta_der|pady_o[8]         ; pad:raqueta_der|pady_o[8]         ; pll25mhz:mi_pll|r_c0 ; pll25mhz:mi_pll|r_c0 ; 0.000        ; 0.036      ; 0.433      ;
; 0.314 ; pad:raqueta_der|pady_o[7]         ; pad:raqueta_der|pady_o[7]         ; pll25mhz:mi_pll|r_c0 ; pll25mhz:mi_pll|r_c0 ; 0.000        ; 0.036      ; 0.434      ;
; 0.314 ; pulsecounter:cuenta_j1|count_o[0] ; pulsecounter:cuenta_j1|count_o[1] ; pll25mhz:mi_pll|r_c0 ; pll25mhz:mi_pll|r_c0 ; 0.000        ; 0.036      ; 0.434      ;
; 0.315 ; ballhitbox:pelota|ballx_o[2]      ; ballhitbox:pelota|ballx_o[2]      ; pll25mhz:mi_pll|r_c0 ; pll25mhz:mi_pll|r_c0 ; 0.000        ; 0.037      ; 0.436      ;
; 0.315 ; pad:raqueta_der|pady_o[9]         ; pad:raqueta_der|pady_o[9]         ; pll25mhz:mi_pll|r_c0 ; pll25mhz:mi_pll|r_c0 ; 0.000        ; 0.036      ; 0.435      ;
; 0.315 ; pulsecounter:cuenta_j1|count_o[2] ; pulsecounter:cuenta_j1|count_o[1] ; pll25mhz:mi_pll|r_c0 ; pll25mhz:mi_pll|r_c0 ; 0.000        ; 0.036      ; 0.435      ;
; 0.315 ; pulsecounter:cuenta_j1|count_o[2] ; pulsecounter:cuenta_j1|count_o[3] ; pll25mhz:mi_pll|r_c0 ; pll25mhz:mi_pll|r_c0 ; 0.000        ; 0.036      ; 0.435      ;
; 0.316 ; pad:raqueta_izq|pady_o[1]         ; pad:raqueta_izq|pady_o[1]         ; pll25mhz:mi_pll|r_c0 ; pll25mhz:mi_pll|r_c0 ; 0.000        ; 0.037      ; 0.437      ;
; 0.316 ; pulsecounter:cuenta_j2|count_o[0] ; pulsecounter:cuenta_j2|count_o[3] ; pll25mhz:mi_pll|r_c0 ; pll25mhz:mi_pll|r_c0 ; 0.000        ; 0.036      ; 0.436      ;
; 0.316 ; pulsecounter:cuenta_j2|count_o[0] ; pulsecounter:cuenta_j2|count_o[2] ; pll25mhz:mi_pll|r_c0 ; pll25mhz:mi_pll|r_c0 ; 0.000        ; 0.036      ; 0.436      ;
; 0.319 ; pad:raqueta_der|pady_o[2]         ; pad:raqueta_der|pady_o[2]         ; pll25mhz:mi_pll|r_c0 ; pll25mhz:mi_pll|r_c0 ; 0.000        ; 0.036      ; 0.439      ;
; 0.319 ; pulsecounter:cuenta_j2|count_o[3] ; pulsecounter:cuenta_j2|count_o[1] ; pll25mhz:mi_pll|r_c0 ; pll25mhz:mi_pll|r_c0 ; 0.000        ; 0.036      ; 0.439      ;
; 0.321 ; vga:vga_principal|pixely_o[8]     ; vga:vga_principal|pixely_o[8]     ; pll25mhz:mi_pll|r_c0 ; pll25mhz:mi_pll|r_c0 ; 0.000        ; 0.036      ; 0.441      ;
; 0.321 ; vga:vga_principal|pixely_o[7]     ; vga:vga_principal|pixely_o[7]     ; pll25mhz:mi_pll|r_c0 ; pll25mhz:mi_pll|r_c0 ; 0.000        ; 0.036      ; 0.441      ;
; 0.321 ; vga:vga_principal|pixelx_o[7]     ; vga:vga_principal|pixelx_o[7]     ; pll25mhz:mi_pll|r_c0 ; pll25mhz:mi_pll|r_c0 ; 0.000        ; 0.037      ; 0.442      ;
; 0.321 ; pad:raqueta_izq|pady_o[4]         ; pad:raqueta_izq|pady_o[4]         ; pll25mhz:mi_pll|r_c0 ; pll25mhz:mi_pll|r_c0 ; 0.000        ; 0.037      ; 0.442      ;
; 0.322 ; vga:vga_principal|pixely_o[5]     ; vga:vga_principal|pixely_o[5]     ; pll25mhz:mi_pll|r_c0 ; pll25mhz:mi_pll|r_c0 ; 0.000        ; 0.036      ; 0.442      ;
; 0.322 ; vga:vga_principal|pixelx_o[6]     ; vga:vga_principal|pixelx_o[6]     ; pll25mhz:mi_pll|r_c0 ; pll25mhz:mi_pll|r_c0 ; 0.000        ; 0.037      ; 0.443      ;
; 0.322 ; ballhitbox:pelota|ballx_o[5]      ; ballhitbox:pelota|ballx_o[5]      ; pll25mhz:mi_pll|r_c0 ; pll25mhz:mi_pll|r_c0 ; 0.000        ; 0.037      ; 0.443      ;
; 0.322 ; pad:raqueta_izq|pady_o[5]         ; pad:raqueta_izq|pady_o[5]         ; pll25mhz:mi_pll|r_c0 ; pll25mhz:mi_pll|r_c0 ; 0.000        ; 0.037      ; 0.443      ;
; 0.325 ; vga:vga_principal|pixelx_o[1]     ; vga:vga_principal|pixelx_o[1]     ; pll25mhz:mi_pll|r_c0 ; pll25mhz:mi_pll|r_c0 ; 0.000        ; 0.037      ; 0.446      ;
; 0.326 ; vga:vga_principal|pixely_o[1]     ; vga:vga_principal|pixely_o[1]     ; pll25mhz:mi_pll|r_c0 ; pll25mhz:mi_pll|r_c0 ; 0.000        ; 0.036      ; 0.446      ;
; 0.326 ; vga:vga_principal|pixelx_o[4]     ; vga:vga_principal|pixelx_o[4]     ; pll25mhz:mi_pll|r_c0 ; pll25mhz:mi_pll|r_c0 ; 0.000        ; 0.037      ; 0.447      ;
; 0.326 ; vga:vga_principal|pixelx_o[0]     ; vga:vga_principal|pixelx_o[0]     ; pll25mhz:mi_pll|r_c0 ; pll25mhz:mi_pll|r_c0 ; 0.000        ; 0.037      ; 0.447      ;
; 0.327 ; vga:vga_principal|pixely_o[6]     ; vga:vga_principal|pixely_o[6]     ; pll25mhz:mi_pll|r_c0 ; pll25mhz:mi_pll|r_c0 ; 0.000        ; 0.036      ; 0.447      ;
+-------+-----------------------------------+-----------------------------------+----------------------+----------------------+--------------+------------+------------+


----------------------------------------------
; Fast 1200mV 0C Model Metastability Summary ;
----------------------------------------------
Design MTBF is not calculated because the design doesn't meet its timing requirements.



+-------------------------------------------------------------------------------------+
; Multicorner Timing Analysis Summary                                                 ;
+-----------------------+----------+-------+----------+---------+---------------------+
; Clock                 ; Setup    ; Hold  ; Recovery ; Removal ; Minimum Pulse Width ;
+-----------------------+----------+-------+----------+---------+---------------------+
; Worst-case Slack      ; -7.129   ; 0.179 ; N/A      ; N/A     ; -3.000              ;
;  clk                  ; -3.183   ; 0.179 ; N/A      ; N/A     ; -3.000              ;
;  pll25mhz:mi_pll|r_c0 ; -7.129   ; 0.187 ; N/A      ; N/A     ; -1.487              ;
; Design-wide TNS       ; -573.585 ; 0.0   ; 0.0      ; 0.0     ; -269.173            ;
;  clk                  ; -84.626  ; 0.000 ; N/A      ; N/A     ; -56.532             ;
;  pll25mhz:mi_pll|r_c0 ; -488.959 ; 0.000 ; N/A      ; N/A     ; -212.641            ;
+-----------------------+----------+-------+----------+---------+---------------------+


+------------------------------------------------------------------------------------------------------------------------------------------------------------------------------------------------------------------------------------------------------------------------------------------------------------------------------------------------------------------------------------------------------------------+
; Board Trace Model Assignments                                                                                                                                                                                                                                                                                                                                                                                    ;
+---------------+--------------+-------------------+-------------------------+-------------------------+---------------+---------------------+----------------+------------------+--------+------------------+------------------------+------------------------+--------------+---------------+-----------------+-------+---------------------+--------------------+---------------+-----------------+-------------+
; Pin           ; I/O Standard ; Near Tline Length ; Near Tline L per Length ; Near Tline C per Length ; Near Series R ; Near Differential R ; Near Pull-up R ; Near Pull-down R ; Near C ; Far Tline Length ; Far Tline L per Length ; Far Tline C per Length ; Far Series R ; Far Pull-up R ; Far Pull-down R ; Far C ; Termination Voltage ; Far Differential R ; EBD File Name ; EBD Signal Name ; EBD Far-end ;
+---------------+--------------+-------------------+-------------------------+-------------------------+---------------+---------------------+----------------+------------------+--------+------------------+------------------------+------------------------+--------------+---------------+-----------------+-------+---------------------+--------------------+---------------+-----------------+-------------+
; hsync_o       ; 2.5 V        ; 0 in              ; 0 H/in                  ; 0 F/in                  ; short         ; -                   ; open           ; open             ; open   ; 0 in             ; 0 H/in                 ; 0 F/in                 ; short        ; open          ; open            ; open  ; 0 V                 ; -                  ; n/a           ; n/a             ; n/a         ;
; vsync_o       ; 2.5 V        ; 0 in              ; 0 H/in                  ; 0 F/in                  ; short         ; -                   ; open           ; open             ; open   ; 0 in             ; 0 H/in                 ; 0 F/in                 ; short        ; open          ; open            ; open  ; 0 V                 ; -                  ; n/a           ; n/a             ; n/a         ;
; clk_o         ; 2.5 V        ; 0 in              ; 0 H/in                  ; 0 F/in                  ; short         ; -                   ; open           ; open             ; open   ; 0 in             ; 0 H/in                 ; 0 F/in                 ; short        ; open          ; open            ; open  ; 0 V                 ; -                  ; n/a           ; n/a             ; n/a         ;
; r_o           ; 2.5 V        ; 0 in              ; 0 H/in                  ; 0 F/in                  ; short         ; -                   ; open           ; open             ; open   ; 0 in             ; 0 H/in                 ; 0 F/in                 ; short        ; open          ; open            ; open  ; 0 V                 ; -                  ; n/a           ; n/a             ; n/a         ;
; g_o           ; 2.5 V        ; 0 in              ; 0 H/in                  ; 0 F/in                  ; short         ; -                   ; open           ; open             ; open   ; 0 in             ; 0 H/in                 ; 0 F/in                 ; short        ; open          ; open            ; open  ; 0 V                 ; -                  ; n/a           ; n/a             ; n/a         ;
; b_o           ; 2.5 V        ; 0 in              ; 0 H/in                  ; 0 F/in                  ; short         ; -                   ; open           ; open             ; open   ; 0 in             ; 0 H/in                 ; 0 F/in                 ; short        ; open          ; open            ; open  ; 0 V                 ; -                  ; n/a           ; n/a             ; n/a         ;
; ~ALTERA_DCLK~ ; 2.5 V        ; 0 in              ; 0 H/in                  ; 0 F/in                  ; short         ; -                   ; open           ; open             ; open   ; 0 in             ; 0 H/in                 ; 0 F/in                 ; short        ; open          ; open            ; open  ; 0 V                 ; -                  ; n/a           ; n/a             ; n/a         ;
; ~ALTERA_nCEO~ ; 2.5 V        ; 0 in              ; 0 H/in                  ; 0 F/in                  ; short         ; -                   ; open           ; open             ; open   ; 0 in             ; 0 H/in                 ; 0 F/in                 ; short        ; open          ; open            ; open  ; 0 V                 ; -                  ; n/a           ; n/a             ; n/a         ;
+---------------+--------------+-------------------+-------------------------+-------------------------+---------------+---------------------+----------------+------------------+--------+------------------+------------------------+------------------------+--------------+---------------+-----------------+-------+---------------------+--------------------+---------------+-----------------+-------------+


+----------------------------------------------------------------------------+
; Input Transition Times                                                     ;
+-------------------------+--------------+-----------------+-----------------+
; Pin                     ; I/O Standard ; 10-90 Rise Time ; 90-10 Fall Time ;
+-------------------------+--------------+-----------------+-----------------+
; rst                     ; 2.5 V        ; 2000 ps         ; 2000 ps         ;
; clk                     ; 2.5 V        ; 2000 ps         ; 2000 ps         ;
; UART_RX                 ; 2.5 V        ; 2000 ps         ; 2000 ps         ;
; ~ALTERA_ASDO_DATA1~     ; 2.5 V        ; 2000 ps         ; 2000 ps         ;
; ~ALTERA_FLASH_nCE_nCSO~ ; 2.5 V        ; 2000 ps         ; 2000 ps         ;
; ~ALTERA_DATA0~          ; 2.5 V        ; 2000 ps         ; 2000 ps         ;
+-------------------------+--------------+-----------------+-----------------+


+--------------------------------------------------------------------------------------------------------------------------------------------------------------------------------------------------------------------------------------------------------------------------------------------------------------------------------------------------------------------------------------------------------------------------------------------------------------------------------------------------------------------------------------------------------------------------------------------------------------------------------------------------------------------------------------------+
; Signal Integrity Metrics (Slow 1200mv 0c Model)                                                                                                                                                                                                                                                                                                                                                                                                                                                                                                                                                                                                                                            ;
+---------------+--------------+---------------------+---------------------+------------------------------+------------------------------+---------------------+---------------------+--------------------------------------+--------------------------------------+-----------------------------+-----------------------------+----------------------------+----------------------------+-----------------------------+-----------------------------+--------------------+--------------------+-------------------------------------+-------------------------------------+----------------------------+----------------------------+---------------------------+---------------------------+
; Pin           ; I/O Standard ; Board Delay on Rise ; Board Delay on Fall ; Steady State Voh at FPGA Pin ; Steady State Vol at FPGA Pin ; Voh Max at FPGA Pin ; Vol Min at FPGA Pin ; Ringback Voltage on Rise at FPGA Pin ; Ringback Voltage on Fall at FPGA Pin ; 10-90 Rise Time at FPGA Pin ; 90-10 Fall Time at FPGA Pin ; Monotonic Rise at FPGA Pin ; Monotonic Fall at FPGA Pin ; Steady State Voh at Far-end ; Steady State Vol at Far-end ; Voh Max at Far-end ; Vol Min at Far-end ; Ringback Voltage on Rise at Far-end ; Ringback Voltage on Fall at Far-end ; 10-90 Rise Time at Far-end ; 90-10 Fall Time at Far-end ; Monotonic Rise at Far-end ; Monotonic Fall at Far-end ;
+---------------+--------------+---------------------+---------------------+------------------------------+------------------------------+---------------------+---------------------+--------------------------------------+--------------------------------------+-----------------------------+-----------------------------+----------------------------+----------------------------+-----------------------------+-----------------------------+--------------------+--------------------+-------------------------------------+-------------------------------------+----------------------------+----------------------------+---------------------------+---------------------------+
; hsync_o       ; 2.5 V        ; 0 s                 ; 0 s                 ; 2.32 V                       ; 2.8e-09 V                    ; 2.37 V              ; -0.00373 V          ; 0.104 V                              ; 0.011 V                              ; 4.34e-10 s                  ; 3.82e-10 s                  ; Yes                        ; Yes                        ; 2.32 V                      ; 2.8e-09 V                   ; 2.37 V             ; -0.00373 V         ; 0.104 V                             ; 0.011 V                             ; 4.34e-10 s                 ; 3.82e-10 s                 ; Yes                       ; Yes                       ;
; vsync_o       ; 2.5 V        ; 0 s                 ; 0 s                 ; 2.32 V                       ; 2.8e-09 V                    ; 2.33 V              ; -0.00425 V          ; 0.168 V                              ; 0.058 V                              ; 3.12e-09 s                  ; 2.87e-09 s                  ; Yes                        ; Yes                        ; 2.32 V                      ; 2.8e-09 V                   ; 2.33 V             ; -0.00425 V         ; 0.168 V                             ; 0.058 V                             ; 3.12e-09 s                 ; 2.87e-09 s                 ; Yes                       ; Yes                       ;
; clk_o         ; 2.5 V        ; 0 s                 ; 0 s                 ; 2.32 V                       ; 2.8e-09 V                    ; 2.37 V              ; -0.00373 V          ; 0.104 V                              ; 0.011 V                              ; 4.34e-10 s                  ; 3.82e-10 s                  ; Yes                        ; Yes                        ; 2.32 V                      ; 2.8e-09 V                   ; 2.37 V             ; -0.00373 V         ; 0.104 V                             ; 0.011 V                             ; 4.34e-10 s                 ; 3.82e-10 s                 ; Yes                       ; Yes                       ;
; r_o           ; 2.5 V        ; 0 s                 ; 0 s                 ; 2.32 V                       ; 2.8e-09 V                    ; 2.37 V              ; -0.00373 V          ; 0.104 V                              ; 0.011 V                              ; 4.34e-10 s                  ; 3.82e-10 s                  ; Yes                        ; Yes                        ; 2.32 V                      ; 2.8e-09 V                   ; 2.37 V             ; -0.00373 V         ; 0.104 V                             ; 0.011 V                             ; 4.34e-10 s                 ; 3.82e-10 s                 ; Yes                       ; Yes                       ;
; g_o           ; 2.5 V        ; 0 s                 ; 0 s                 ; 2.32 V                       ; 2.8e-09 V                    ; 2.37 V              ; -0.00373 V          ; 0.104 V                              ; 0.011 V                              ; 4.34e-10 s                  ; 3.82e-10 s                  ; Yes                        ; Yes                        ; 2.32 V                      ; 2.8e-09 V                   ; 2.37 V             ; -0.00373 V         ; 0.104 V                             ; 0.011 V                             ; 4.34e-10 s                 ; 3.82e-10 s                 ; Yes                       ; Yes                       ;
; b_o           ; 2.5 V        ; 0 s                 ; 0 s                 ; 2.32 V                       ; 2.8e-09 V                    ; 2.37 V              ; -0.00373 V          ; 0.104 V                              ; 0.011 V                              ; 4.34e-10 s                  ; 3.82e-10 s                  ; Yes                        ; Yes                        ; 2.32 V                      ; 2.8e-09 V                   ; 2.37 V             ; -0.00373 V         ; 0.104 V                             ; 0.011 V                             ; 4.34e-10 s                 ; 3.82e-10 s                 ; Yes                       ; Yes                       ;
; ~ALTERA_DCLK~ ; 2.5 V        ; 0 s                 ; 0 s                 ; 2.32 V                       ; 1.74e-09 V                   ; 2.37 V              ; -0.0346 V           ; 0.198 V                              ; 0.094 V                              ; 3.14e-10 s                  ; 2.92e-10 s                  ; Yes                        ; Yes                        ; 2.32 V                      ; 1.74e-09 V                  ; 2.37 V             ; -0.0346 V          ; 0.198 V                             ; 0.094 V                             ; 3.14e-10 s                 ; 2.92e-10 s                 ; Yes                       ; Yes                       ;
; ~ALTERA_nCEO~ ; 2.5 V        ; 0 s                 ; 0 s                 ; 2.32 V                       ; 2.57e-09 V                   ; 2.37 V              ; -0.00683 V          ; 0.171 V                              ; 0.018 V                              ; 4.97e-10 s                  ; 6.66e-10 s                  ; Yes                        ; Yes                        ; 2.32 V                      ; 2.57e-09 V                  ; 2.37 V             ; -0.00683 V         ; 0.171 V                             ; 0.018 V                             ; 4.97e-10 s                 ; 6.66e-10 s                 ; Yes                       ; Yes                       ;
+---------------+--------------+---------------------+---------------------+------------------------------+------------------------------+---------------------+---------------------+--------------------------------------+--------------------------------------+-----------------------------+-----------------------------+----------------------------+----------------------------+-----------------------------+-----------------------------+--------------------+--------------------+-------------------------------------+-------------------------------------+----------------------------+----------------------------+---------------------------+---------------------------+


+--------------------------------------------------------------------------------------------------------------------------------------------------------------------------------------------------------------------------------------------------------------------------------------------------------------------------------------------------------------------------------------------------------------------------------------------------------------------------------------------------------------------------------------------------------------------------------------------------------------------------------------------------------------------------------------------+
; Signal Integrity Metrics (Slow 1200mv 85c Model)                                                                                                                                                                                                                                                                                                                                                                                                                                                                                                                                                                                                                                           ;
+---------------+--------------+---------------------+---------------------+------------------------------+------------------------------+---------------------+---------------------+--------------------------------------+--------------------------------------+-----------------------------+-----------------------------+----------------------------+----------------------------+-----------------------------+-----------------------------+--------------------+--------------------+-------------------------------------+-------------------------------------+----------------------------+----------------------------+---------------------------+---------------------------+
; Pin           ; I/O Standard ; Board Delay on Rise ; Board Delay on Fall ; Steady State Voh at FPGA Pin ; Steady State Vol at FPGA Pin ; Voh Max at FPGA Pin ; Vol Min at FPGA Pin ; Ringback Voltage on Rise at FPGA Pin ; Ringback Voltage on Fall at FPGA Pin ; 10-90 Rise Time at FPGA Pin ; 90-10 Fall Time at FPGA Pin ; Monotonic Rise at FPGA Pin ; Monotonic Fall at FPGA Pin ; Steady State Voh at Far-end ; Steady State Vol at Far-end ; Voh Max at Far-end ; Vol Min at Far-end ; Ringback Voltage on Rise at Far-end ; Ringback Voltage on Fall at Far-end ; 10-90 Rise Time at Far-end ; 90-10 Fall Time at Far-end ; Monotonic Rise at Far-end ; Monotonic Fall at Far-end ;
+---------------+--------------+---------------------+---------------------+------------------------------+------------------------------+---------------------+---------------------+--------------------------------------+--------------------------------------+-----------------------------+-----------------------------+----------------------------+----------------------------+-----------------------------+-----------------------------+--------------------+--------------------+-------------------------------------+-------------------------------------+----------------------------+----------------------------+---------------------------+---------------------------+
; hsync_o       ; 2.5 V        ; 0 s                 ; 0 s                 ; 2.32 V                       ; 2.85e-07 V                   ; 2.35 V              ; -0.0123 V           ; 0.144 V                              ; 0.042 V                              ; 4.81e-10 s                  ; 4.81e-10 s                  ; Yes                        ; Yes                        ; 2.32 V                      ; 2.85e-07 V                  ; 2.35 V             ; -0.0123 V          ; 0.144 V                             ; 0.042 V                             ; 4.81e-10 s                 ; 4.81e-10 s                 ; Yes                       ; Yes                       ;
; vsync_o       ; 2.5 V        ; 0 s                 ; 0 s                 ; 2.32 V                       ; 2.85e-07 V                   ; 2.33 V              ; -0.00229 V          ; 0.111 V                              ; 0.057 V                              ; 3.78e-09 s                  ; 3.5e-09 s                   ; Yes                        ; Yes                        ; 2.32 V                      ; 2.85e-07 V                  ; 2.33 V             ; -0.00229 V         ; 0.111 V                             ; 0.057 V                             ; 3.78e-09 s                 ; 3.5e-09 s                  ; Yes                       ; Yes                       ;
; clk_o         ; 2.5 V        ; 0 s                 ; 0 s                 ; 2.32 V                       ; 2.85e-07 V                   ; 2.35 V              ; -0.0123 V           ; 0.144 V                              ; 0.042 V                              ; 4.81e-10 s                  ; 4.81e-10 s                  ; Yes                        ; Yes                        ; 2.32 V                      ; 2.85e-07 V                  ; 2.35 V             ; -0.0123 V          ; 0.144 V                             ; 0.042 V                             ; 4.81e-10 s                 ; 4.81e-10 s                 ; Yes                       ; Yes                       ;
; r_o           ; 2.5 V        ; 0 s                 ; 0 s                 ; 2.32 V                       ; 2.85e-07 V                   ; 2.35 V              ; -0.0123 V           ; 0.144 V                              ; 0.042 V                              ; 4.81e-10 s                  ; 4.81e-10 s                  ; Yes                        ; Yes                        ; 2.32 V                      ; 2.85e-07 V                  ; 2.35 V             ; -0.0123 V          ; 0.144 V                             ; 0.042 V                             ; 4.81e-10 s                 ; 4.81e-10 s                 ; Yes                       ; Yes                       ;
; g_o           ; 2.5 V        ; 0 s                 ; 0 s                 ; 2.32 V                       ; 2.85e-07 V                   ; 2.35 V              ; -0.0123 V           ; 0.144 V                              ; 0.042 V                              ; 4.81e-10 s                  ; 4.81e-10 s                  ; Yes                        ; Yes                        ; 2.32 V                      ; 2.85e-07 V                  ; 2.35 V             ; -0.0123 V          ; 0.144 V                             ; 0.042 V                             ; 4.81e-10 s                 ; 4.81e-10 s                 ; Yes                       ; Yes                       ;
; b_o           ; 2.5 V        ; 0 s                 ; 0 s                 ; 2.32 V                       ; 2.85e-07 V                   ; 2.35 V              ; -0.0123 V           ; 0.144 V                              ; 0.042 V                              ; 4.81e-10 s                  ; 4.81e-10 s                  ; Yes                        ; Yes                        ; 2.32 V                      ; 2.85e-07 V                  ; 2.35 V             ; -0.0123 V          ; 0.144 V                             ; 0.042 V                             ; 4.81e-10 s                 ; 4.81e-10 s                 ; Yes                       ; Yes                       ;
; ~ALTERA_DCLK~ ; 2.5 V        ; 0 s                 ; 0 s                 ; 2.32 V                       ; 1.55e-07 V                   ; 2.35 V              ; -0.00221 V          ; 0.097 V                              ; 0.005 V                              ; 4.49e-10 s                  ; 3.85e-10 s                  ; Yes                        ; Yes                        ; 2.32 V                      ; 1.55e-07 V                  ; 2.35 V             ; -0.00221 V         ; 0.097 V                             ; 0.005 V                             ; 4.49e-10 s                 ; 3.85e-10 s                 ; Yes                       ; Yes                       ;
; ~ALTERA_nCEO~ ; 2.5 V        ; 0 s                 ; 0 s                 ; 2.32 V                       ; 2.54e-07 V                   ; 2.34 V              ; -0.00774 V          ; 0.109 V                              ; 0.026 V                              ; 6.58e-10 s                  ; 8.24e-10 s                  ; Yes                        ; Yes                        ; 2.32 V                      ; 2.54e-07 V                  ; 2.34 V             ; -0.00774 V         ; 0.109 V                             ; 0.026 V                             ; 6.58e-10 s                 ; 8.24e-10 s                 ; Yes                       ; Yes                       ;
+---------------+--------------+---------------------+---------------------+------------------------------+------------------------------+---------------------+---------------------+--------------------------------------+--------------------------------------+-----------------------------+-----------------------------+----------------------------+----------------------------+-----------------------------+-----------------------------+--------------------+--------------------+-------------------------------------+-------------------------------------+----------------------------+----------------------------+---------------------------+---------------------------+


+--------------------------------------------------------------------------------------------------------------------------------------------------------------------------------------------------------------------------------------------------------------------------------------------------------------------------------------------------------------------------------------------------------------------------------------------------------------------------------------------------------------------------------------------------------------------------------------------------------------------------------------------------------------------------------------------+
; Signal Integrity Metrics (Fast 1200mv 0c Model)                                                                                                                                                                                                                                                                                                                                                                                                                                                                                                                                                                                                                                            ;
+---------------+--------------+---------------------+---------------------+------------------------------+------------------------------+---------------------+---------------------+--------------------------------------+--------------------------------------+-----------------------------+-----------------------------+----------------------------+----------------------------+-----------------------------+-----------------------------+--------------------+--------------------+-------------------------------------+-------------------------------------+----------------------------+----------------------------+---------------------------+---------------------------+
; Pin           ; I/O Standard ; Board Delay on Rise ; Board Delay on Fall ; Steady State Voh at FPGA Pin ; Steady State Vol at FPGA Pin ; Voh Max at FPGA Pin ; Vol Min at FPGA Pin ; Ringback Voltage on Rise at FPGA Pin ; Ringback Voltage on Fall at FPGA Pin ; 10-90 Rise Time at FPGA Pin ; 90-10 Fall Time at FPGA Pin ; Monotonic Rise at FPGA Pin ; Monotonic Fall at FPGA Pin ; Steady State Voh at Far-end ; Steady State Vol at Far-end ; Voh Max at Far-end ; Vol Min at Far-end ; Ringback Voltage on Rise at Far-end ; Ringback Voltage on Fall at Far-end ; 10-90 Rise Time at Far-end ; 90-10 Fall Time at Far-end ; Monotonic Rise at Far-end ; Monotonic Fall at Far-end ;
+---------------+--------------+---------------------+---------------------+------------------------------+------------------------------+---------------------+---------------------+--------------------------------------+--------------------------------------+-----------------------------+-----------------------------+----------------------------+----------------------------+-----------------------------+-----------------------------+--------------------+--------------------+-------------------------------------+-------------------------------------+----------------------------+----------------------------+---------------------------+---------------------------+
; hsync_o       ; 2.5 V        ; 0 s                 ; 0 s                 ; 2.62 V                       ; 4.05e-08 V                   ; 2.72 V              ; -0.0349 V           ; 0.173 V                              ; 0.1 V                                ; 2.72e-10 s                  ; 2.69e-10 s                  ; Yes                        ; Yes                        ; 2.62 V                      ; 4.05e-08 V                  ; 2.72 V             ; -0.0349 V          ; 0.173 V                             ; 0.1 V                               ; 2.72e-10 s                 ; 2.69e-10 s                 ; Yes                       ; Yes                       ;
; vsync_o       ; 2.5 V        ; 0 s                 ; 0 s                 ; 2.62 V                       ; 4.05e-08 V                   ; 2.64 V              ; -0.0113 V           ; 0.208 V                              ; 0.179 V                              ; 2.38e-09 s                  ; 2.23e-09 s                  ; No                         ; Yes                        ; 2.62 V                      ; 4.05e-08 V                  ; 2.64 V             ; -0.0113 V          ; 0.208 V                             ; 0.179 V                             ; 2.38e-09 s                 ; 2.23e-09 s                 ; No                        ; Yes                       ;
; clk_o         ; 2.5 V        ; 0 s                 ; 0 s                 ; 2.62 V                       ; 4.05e-08 V                   ; 2.72 V              ; -0.0349 V           ; 0.173 V                              ; 0.1 V                                ; 2.72e-10 s                  ; 2.69e-10 s                  ; Yes                        ; Yes                        ; 2.62 V                      ; 4.05e-08 V                  ; 2.72 V             ; -0.0349 V          ; 0.173 V                             ; 0.1 V                               ; 2.72e-10 s                 ; 2.69e-10 s                 ; Yes                       ; Yes                       ;
; r_o           ; 2.5 V        ; 0 s                 ; 0 s                 ; 2.62 V                       ; 4.05e-08 V                   ; 2.72 V              ; -0.0349 V           ; 0.173 V                              ; 0.1 V                                ; 2.72e-10 s                  ; 2.69e-10 s                  ; Yes                        ; Yes                        ; 2.62 V                      ; 4.05e-08 V                  ; 2.72 V             ; -0.0349 V          ; 0.173 V                             ; 0.1 V                               ; 2.72e-10 s                 ; 2.69e-10 s                 ; Yes                       ; Yes                       ;
; g_o           ; 2.5 V        ; 0 s                 ; 0 s                 ; 2.62 V                       ; 4.05e-08 V                   ; 2.72 V              ; -0.0349 V           ; 0.173 V                              ; 0.1 V                                ; 2.72e-10 s                  ; 2.69e-10 s                  ; Yes                        ; Yes                        ; 2.62 V                      ; 4.05e-08 V                  ; 2.72 V             ; -0.0349 V          ; 0.173 V                             ; 0.1 V                               ; 2.72e-10 s                 ; 2.69e-10 s                 ; Yes                       ; Yes                       ;
; b_o           ; 2.5 V        ; 0 s                 ; 0 s                 ; 2.62 V                       ; 4.05e-08 V                   ; 2.72 V              ; -0.0349 V           ; 0.173 V                              ; 0.1 V                                ; 2.72e-10 s                  ; 2.69e-10 s                  ; Yes                        ; Yes                        ; 2.62 V                      ; 4.05e-08 V                  ; 2.72 V             ; -0.0349 V          ; 0.173 V                             ; 0.1 V                               ; 2.72e-10 s                 ; 2.69e-10 s                 ; Yes                       ; Yes                       ;
; ~ALTERA_DCLK~ ; 2.5 V        ; 0 s                 ; 0 s                 ; 2.62 V                       ; 2.22e-08 V                   ; 2.74 V              ; -0.06 V             ; 0.158 V                              ; 0.08 V                               ; 2.68e-10 s                  ; 2.19e-10 s                  ; Yes                        ; Yes                        ; 2.62 V                      ; 2.22e-08 V                  ; 2.74 V             ; -0.06 V            ; 0.158 V                             ; 0.08 V                              ; 2.68e-10 s                 ; 2.19e-10 s                 ; Yes                       ; Yes                       ;
; ~ALTERA_nCEO~ ; 2.5 V        ; 0 s                 ; 0 s                 ; 2.62 V                       ; 3.54e-08 V                   ; 2.7 V               ; -0.00943 V          ; 0.276 V                              ; 0.035 V                              ; 3.19e-10 s                  ; 4.99e-10 s                  ; No                         ; Yes                        ; 2.62 V                      ; 3.54e-08 V                  ; 2.7 V              ; -0.00943 V         ; 0.276 V                             ; 0.035 V                             ; 3.19e-10 s                 ; 4.99e-10 s                 ; No                        ; Yes                       ;
+---------------+--------------+---------------------+---------------------+------------------------------+------------------------------+---------------------+---------------------+--------------------------------------+--------------------------------------+-----------------------------+-----------------------------+----------------------------+----------------------------+-----------------------------+-----------------------------+--------------------+--------------------+-------------------------------------+-------------------------------------+----------------------------+----------------------------+---------------------------+---------------------------+


+-----------------------------------------------------------------------------------------+
; Setup Transfers                                                                         ;
+----------------------+----------------------+----------+----------+----------+----------+
; From Clock           ; To Clock             ; RR Paths ; FR Paths ; RF Paths ; FF Paths ;
+----------------------+----------------------+----------+----------+----------+----------+
; clk                  ; clk                  ; 895      ; 0        ; 0        ; 0        ;
; pll25mhz:mi_pll|r_c0 ; clk                  ; 1        ; 1        ; 0        ; 0        ;
; clk                  ; pll25mhz:mi_pll|r_c0 ; 108      ; 0        ; 0        ; 0        ;
; pll25mhz:mi_pll|r_c0 ; pll25mhz:mi_pll|r_c0 ; 13822    ; 0        ; 0        ; 0        ;
+----------------------+----------------------+----------+----------+----------+----------+
Entries labeled "false path" only account for clock-to-clock false paths and not path-based false paths. As a result, actual path counts may be lower than reported.


+-----------------------------------------------------------------------------------------+
; Hold Transfers                                                                          ;
+----------------------+----------------------+----------+----------+----------+----------+
; From Clock           ; To Clock             ; RR Paths ; FR Paths ; RF Paths ; FF Paths ;
+----------------------+----------------------+----------+----------+----------+----------+
; clk                  ; clk                  ; 895      ; 0        ; 0        ; 0        ;
; pll25mhz:mi_pll|r_c0 ; clk                  ; 1        ; 1        ; 0        ; 0        ;
; clk                  ; pll25mhz:mi_pll|r_c0 ; 108      ; 0        ; 0        ; 0        ;
; pll25mhz:mi_pll|r_c0 ; pll25mhz:mi_pll|r_c0 ; 13822    ; 0        ; 0        ; 0        ;
+----------------------+----------------------+----------+----------+----------+----------+
Entries labeled "false path" only account for clock-to-clock false paths and not path-based false paths. As a result, actual path counts may be lower than reported.


---------------
; Report TCCS ;
---------------
No dedicated SERDES Transmitter circuitry present in device or used in design


---------------
; Report RSKM ;
---------------
No non-DPA dedicated SERDES Receiver circuitry present in device or used in design


+------------------------------------------------+
; Unconstrained Paths Summary                    ;
+---------------------------------+-------+------+
; Property                        ; Setup ; Hold ;
+---------------------------------+-------+------+
; Illegal Clocks                  ; 0     ; 0    ;
; Unconstrained Clocks            ; 0     ; 0    ;
; Unconstrained Input Ports       ; 2     ; 2    ;
; Unconstrained Input Port Paths  ; 148   ; 148  ;
; Unconstrained Output Ports      ; 6     ; 6    ;
; Unconstrained Output Port Paths ; 6     ; 6    ;
+---------------------------------+-------+------+


+------------------------------------------------------------------+
; Clock Status Summary                                             ;
+----------------------+----------------------+------+-------------+
; Target               ; Clock                ; Type ; Status      ;
+----------------------+----------------------+------+-------------+
; clk                  ; clk                  ; Base ; Constrained ;
; pll25mhz:mi_pll|r_c0 ; pll25mhz:mi_pll|r_c0 ; Base ; Constrained ;
+----------------------+----------------------+------+-------------+


+---------------------------------------------------------------------------------------------------+
; Unconstrained Input Ports                                                                         ;
+------------+--------------------------------------------------------------------------------------+
; Input Port ; Comment                                                                              ;
+------------+--------------------------------------------------------------------------------------+
; UART_RX    ; No input delay, min/max delays, false-path exceptions, or max skew assignments found ;
; rst        ; No input delay, min/max delays, false-path exceptions, or max skew assignments found ;
+------------+--------------------------------------------------------------------------------------+


+-----------------------------------------------------------------------------------------------------+
; Unconstrained Output Ports                                                                          ;
+-------------+---------------------------------------------------------------------------------------+
; Output Port ; Comment                                                                               ;
+-------------+---------------------------------------------------------------------------------------+
; b_o         ; No output delay, min/max delays, false-path exceptions, or max skew assignments found ;
; clk_o       ; No output delay, min/max delays, false-path exceptions, or max skew assignments found ;
; g_o         ; No output delay, min/max delays, false-path exceptions, or max skew assignments found ;
; hsync_o     ; No output delay, min/max delays, false-path exceptions, or max skew assignments found ;
; r_o         ; No output delay, min/max delays, false-path exceptions, or max skew assignments found ;
; vsync_o     ; No output delay, min/max delays, false-path exceptions, or max skew assignments found ;
+-------------+---------------------------------------------------------------------------------------+


+---------------------------------------------------------------------------------------------------+
; Unconstrained Input Ports                                                                         ;
+------------+--------------------------------------------------------------------------------------+
; Input Port ; Comment                                                                              ;
+------------+--------------------------------------------------------------------------------------+
; UART_RX    ; No input delay, min/max delays, false-path exceptions, or max skew assignments found ;
; rst        ; No input delay, min/max delays, false-path exceptions, or max skew assignments found ;
+------------+--------------------------------------------------------------------------------------+


+-----------------------------------------------------------------------------------------------------+
; Unconstrained Output Ports                                                                          ;
+-------------+---------------------------------------------------------------------------------------+
; Output Port ; Comment                                                                               ;
+-------------+---------------------------------------------------------------------------------------+
; b_o         ; No output delay, min/max delays, false-path exceptions, or max skew assignments found ;
; clk_o       ; No output delay, min/max delays, false-path exceptions, or max skew assignments found ;
; g_o         ; No output delay, min/max delays, false-path exceptions, or max skew assignments found ;
; hsync_o     ; No output delay, min/max delays, false-path exceptions, or max skew assignments found ;
; r_o         ; No output delay, min/max delays, false-path exceptions, or max skew assignments found ;
; vsync_o     ; No output delay, min/max delays, false-path exceptions, or max skew assignments found ;
+-------------+---------------------------------------------------------------------------------------+


+--------------------------+
; Timing Analyzer Messages ;
+--------------------------+
Info: *******************************************************************
Info: Running Quartus Prime Timing Analyzer
    Info: Version 25.1std.0 Build 1129 10/21/2025 SC Lite Edition
    Info: Processing started: Mon Jun  1 13:21:23 2026
Info: Command: quartus_sta top -c top
Info: qsta_default_script.tcl version: #1
Warning (18236): Number of processors has not been specified which may cause overloading on shared machines.  Set the global assignment NUM_PARALLEL_PROCESSORS in your QSF to an appropriate value for best performance.
Info (20030): Parallel compilation is enabled and will use 6 of the 6 processors detected
Info (21076): High junction temperature operating condition is not set. Assuming a default value of '85'.
Info (21076): Low junction temperature operating condition is not set. Assuming a default value of '0'.
Critical Warning (332012): Synopsys Design Constraints File file not found: 'top.sdc'. A Synopsys Design Constraints File is required by the Timing Analyzer to get proper timing constraints. Without it, the Compiler will not properly optimize the design.
Info (332142): No user constrained base clocks found in the design. Calling "derive_clocks -period 1.0"
Info (332105): Deriving Clocks
    Info (332105): create_clock -period 1.000 -name pll25mhz:mi_pll|r_c0 pll25mhz:mi_pll|r_c0
    Info (332105): create_clock -period 1.000 -name clk clk
Info (332143): No user constrained clock uncertainty found in the design. Calling "derive_clock_uncertainty"
Info (332123): Deriving Clock Uncertainty. Please refer to report_sdc in the Timing Analyzer to see clock uncertainties.
Info: Found TIMING_ANALYZER_REPORT_SCRIPT_INCLUDE_DEFAULT_ANALYSIS = ON
Info: Analyzing Slow 1200mV 85C Model
Critical Warning (332148): Timing requirements not met
    Info (11105): For recommendations on closing timing, run Report Timing Closure Recommendations in the Timing Analyzer.
Info (332146): Worst-case setup slack is -7.129
    Info (332119):     Slack       End Point TNS Clock 
    Info (332119): ========= =================== =====================
    Info (332119):    -7.129            -488.959 pll25mhz:mi_pll|r_c0 
    Info (332119):    -3.183             -84.626 clk 
Info (332146): Worst-case hold slack is 0.434
    Info (332119):     Slack       End Point TNS Clock 
    Info (332119): ========= =================== =====================
    Info (332119):     0.434               0.000 clk 
    Info (332119):     0.453               0.000 pll25mhz:mi_pll|r_c0 
Info (332140): No Recovery paths to report
Info (332140): No Removal paths to report
Info (332146): Worst-case minimum pulse width slack is -3.000
    Info (332119):     Slack       End Point TNS Clock 
    Info (332119): ========= =================== =====================
    Info (332119):    -3.000             -56.532 clk 
    Info (332119):    -1.487            -212.641 pll25mhz:mi_pll|r_c0 
Info (332114): Report Metastability: Found 1 synchronizer chains.
    Info (332114): Design MTBF is not calculated because the design doesn't meet its timing requirements.
Info: Analyzing Slow 1200mV 0C Model
Info (334003): Started post-fitting delay annotation
Info (334004): Delay annotation completed successfully
Info (332123): Deriving Clock Uncertainty. Please refer to report_sdc in the Timing Analyzer to see clock uncertainties.
Critical Warning (332148): Timing requirements not met
    Info (11105): For recommendations on closing timing, run Report Timing Closure Recommendations in the Timing Analyzer.
Info (332146): Worst-case setup slack is -6.683
    Info (332119):     Slack       End Point TNS Clock 
    Info (332119): ========= =================== =====================
    Info (332119):    -6.683            -448.281 pll25mhz:mi_pll|r_c0 
    Info (332119):    -2.952             -77.048 clk 
Info (332146): Worst-case hold slack is 0.383
    Info (332119):     Slack       End Point TNS Clock 
    Info (332119): ========= =================== =====================
    Info (332119):     0.383               0.000 clk 
    Info (332119):     0.401               0.000 pll25mhz:mi_pll|r_c0 
Info (332140): No Recovery paths to report
Info (332140): No Removal paths to report
Info (332146): Worst-case minimum pulse width slack is -3.000
    Info (332119):     Slack       End Point TNS Clock 
    Info (332119): ========= =================== =====================
    Info (332119):    -3.000             -56.532 clk 
    Info (332119):    -1.487            -212.641 pll25mhz:mi_pll|r_c0 
Info (332114): Report Metastability: Found 1 synchronizer chains.
    Info (332114): Design MTBF is not calculated because the design doesn't meet its timing requirements.
Info: Analyzing Fast 1200mV 0C Model
Info (332123): Deriving Clock Uncertainty. Please refer to report_sdc in the Timing Analyzer to see clock uncertainties.
Critical Warning (332148): Timing requirements not met
    Info (11105): For recommendations on closing timing, run Report Timing Closure Recommendations in the Timing Analyzer.
Info (332146): Worst-case setup slack is -2.618
    Info (332119):     Slack       End Point TNS Clock 
    Info (332119): ========= =================== =====================
    Info (332119):    -2.618            -135.410 pll25mhz:mi_pll|r_c0 
    Info (332119):    -0.821             -17.545 clk 
Info (332146): Worst-case hold slack is 0.179
    Info (332119):     Slack       End Point TNS Clock 
    Info (332119): ========= =================== =====================
    Info (332119):     0.179               0.000 clk 
    Info (332119):     0.187               0.000 pll25mhz:mi_pll|r_c0 
Info (332140): No Recovery paths to report
Info (332140): No Removal paths to report
Info (332146): Worst-case minimum pulse width slack is -3.000
    Info (332119):     Slack       End Point TNS Clock 
    Info (332119): ========= =================== =====================
    Info (332119):    -3.000             -41.365 clk 
    Info (332119):    -1.000            -143.000 pll25mhz:mi_pll|r_c0 
Info (332114): Report Metastability: Found 1 synchronizer chains.
    Info (332114): Design MTBF is not calculated because the design doesn't meet its timing requirements.
Info (332102): Design is not fully constrained for setup requirements
Info (332102): Design is not fully constrained for hold requirements
Info: Quartus Prime Timing Analyzer was successful. 0 errors, 5 warnings
    Info: Peak virtual memory: 472 megabytes
    Info: Processing ended: Mon Jun  1 13:21:24 2026
    Info: Elapsed time: 00:00:01
    Info: Total CPU time (on all processors): 00:00:02


